number,value,datetime_start,datetime_complete,duration,params_gat_heads,params_gat_hidden_0,params_gat_hidden_1,params_gat_hidden_2,params_gat_layers,params_gat_out,params_kan_arity_0_0,params_kan_arity_0_1,params_kan_arity_0_2,params_kan_arity_0_3,params_kan_arity_0_4,params_kan_arity_0_5,params_kan_arity_0_6,params_kan_arity_0_7,params_kan_arity_0_8,params_kan_arity_0_9,params_kan_arity_1_0,params_kan_arity_1_1,params_kan_arity_1_2,params_kan_arity_1_3,params_kan_arity_1_4,params_kan_arity_1_5,params_kan_arity_1_6,params_kan_arity_1_7,params_kan_arity_1_8,params_kan_arity_1_9,params_kan_arity_2_0,params_kan_arity_2_1,params_kan_arity_2_2,params_kan_arity_2_3,params_kan_arity_2_4,params_kan_arity_2_5,params_kan_arity_2_6,params_kan_arity_2_7,params_kan_arity_2_8,params_kan_arity_2_9,params_kan_arity_3_0,params_kan_arity_3_1,params_kan_arity_3_2,params_kan_arity_3_3,params_kan_arity_3_4,params_kan_arity_3_5,params_kan_arity_3_6,params_kan_arity_3_7,params_kan_arity_3_8,params_kan_arity_3_9,params_kan_grid,params_kan_k,params_kan_layer_type_0,params_kan_layer_type_1,params_kan_layer_type_2,params_kan_layer_type_3,params_kan_mult_nodes_0,params_kan_mult_nodes_1,params_kan_mult_nodes_2,params_kan_mult_nodes_3,params_kan_n_layers,params_kan_neurons_0,params_kan_neurons_1,params_kan_neurons_2,params_kan_neurons_3,params_lr,state
0,2174.740723,59:29.1,00:04.9,0 days 00:00:35.732053,4,32,8,8,3,3,,,,,,,,,,,,,,,,,,,,,,,,,,,,,,,,,,,,,,,,,5,8,normal,,,,,,,,1,9,,,,0.000453248,COMPLETE
1,697.6069336,00:04.9,00:39.2,0 days 00:00:34.345188,4,8,,,1,3,,,,,,,,,,,,,,,,,,,,,,,,,,,,,,,,,,,,,,,,,3,8,normal,,,,,,,,1,9,,,,0.00345191,COMPLETE
2,,00:39.2,01:23.7,0 days 00:00:44.448205,1,96,32,128,3,3,8,8,2,,,,,,,,10,4,5,10,8,8,6,5,,,2,7,8,7,2,7,,,,,,,,,,,,,,,5,8,mixed,mixed,mixed,,3,8,6,,3,2,6,3,,0.000130355,FAIL
3,,01:23.7,02:01.1,0 days 00:00:37.437042,1,128,128,64,3,3,10,7,,,,,,,,,5,4,2,,,,,,,,,,,,,,,,,,,,,,,,,,,,6,4,mixed,mixed,,,2,3,,,2,10,5,,,0.000146677,FAIL
4,,02:01.1,02:45.2,0 days 00:00:44.086685,1,16,96,16,3,3,,,,,,,,,,,,,,,,,,,,,7,10,2,9,5,,,,,,9,6,2,3,10,,,,,,6,8,normal,normal,mixed,mixed,,,5,5,4,2,6,10,3,0.000624589,FAIL
5,1983.064575,02:45.2,03:22.5,0 days 00:00:37.259372,1,64,128,96,3,2,,,,,,,,,,,,,,,,,,,,,,,,,,,,,,,,,,,,,,,,,8,6,normal,normal,normal,,,,,,3,4,1,7,,0.00402744,COMPLETE
6,433.8613281,03:22.5,04:01.5,0 days 00:00:39.054500,1,32,16,32,3,2,,,,,,,,,,,2,5,2,2,10,6,8,2,3,4,,,,,,,,,,,,,,,,,,,,,6,3,normal,mixed,normal,,,10,,,3,9,1,8,,0.000478417,COMPLETE
7,,04:01.5,04:42.7,0 days 00:00:41.183915,2,16,128,32,3,5,3,7,7,3,8,3,4,,,,8,6,2,5,8,,,,,,,,,,,,,,,,,,,,,,,,,,3,6,mixed,mixed,,,7,5,,,2,5,8,,,0.000321016,FAIL
8,185.7624207,04:42.7,05:24.6,0 days 00:00:41.859538,2,32,96,,2,5,,,,,,,,,,,,,,,,,,,,,2,,,,,,,,,,9,9,7,,,,,,,,7,7,normal,normal,mixed,mixed,,,1,3,4,10,6,9,7,0.003832389,COMPLETE
9,651.9295654,05:24.6,05:59.1,0 days 00:00:34.507402,3,8,8,,2,5,,,,,,,,,,,,,,,,,,,,,,,,,,,,,,,,,,,,,,,,,7,5,normal,,,,,,,,1,9,,,,0.001938438,COMPLETE
10,,05:59.1,06:43.2,0 days 00:00:44.164527,1,128,32,32,3,5,,,,,,,,,,,3,10,4,3,3,10,10,6,2,2,,,,,,,,,,,4,6,,,,,,,,,5,6,normal,mixed,normal,mixed,,10,,2,4,8,1,3,3,0.005331018,FAIL
11,208.0812836,06:43.3,07:23.9,0 days 00:00:40.664508,4,128,,,1,4,,,,,,,,,,,6,2,5,9,5,10,10,5,5,5,,,,,,,,,,,,,,,,,,,,,7,5,normal,mixed,normal,,,10,,,3,10,7,5,,0.002475407,COMPLETE
12,,07:23.9,08:04.2,0 days 00:00:40.241311,2,32,16,,2,5,2,8,10,6,8,10,9,2,5,,,,,,,,,,,,,,,,,,,,,,,,,,,,,,,,4,6,mixed,normal,,,9,,,,2,1,7,,,0.004071756,FAIL
13,,08:04.2,08:48.6,0 days 00:00:44.388545,1,16,,,1,5,4,10,8,,,,,,,,6,4,10,4,7,10,6,,,,2,4,7,5,7,2,2,7,5,6,,,,,,,,,,,4,5,mixed,mixed,mixed,normal,3,7,10,,4,7,1,9,8,0.000129428,FAIL
14,,08:48.6,09:32.8,0 days 00:00:44.290748,4,32,32,64,3,5,,,,,,,,,,,10,5,4,10,9,7,,,,,10,8,10,6,,,,,,,,,,,,,,,,,3,8,normal,mixed,mixed,normal,,6,4,,4,3,7,2,10,0.008293314,FAIL
15,,09:32.9,10:10.1,0 days 00:00:37.226202,4,128,,,1,4,8,3,10,,,,,,,,2,8,,,,,,,,,5,4,8,,,,,,,,,,,,,,,,,,6,4,mixed,mixed,mixed,,3,2,3,,3,10,8,4,,0.000850789,FAIL
16,,10:10.1,10:51.1,0 days 00:00:41.005371,2,128,64,,2,5,2,10,4,8,5,4,4,6,,,2,5,5,6,9,6,9,4,,,,,,,,,,,,,,,,,,,,,,,6,5,mixed,mixed,normal,,8,8,,,3,10,6,5,,0.001650104,FAIL
17,,10:51.1,11:29.6,0 days 00:00:38.461857,4,64,128,128,3,3,8,9,8,,,,,,,,7,4,7,,,,,,,,,,,,,,,,,,,,,,,,,,,,4,3,mixed,mixed,,,3,3,,,2,7,10,,,0.000360124,FAIL
18,332.5558472,11:29.6,12:05.8,0 days 00:00:36.204382,3,64,,,1,4,,,,,,,,,,,,,,,,,,,,,,,,,,,,,,,,,,,,,,,,,6,6,normal,normal,normal,,,,,,3,10,3,10,,0.002559479,COMPLETE
19,4978.783203,12:05.8,12:40.4,0 days 00:00:34.601280,1,32,8,,2,5,,,,,,,,,,,,,,,,,,,,,,,,,,,,,,,,,,,,,,,,,6,3,normal,normal,normal,,,,,,3,8,4,1,,0.000171452,COMPLETE
20,,12:40.4,13:20.8,0 days 00:00:40.423334,4,96,128,8,3,2,9,9,10,10,4,6,6,,,,,,,,,,,,,,,,,,,,,,,,,,,,,,,,,,8,8,mixed,normal,,,7,,,,2,1,5,,,0.000863907,FAIL
21,,13:20.8,14:03.0,0 days 00:00:42.178395,1,8,96,,2,2,,,,,,,,,,,,,,,,,,,,,2,4,6,6,3,10,4,9,,,10,9,9,2,9,,,,,,3,5,normal,normal,mixed,mixed,,,8,5,4,10,1,9,9,0.006478991,FAIL
22,1014.924011,14:03.0,14:38.9,0 days 00:00:35.971141,2,32,,,1,2,,,,,,,,,,,10,3,5,8,3,6,8,,,,,,,,,,,,,,,,,,,,,,,,5,3,normal,mixed,,,,7,,,2,3,4,,,0.000443559,COMPLETE
23,,14:38.9,15:21.2,0 days 00:00:42.278966,1,32,,,1,2,5,4,6,,,,,,,,,,,,,,,,,,,,,,,,,,,,3,10,8,6,10,6,4,4,7,4,6,6,mixed,normal,normal,mixed,3,,,10,4,8,6,2,10,0.002972055,FAIL
24,1097.376465,15:21.2,15:55.4,0 days 00:00:34.136558,3,16,,,1,2,,,,,,,,,,,,,,,,,,,,,,,,,,,,,,,,,,,,,,,,,5,8,normal,,,,,,,,1,5,,,,0.000578366,COMPLETE
25,325.2989502,15:55.4,16:32.4,0 days 00:00:37.019571,2,128,,,1,3,,,,,,,,,,,4,10,6,8,6,2,6,7,3,9,,,,,,,,,,,,,,,,,,,,,6,3,normal,mixed,,,,10,,,2,2,8,,,0.003879889,COMPLETE
26,2556.484131,16:32.4,17:06.1,0 days 00:00:33.686329,4,8,,,1,3,,,,,,,,,,,,,,,,,,,,,,,,,,,,,,,,,,,,,,,,,5,6,normal,,,,,,,,1,7,,,,0.000107138,COMPLETE
27,,17:06.1,17:48.0,0 days 00:00:41.905860,2,64,,,1,4,10,5,3,10,10,3,,,,,3,2,4,8,3,7,9,5,,,3,7,3,4,2,10,,,,,,,,,,,,,,,5,3,mixed,mixed,mixed,normal,6,8,6,,4,3,7,3,2,0.000542806,FAIL
28,1875.296265,17:48.0,18:23.1,0 days 00:00:35.133660,2,96,16,96,3,5,,,,,,,,,,,,,,,,,,,,,,,,,,,,,,,,,,,,,,,,,8,3,normal,normal,normal,,,,,,3,1,4,8,,0.00637022,COMPLETE
29,359.1979065,18:23.1,18:57.0,0 days 00:00:33.847797,2,16,8,8,3,2,,,,,,,,,,,,,,,,,,,,,,,,,,,,,,,,,,,,,,,,,5,3,normal,,,,,,,,1,9,,,,0.00658124,COMPLETE
30,,18:57.0,19:37.8,0 days 00:00:40.861811,1,128,,,1,2,,,,,,,,,,,9,7,7,10,4,6,7,8,7,,,,,,,,,,,,10,7,5,4,2,,,,,,3,3,normal,mixed,normal,mixed,,9,,5,4,7,5,10,2,0.000473797,FAIL
31,,19:37.8,20:16.0,0 days 00:00:38.137468,4,16,128,,2,2,8,2,10,9,5,3,9,5,,,,,,,,,,,,,,,,,,,,,,,,,,,,,,,,,5,6,mixed,,,,8,,,,1,8,,,,0.004845005,FAIL
32,4449.696777,20:16.0,20:52.3,0 days 00:00:36.291835,4,96,,,1,3,,,,,,,,,,,,,,,,,,,,,,,,,,,,,,,,,,,,,,,,,7,8,normal,normal,,,,,,,2,5,1,,,0.000318281,COMPLETE
33,,20:52.3,21:28.9,0 days 00:00:36.662482,2,8,,,1,4,8,3,4,7,2,3,4,2,6,10,,,,,,,,,,,,,,,,,,,,,,,,,,,,,,,6,5,mixed,,,,10,,,,1,10,,,,0.000590947,FAIL
34,2501096,21:28.9,22:02.2,0 days 00:00:33.232278,4,64,,,1,2,5,,,,,,,,,,,,,,,,,,,,,,,,,,,,,,,,,,,,,,,,7,3,mixed,,,,1,,,,1,10,,,,0.000215577,COMPLETE
35,,22:02.2,22:46.4,0 days 00:00:44.245694,3,16,64,16,3,4,5,8,4,7,10,10,4,,,,5,3,7,2,9,8,7,3,8,,,,,,,,,,,,4,7,8,,,,,,,,8,6,mixed,mixed,normal,mixed,7,9,,3,4,10,7,8,6,0.003349457,FAIL
36,572.5258789,22:46.4,23:20.3,0 days 00:00:33.844179,3,96,,,1,4,6,9,3,2,3,,,,,,,,,,,,,,,,,,,,,,,,,,,,,,,,,,,,8,3,mixed,,,,5,,,,1,7,,,,0.001261305,COMPLETE
37,801.3681641,23:20.3,23:54.3,0 days 00:00:34.008614,1,16,,,1,2,,,,,,,,,,,,,,,,,,,,,,,,,,,,,,,,,,,,,,,,,5,8,normal,,,,,,,,1,5,,,,0.001695454,COMPLETE
38,,23:54.3,24:30.9,0 days 00:00:36.606153,2,8,32,,2,2,6,,,,,,,,,,,,,,,,,,,,,,,,,,,,,,,,,,,,,,,,5,8,mixed,normal,,,1,,,,2,1,7,,,0.000183638,FAIL
39,3869.480225,24:30.9,25:05.0,0 days 00:00:34.139037,1,8,64,96,3,4,,,,,,,,,,,,,,,,,,,,,,,,,,,,,,,,,,,,,,,,,8,5,normal,,,,,,,,1,10,,,,0.000332317,COMPLETE
40,,25:05.0,25:44.7,0 days 00:00:39.617281,2,64,8,8,3,5,,,,,,,,,,,5,9,10,9,7,6,,,,,,,,,,,,,,,,,,,,,,,,,8,8,normal,mixed,,,,6,,,2,2,2,,,0.000215478,FAIL
41,658.71875,25:44.7,26:18.2,0 days 00:00:33.552910,3,32,,,1,5,,,,,,,,,,,,,,,,,,,,,,,,,,,,,,,,,,,,,,,,,8,6,normal,,,,,,,,1,6,,,,0.003611582,COMPLETE
42,3851.478516,26:18.2,26:52.7,0 days 00:00:34.462818,1,8,16,,2,3,,,,,,,,,,,5,7,4,,,,,,,,,,,,,,,,,,,,,,,,,,,,8,3,normal,mixed,,,,3,,,2,1,10,,,0.000387075,COMPLETE
43,3413.121338,26:52.7,27:32.2,0 days 00:00:39.472963,2,128,64,8,3,3,,,,,,,,,,,8,9,8,5,9,4,10,8,4,,,,,,,,,,,,,,,,,,,,,,8,5,normal,mixed,,,,9,,,2,6,9,,,0.000142167,COMPLETE
44,371.915741,27:32.2,28:10.4,0 days 00:00:38.253433,4,128,,,1,2,,,,,,,,,,,9,2,6,8,6,5,10,,,,,,,,,,,,,,,,,,,,,,,,7,5,normal,mixed,normal,,,7,,,3,6,9,6,,0.000939174,COMPLETE
45,178.9957123,28:10.4,28:47.2,0 days 00:00:36.833554,4,96,16,32,3,5,,,,,,,,,,,10,3,,,,,,,,,,,,,,,,,,,,,,,,,,,,,5,6,normal,mixed,,,,2,,,2,5,4,,,0.005759053,COMPLETE
46,,28:47.2,29:27.4,0 days 00:00:40.186777,2,8,8,64,3,2,,,,,,,,,,,7,9,6,6,9,5,9,8,,,5,6,,,,,,,,,,,,,,,,,,,6,3,normal,mixed,mixed,normal,,8,2,,4,10,9,5,9,0.000177677,FAIL
47,,29:27.4,30:09.9,0 days 00:00:42.473627,2,32,,,1,4,3,4,4,8,7,10,2,,,,2,,,,,,,,,,2,7,9,,,,,,,,4,6,5,4,2,9,,,,,6,6,mixed,mixed,mixed,mixed,7,1,3,6,4,6,8,8,10,0.000725865,FAIL
48,2535.244873,30:09.9,30:47.9,0 days 00:00:38.006569,4,32,8,96,3,5,,,,,,,,,,,4,10,9,6,10,6,,,,,,,,,,,,,,,,,,,,,,,,,7,5,normal,mixed,,,,6,,,2,4,5,,,0.000429483,COMPLETE
49,972.5742798,30:47.9,31:22.0,0 days 00:00:34.028737,2,128,64,16,3,2,,,,,,,,,,,,,,,,,,,,,,,,,,,,,,,,,,,,,,,,,4,4,normal,,,,,,,,1,8,,,,0.000938106,COMPLETE
50,,31:22.0,32:05.3,0 days 00:00:43.370162,4,64,16,,2,3,,,,,,,,,,,6,9,7,,,,,,,,8,10,9,3,3,4,4,7,9,8,,,,,,,,,,,6,8,normal,mixed,mixed,,,3,10,,3,8,8,1,,0.001454027,FAIL
51,302.1439819,32:05.3,32:40.4,0 days 00:00:35.057581,2,128,,,1,4,,,,,,,,,,,,,,,,,,,,,,,,,,,,,,,,,,,,,,,,,6,5,normal,normal,normal,,,,,,3,9,4,5,,0.007008066,COMPLETE
52,4582.217285,32:40.4,33:16.8,0 days 00:00:36.370141,2,32,,,1,4,,,,,,,,,,,8,10,7,6,,,,,,,,,,,,,,,,,,,,,,,,,,,7,4,normal,mixed,normal,,,4,,,3,6,6,1,,0.000736168,COMPLETE
53,1294106.75,33:16.8,33:52.3,0 days 00:00:35.564381,3,8,,,1,2,6,9,10,9,,,,,,,,,,,,,,,,,,,,,,,,,,,,,,,,,,,,,5,4,mixed,normal,,,4,,,,2,9,8,,,0.000280459,COMPLETE
54,4912.148438,33:52.3,34:26.5,0 days 00:00:34.163880,1,32,64,,2,4,,,,,,,,,,,,,,,,,,,,,,,,,,,,,,,,,,,,,,,,,3,4,normal,normal,,,,,,,2,1,5,,,0.000295258,COMPLETE
55,5131.12793,34:26.5,35:01.3,0 days 00:00:34.798607,1,8,96,96,3,3,3,,,,,,,,,,,,,,,,,,,,,,,,,,,,,,,,,,,,,,,,4,4,mixed,normal,,,1,,,,2,5,5,,,0.000139281,COMPLETE
56,,35:01.3,35:44.8,0 days 00:00:43.521912,4,96,128,96,3,4,7,6,7,10,,,,,,,,,,,,,,,,,9,5,2,9,4,2,3,4,6,,,,,,,,,,,,5,7,mixed,normal,mixed,,4,,9,,3,7,2,3,,0.000236206,FAIL
57,598.6851807,35:44.8,36:20.0,0 days 00:00:35.198219,2,8,,,1,5,,,,,,,,,,,,,,,,,,,,,,,,,,,,,,,,,,,,,,,,,5,7,normal,normal,,,,,,,2,10,7,,,0.002344287,COMPLETE
58,,36:20.0,37:02.6,0 days 00:00:42.542421,3,32,32,32,3,3,4,7,3,6,5,7,10,4,9,,5,3,7,7,3,8,5,10,,,,,,,,,,,,,,,,,,,,,,,4,7,mixed,mixed,,,9,8,,,2,7,2,,,0.000119462,FAIL
59,434.3604431,37:02.6,37:36.5,0 days 00:00:33.935612,2,96,,,1,3,3,,,,,,,,,,,,,,,,,,,,,,,,,,,,,,,,,,,,,,,,5,4,mixed,normal,,,1,,,,2,5,3,,,0.00710002,COMPLETE
60,,37:36.5,38:18.6,0 days 00:00:42.074801,3,96,16,16,3,4,6,8,7,5,6,4,10,2,7,,2,,,,,,,,,,2,6,3,2,10,2,10,2,3,6,,,,,,,,,,,5,4,mixed,mixed,mixed,,9,1,10,,3,5,8,5,,0.000190067,FAIL
61,,38:18.6,38:57.4,0 days 00:00:38.856772,3,16,96,,2,2,2,4,9,2,7,6,,,,,6,5,10,7,,,,,,,,,,,,,,,,,,,,,,,,,,,7,6,mixed,mixed,,,6,4,,,2,3,9,,,0.000415187,FAIL
62,314.660553,38:57.4,39:40.5,0 days 00:00:43.033995,3,16,16,128,3,2,,,,,,,,,,,2,7,8,2,8,5,8,2,,,,,,,,,,,,,,,,,,,,,,,5,8,normal,mixed,normal,normal,,8,,,4,1,5,2,4,0.006506528,COMPLETE
63,,39:40.5,40:19.1,0 days 00:00:38.639612,4,32,96,64,3,5,3,2,10,10,8,9,2,,,,6,,,,,,,,,,,,,,,,,,,,,,,,,,,,,,4,5,mixed,mixed,,,7,1,,,2,1,6,,,0.000280432,FAIL
64,,40:19.1,40:57.2,0 days 00:00:38.079404,1,64,8,,2,4,7,4,10,5,9,7,6,9,10,9,,,,,,,,,,,,,,,,,,,,,,,,,,,,,,,3,5,mixed,,,,10,,,,1,8,,,,0.000815691,FAIL
65,,40:57.2,41:38.8,0 days 00:00:41.616822,2,16,32,,2,5,,,,,,,,,,,7,,,,,,,,,,10,2,10,8,6,4,10,2,,,,,,,,,,,,,4,8,normal,mixed,mixed,,,1,8,,3,4,2,1,,0.003011095,FAIL
66,919.4593506,41:38.8,42:13.5,0 days 00:00:34.703138,4,96,64,16,3,5,,,,,,,,,,,,,,,,,,,,,,,,,,,,,,,,,,,,,,,,,5,5,normal,,,,,,,,1,3,,,,0.001061259,COMPLETE
67,,42:13.5,42:57.5,0 days 00:00:43.961512,2,32,8,,2,3,,,,,,,,,,,10,9,7,8,8,10,2,6,5,,2,2,10,4,6,5,10,2,7,,,,,,,,,,,,6,8,normal,mixed,mixed,,,9,9,,3,9,10,3,,0.003392916,FAIL
68,611.2297974,42:57.5,43:33.8,0 days 00:00:36.275963,1,64,128,32,3,2,,,,,,,,,,,,,,,,,,,,,,,,,,,,,,,,,,,,,,,,,7,7,normal,normal,,,,,,,2,6,8,,,0.002915411,COMPLETE
69,434.1033325,43:33.8,44:10.9,0 days 00:00:37.088517,1,128,96,32,3,5,,,,,,,,,,,2,8,,,,,,,,,,,,,,,,,,,7,2,,,,,,,,,6,3,normal,mixed,normal,mixed,,2,,2,4,1,8,5,9,0.001881177,COMPLETE
70,4976.94043,44:10.9,44:43.4,0 days 00:00:32.576776,2,8,,,1,3,,,,,,,,,,,,,,,,,,,,,,,,,,,,,,,,,,,,,,,,,7,3,normal,,,,,,,,1,1,,,,0.000513351,COMPLETE
71,482.7716064,44:43.4,45:24.0,0 days 00:00:40.599544,4,64,8,,2,3,,,,,,,,,,,,,,,,,,,,,10,6,5,10,3,2,6,7,7,,8,5,8,8,,,,,,,8,3,normal,normal,mixed,mixed,,,9,4,4,5,8,6,4,0.001243479,COMPLETE
72,,45:24.1,46:05.1,0 days 00:00:41.055942,3,64,8,,2,4,,,,,,,,,,,,,,,,,,,,,3,6,6,2,,,,,,,8,2,5,2,,,,,,,7,7,normal,normal,mixed,mixed,,,4,4,4,8,3,8,3,0.001568528,FAIL
73,,46:05.1,46:42.0,0 days 00:00:36.846489,4,8,8,96,3,4,,,,,,,,,,,9,2,9,,,,,,,,,,,,,,,,,,,,,,,,,,,,5,5,normal,mixed,,,,3,,,2,2,7,,,0.006011041,FAIL
74,4594.54834,46:42.0,47:21.9,0 days 00:00:39.982539,4,32,8,64,3,3,,,,,,,,,,,,,,,,,,,,,9,,,,,,,,,,,,,,,,,,,,6,7,normal,normal,mixed,normal,,,1,,4,10,10,2,6,0.000193961,COMPLETE
75,216.0838776,47:21.9,47:57.4,0 days 00:00:35.405311,2,32,32,16,3,5,,,,,,,,,,,,,,,,,,,,,,,,,,,,,,,,,,,,,,,,,4,5,normal,normal,,,,,,,2,5,9,,,0.008697651,COMPLETE
76,,47:57.4,48:43.8,0 days 00:00:46.495862,4,128,64,,2,2,,,,,,,,,,,5,3,10,8,5,3,7,10,8,5,5,3,9,10,5,5,,,,,2,10,5,4,3,5,8,3,10,,3,7,normal,mixed,mixed,mixed,,10,6,9,4,5,5,1,10,0.000100565,FAIL
77,4626.949707,48:43.9,49:22.7,0 days 00:00:38.839005,3,16,16,,2,4,,,,,,,,,,,,,,,,,,,,,7,3,6,4,6,8,2,10,4,5,,,,,,,,,,,7,3,normal,normal,mixed,normal,,,10,,4,4,1,10,2,0.00154877,COMPLETE
78,,49:22.7,50:01.4,0 days 00:00:38.699261,3,96,32,128,3,2,4,6,8,,,,,,,,,,,,,,,,,,,,,,,,,,,,,,,,,,,,,,8,6,mixed,normal,normal,,3,,,,3,5,8,6,,0.000364755,FAIL
79,,50:01.4,50:41.3,0 days 00:00:39.866087,1,16,8,128,3,4,3,8,9,2,2,,,,,,8,,,,,,,,,,10,,,,,,,,,,8,10,,,,,,,,,7,3,mixed,mixed,mixed,mixed,5,1,1,2,4,7,1,5,10,0.001508996,FAIL
80,,50:41.3,51:18.5,0 days 00:00:37.199610,1,64,8,,2,4,7,8,9,2,9,7,,,,,,,,,,,,,,,,,,,,,,,,,,,,,,,,,,,4,8,mixed,,,,6,,,,1,7,,,,0.003812986,FAIL
81,,51:18.5,51:57.3,0 days 00:00:38.810297,4,8,128,,2,4,4,6,10,8,2,5,8,8,2,5,,,,,,,,,,,,,,,,,,,,,,,,,,,,,,,7,8,mixed,,,,10,,,,1,6,,,,0.002660515,FAIL
82,2562.394043,51:57.3,52:34.0,0 days 00:00:36.688804,1,128,96,,2,4,,,,,,,,,,,,,,,,,,,,,,,,,,,,,,,,,,,,,,,,,4,6,normal,normal,normal,,,,,,3,7,5,3,,0.000441484,COMPLETE
83,,52:34.0,53:16.2,0 days 00:00:42.240544,2,32,,,1,4,,,,,,,,,,,4,3,,,,,,,,,8,8,2,3,4,5,3,,,,,,,,,,,,,,8,8,normal,mixed,mixed,normal,,2,7,,4,5,1,8,6,0.00886379,FAIL
84,,53:16.2,54:00.5,0 days 00:00:44.243900,4,32,32,,2,2,4,,,,,,,,,,2,10,2,7,7,8,9,10,,,5,6,5,3,4,7,3,2,3,5,,,,,,,,,,,6,6,mixed,mixed,mixed,normal,1,8,10,,4,4,1,10,9,0.007829394,FAIL
85,,54:00.5,54:43.4,0 days 00:00:42.885173,3,16,8,8,3,3,8,2,3,7,6,5,6,5,8,,4,9,2,7,9,2,9,7,3,7,,,,,,,,,,,,,,,,,,,,,6,6,mixed,mixed,,,9,10,,,2,3,5,,,0.000348332,FAIL
86,,54:43.4,55:28.4,0 days 00:00:45.078397,3,96,16,16,3,3,3,10,9,,,,,,,,8,3,,,,,,,,,8,9,9,7,8,,,,,,4,5,9,10,5,,,,,,8,7,mixed,mixed,mixed,mixed,3,2,5,5,4,10,9,9,1,0.001813525,FAIL
87,,55:28.4,56:12.5,0 days 00:00:44.058186,4,128,8,,2,2,10,5,4,3,9,6,4,10,6,,6,4,4,10,2,7,3,3,5,,,,,,,,,,,,,,,,,,,,,,7,7,mixed,mixed,normal,,9,9,,,3,3,10,10,,0.0006345,FAIL
88,,56:12.5,56:54.4,0 days 00:00:41.860970,1,96,,,1,2,2,,,,,,,,,,4,3,2,3,2,2,4,3,,,,,,,,,,,,,6,5,,,,,,,,,5,8,mixed,mixed,normal,mixed,1,8,,2,4,6,7,9,6,0.000139168,FAIL
89,,56:54.4,57:38.4,0 days 00:00:44.020206,4,32,8,,2,3,9,6,10,10,,,,,,,8,10,4,4,10,4,8,2,2,6,2,7,8,7,3,,,,,,,,,,,,,,,,7,7,mixed,mixed,mixed,,4,10,5,,3,2,7,8,,0.000239832,FAIL
90,,57:38.4,58:14.1,0 days 00:00:35.752072,3,8,,,1,2,4,2,10,,,,,,,,,,,,,,,,,,,,,,,,,,,,,,,,,,,,,,7,5,mixed,normal,,,3,,,,2,6,1,,,0.000124056,FAIL
91,,58:14.1,58:53.3,0 days 00:00:39.147899,2,128,8,,2,4,,,,,,,,,,,3,7,9,8,10,4,5,6,3,,,,,,,,,,,,,,,,,,,,,,7,6,normal,mixed,,,,9,,,2,8,9,,,0.0002374,FAIL
92,4906.474609,58:53.3,59:31.2,0 days 00:00:37.935580,4,16,128,,2,5,,,,,,,,,,,,,,,,,,,,,2,4,,,,,,,,,5,6,3,,,,,,,,3,4,normal,normal,mixed,mixed,,,2,3,4,9,8,3,9,0.000113291,COMPLETE
93,522.2373657,59:31.2,00:08.2,0 days 00:00:37.019545,2,128,,,1,3,5,5,4,10,8,,,,,,,,,,,,,,,,,,,,,,,,,,,,,,,,,,,,4,3,mixed,normal,normal,normal,5,,,,4,5,6,6,5,0.00706531,COMPLETE
94,1990.95166,00:08.3,00:47.5,0 days 00:00:39.201165,2,128,,,1,5,,,,,,,,,,,6,5,6,5,,,,,,,,,,,,,,,,,,,,,,,,,,,4,8,normal,mixed,normal,,,4,,,3,9,1,2,,0.000130151,COMPLETE
95,,00:47.5,01:27.2,0 days 00:00:39.728612,2,16,,,1,3,10,6,9,,,,,,,,4,4,8,5,8,10,4,9,9,,,,,,,,,,,,,,,,,,,,,,6,3,mixed,mixed,normal,,3,9,,,3,5,3,6,,0.000187837,FAIL
96,313.4208984,01:27.2,02:02.9,0 days 00:00:35.674240,3,64,16,32,3,2,,,,,,,,,,,,,,,,,,,,,,,,,,,,,,,,,,,,,,,,,6,8,normal,,,,,,,,1,7,,,,0.005627514,COMPLETE
97,227.6394043,02:02.9,02:41.4,0 days 00:00:38.551258,1,32,,,1,3,,,,,,,,,,,,,,,,,,,,,9,,,,,,,,,,,,,,,,,,,,4,8,normal,normal,mixed,,,,1,,3,8,9,7,,0.007781823,COMPLETE
98,240.074295,02:41.4,03:18.1,0 days 00:00:36.672971,2,128,128,,2,3,,,,,,,,,,,,,,,,,,,,,,,,,,,,,,,,,,,,,,,,,4,4,normal,normal,normal,normal,,,,,4,9,8,8,8,0.002905479,COMPLETE
99,,03:18.1,04:02.3,0 days 00:00:44.176292,4,128,,,1,5,9,8,5,10,5,,,,,,4,7,10,3,9,10,6,,,,2,4,6,4,2,4,7,9,3,5,,,,,,,,,,,3,5,mixed,mixed,mixed,,5,7,10,,3,10,8,6,,0.003135492,FAIL
100,,04:02.3,04:37.7,0 days 00:00:35.465289,3,128,64,,2,3,8,6,,,,,,,,,8,,,,,,,,,,,,,,,,,,,,,,,,,,,,,,6,3,mixed,mixed,,,2,1,,,2,3,3,,,0.001152949,FAIL
101,,04:37.7,05:19.1,0 days 00:00:41.331050,1,96,16,,2,4,4,6,,,,,,,,,6,,,,,,,,,,,,,,,,,,,,8,9,4,10,,,,,,,5,6,mixed,mixed,normal,mixed,2,1,,4,4,3,4,8,1,0.009914339,FAIL
102,4858.446777,05:19.1,05:59.2,0 days 00:00:40.102511,2,128,64,64,3,2,,,,,,,,,,,10,6,6,5,3,7,8,7,,,,,,,,,,,,,,,,,,,,,,,7,5,normal,mixed,normal,,,8,,,3,2,10,6,,0.000123645,COMPLETE
103,217.2093658,05:59.2,06:36.9,0 days 00:00:37.752331,4,96,,,1,5,,,,,,,,,,,9,3,6,4,5,6,3,10,,,,,,,,,,,,,,,,,,,,,,,7,5,normal,mixed,,,,8,,,2,10,2,,,0.002078758,COMPLETE
104,,06:36.9,07:15.7,0 days 00:00:38.791706,1,16,16,,2,2,9,9,8,,,,,,,,,,,,,,,,,,7,9,,,,,,,,,,,,,,,,,,,5,5,mixed,normal,mixed,,3,,2,,3,6,9,1,,0.000304802,FAIL
105,,07:15.7,07:57.5,0 days 00:00:41.750841,1,32,16,96,3,5,,,,,,,,,,,2,8,7,5,4,,,,,,4,4,10,8,2,,,,,,,,,,,,,,,,5,7,normal,mixed,mixed,,,5,5,,3,3,10,3,,0.003382236,FAIL
106,1159.897705,07:57.5,08:41.5,0 days 00:00:43.980513,2,64,128,32,3,3,,,,,,,,,,,,,,,,,,,,,,,,,,,,,,,4,10,3,8,10,8,7,6,8,,8,7,normal,normal,normal,mixed,,,,9,4,4,4,8,10,0.000170261,COMPLETE
107,,08:41.5,09:21.0,0 days 00:00:39.559775,2,96,,,1,5,5,10,4,9,2,2,,,,,5,3,9,9,,,,,,,,,,,,,,,,,,,,,,,,,,,5,7,mixed,mixed,,,6,4,,,2,5,5,,,0.000196734,FAIL
108,581.803894,09:21.0,09:58.1,0 days 00:00:37.022564,1,16,,,1,3,,,,,,,,,,,,,,,,,,,,,7,6,4,2,,,,,,,,,,,,,,,,,3,5,normal,normal,mixed,,,,4,,3,1,6,7,,0.001451014,COMPLETE
109,1615.316406,09:58.1,10:31.6,0 days 00:00:33.507547,2,32,,,1,5,,,,,,,,,,,,,,,,,,,,,,,,,,,,,,,,,,,,,,,,,6,3,normal,normal,,,,,,,2,1,10,,,0.005240735,COMPLETE
110,,10:31.6,11:11.8,0 days 00:00:40.181418,4,128,64,,2,4,,,,,,,,,,,2,2,4,9,9,,,,,,10,4,6,2,4,2,4,7,,,,,,,,,,,,,8,3,normal,mixed,mixed,normal,,5,8,,4,9,9,7,1,0.001707087,FAIL
111,4956.339844,11:11.8,11:49.3,0 days 00:00:37.529041,1,128,128,,2,5,10,3,4,9,7,5,,,,,,,,,,,,,,,,,,,,,,,,,,,,,,,,,,,5,3,mixed,normal,normal,,6,,,,3,6,7,2,,0.000144687,COMPLETE
112,,11:49.3,12:30.6,0 days 00:00:41.293280,3,64,,,1,2,10,9,3,5,8,9,8,2,,,2,6,5,10,6,2,10,2,,,,,,,,,,,,,,,,,,,,,,,5,6,mixed,mixed,,,8,8,,,2,9,10,,,0.004518516,FAIL
113,532.6508789,12:30.6,13:08.2,0 days 00:00:37.662536,3,64,64,,2,5,,,,,,,,,,,,,,,,,,,,,10,,,,,,,,,,,,,,,,,,,,5,6,normal,normal,mixed,,,,1,,3,5,1,3,,0.000993193,COMPLETE
114,53031.44922,13:08.2,13:45.6,0 days 00:00:37.322719,4,16,,,1,2,10,8,3,6,9,9,,,,,,,,,,,,,,,,,,,,,,,,,,,,,,,,,,,5,4,mixed,normal,,,6,,,,2,8,6,,,0.000191816,COMPLETE
115,,13:45.6,14:30.8,0 days 00:00:45.235857,3,64,16,64,3,4,10,8,4,5,,,,,,,,,,,,,,,,,,,,,,,,,,,8,10,3,10,,,,,,,3,8,mixed,normal,normal,mixed,4,,,4,4,3,5,9,7,0.000108518,FAIL
116,,14:30.8,15:10.7,0 days 00:00:39.875286,1,8,,,1,4,6,7,7,7,5,5,5,5,,,,,,,,,,,,,8,4,,,,,,,,,2,,,,,,,,,,8,3,mixed,normal,mixed,mixed,8,,2,1,4,7,8,3,10,0.000136942,FAIL
117,4221.612305,15:10.7,15:44.8,0 days 00:00:34.130393,1,32,128,,2,5,,,,,,,,,,,,,,,,,,,,,,,,,,,,,,,,,,,,,,,,,3,4,normal,,,,,,,,1,10,,,,0.000108547,COMPLETE
118,,15:44.8,16:27.8,0 days 00:00:43.024357,4,32,,,1,4,9,2,9,,,,,,,,6,10,,,,,,,,,,,,,,,,,,,4,2,5,2,4,8,2,,,,4,6,mixed,mixed,normal,mixed,3,2,,7,4,7,3,1,3,0.007115381,FAIL
119,3190.005127,16:27.9,17:02.5,0 days 00:00:34.665310,2,128,128,,2,3,,,,,,,,,,,,,,,,,,,,,,,,,,,,,,,,,,,,,,,,,8,5,normal,,,,,,,,1,3,,,,0.000340046,COMPLETE
120,,17:02.5,17:45.6,0 days 00:00:43.106819,2,32,32,,2,4,,,,,,,,,,,6,7,3,5,2,,,,,,5,2,7,6,2,7,10,9,4,2,,,,,,,,,,,6,6,normal,mixed,mixed,,,5,10,,3,3,7,9,,0.003319983,FAIL
121,326.7610474,17:45.6,18:21.0,0 days 00:00:35.327764,3,32,,,1,4,,,,,,,,,,,8,,,,,,,,,,,,,,,,,,,,,,,,,,,,,,6,4,normal,mixed,,,,1,,,2,7,5,,,0.00810463,COMPLETE
122,1914.106079,18:21.0,18:59.3,0 days 00:00:38.344511,2,32,8,128,3,4,,,,,,,,,,,,,,,,,,,,,6,3,,,,,,,,,,,,,,,,,,,7,5,normal,normal,mixed,,,,2,,3,8,9,10,,0.000522914,COMPLETE
123,,18:59.3,19:48.6,0 days 00:00:49.304348,3,64,8,16,3,5,2,3,7,10,10,2,2,7,,,8,5,6,5,4,7,9,3,,,2,,,,,,,,,,8,10,10,9,7,3,4,8,7,,5,7,mixed,mixed,mixed,mixed,8,8,1,9,4,4,1,9,9,0.008598163,FAIL
124,4928.44043,19:48.6,20:34.1,0 days 00:00:45.519735,4,128,96,,2,3,,,,,,,,,,,3,,,,,,,,,,10,10,10,3,10,3,10,7,,,,,,,,,,,,,5,8,normal,mixed,mixed,normal,,1,8,,4,5,4,6,2,0.000167718,COMPLETE
125,295841.25,20:34.1,21:12.0,0 days 00:00:37.910832,2,96,64,96,3,5,6,4,6,2,5,8,8,4,2,9,,,,,,,,,,,,,,,,,,,,,,,,,,,,,,,4,3,mixed,,,,10,,,,1,1,,,,0.001728505,COMPLETE
126,4976.94043,21:12.1,21:48.9,0 days 00:00:36.862402,3,32,16,,2,2,10,10,7,7,,,,,,,,,,,,,,,,,,,,,,,,,,,,,,,,,,,,,3,3,mixed,normal,,,4,,,,2,2,4,,,0.005564106,COMPLETE
127,617.2139893,21:48.9,22:22.1,0 days 00:00:33.154215,4,16,,,1,4,,,,,,,,,,,,,,,,,,,,,,,,,,,,,,,,,,,,,,,,,6,3,normal,,,,,,,,1,5,,,,0.001812264,COMPLETE
128,,22:22.1,23:01.3,0 days 00:00:39.262111,1,128,,,1,4,10,4,10,5,5,,,,,,5,,,,,,,,,,9,2,,,,,,,,,,,,,,,,,,,3,3,mixed,mixed,mixed,normal,5,1,2,,4,9,2,4,1,0.002232908,FAIL
129,6.74E+17,23:01.3,23:38.0,0 days 00:00:36.664147,1,128,8,,2,2,6,9,6,,,,,,,,,,,,,,,,,,,,,,,,,,,,,,,,,,,,,,7,3,mixed,normal,,,3,,,,2,5,9,,,0.000184316,COMPLETE
130,5.31E+18,23:38.0,24:14.7,0 days 00:00:36.717583,3,32,128,,2,2,,,,,,,,,,,4,,,,,,,,,,3,4,5,,,,,,,,,,,,,,,,,,6,3,normal,mixed,mixed,,,1,3,,3,6,7,9,,0.002025461,COMPLETE
131,342.2804565,24:14.7,24:52.2,0 days 00:00:37.512814,2,96,128,32,3,4,,,,,,,,,,,,,,,,,,,,,,,,,,,,,,,,,,,,,,,,,4,7,normal,normal,,,,,,,2,2,7,,,0.009258202,COMPLETE
132,,24:52.2,25:34.0,0 days 00:00:41.805485,1,32,16,128,3,3,10,3,7,4,6,8,5,2,8,,9,2,6,6,4,2,,,,,,,,,,,,,,,,,,,,,,,,,8,5,mixed,mixed,,,9,6,,,2,5,1,,,0.007040535,FAIL
133,,25:34.1,26:11.5,0 days 00:00:37.498867,4,8,,,1,4,,,,,,,,,,,5,,,,,,,,,,,,,,,,,,,,4,8,5,3,,,,,,,8,3,normal,mixed,normal,mixed,,1,,4,4,5,2,3,3,0.000119744,FAIL
134,494.0976868,26:11.6,26:53.3,0 days 00:00:41.759849,4,64,64,32,3,4,,,,,,,,,,,6,2,3,5,3,5,,,,,,,,,,,,,,,,,,,,,,,,,6,8,normal,mixed,normal,,,6,,,3,4,4,9,,0.00500929,COMPLETE
135,,26:53.3,27:38.1,0 days 00:00:44.767961,2,8,8,,2,3,5,6,10,6,9,9,6,10,3,,,,,,,,,,,,2,9,5,,,,,,,,,,,,,,,,,,8,8,mixed,normal,mixed,normal,9,,3,,4,8,2,1,6,0.002043416,FAIL
136,,27:38.1,28:22.0,0 days 00:00:43.913318,2,8,64,128,3,3,,,,,,,,,,,7,3,7,9,10,,,,,,5,7,5,,,,,,,,,,,,,,,,,,6,8,normal,mixed,mixed,,,5,3,,3,6,2,7,,0.002226722,FAIL
137,2240.650391,28:22.0,29:00.1,0 days 00:00:38.098233,4,16,32,,2,2,2,3,3,9,8,8,,,,,,,,,,,,,,,,,,,,,,,,,,,,,,,,,,,3,4,mixed,normal,,,6,,,,2,5,7,,,0.000196885,COMPLETE
138,363.7784119,29:00.1,29:37.5,0 days 00:00:37.413884,4,128,,,1,2,,,,,,,,,,,,,,,,,,,,,,,,,,,,,,,,,,,,,,,,,4,8,normal,normal,,,,,,,2,7,8,,,0.008633236,COMPLETE
139,,29:37.5,30:19.6,0 days 00:00:42.085565,3,8,16,,2,5,,,,,,,,,,,2,7,8,9,,,,,,,3,3,3,2,2,9,2,,,,,,,,,,,,,,5,5,normal,mixed,mixed,normal,,4,7,,4,8,7,10,2,0.001422764,FAIL
140,4893.129883,30:19.6,31:00.3,0 days 00:00:40.670756,2,128,,,1,3,,,,,,,,,,,,,,,,,,,,,3,4,4,7,2,4,9,3,6,10,,,,,,,,,,,7,6,normal,normal,mixed,,,,10,,3,3,3,1,,0.000302495,COMPLETE
141,1045.110596,31:00.3,31:35.3,0 days 00:00:34.979778,3,8,,,1,5,,,,,,,,,,,,,,,,,,,,,,,,,,,,,,,,,,,,,,,,,7,7,normal,,,,,,,,1,1,,,,0.001293906,COMPLETE
142,,31:35.3,32:16.5,0 days 00:00:41.240799,2,16,32,128,3,3,,,,,,,,,,,8,2,8,7,,,,,,,4,2,3,9,2,4,4,9,,,,,,,,,,,,,3,3,normal,mixed,mixed,normal,,4,8,,4,6,8,9,5,0.000300092,FAIL
143,,32:16.5,33:02.1,0 days 00:00:45.590449,1,96,16,64,3,5,7,5,7,9,5,5,2,10,2,5,,,,,,,,,,,,,,,,,,,,,9,9,4,10,2,6,,,,,7,7,mixed,normal,normal,mixed,10,,,6,4,9,1,6,9,0.000978753,FAIL
144,4949.643555,33:02.1,33:46.0,0 days 00:00:43.865586,4,32,64,32,3,3,,,,,,,,,,,5,3,9,8,3,3,,,,,,,,,,,,,,,9,9,4,7,,,,,,,6,6,normal,mixed,normal,mixed,,6,,4,4,1,9,1,6,0.000107434,COMPLETE
145,,33:46.0,34:28.8,0 days 00:00:42.816507,1,16,16,16,3,4,7,3,9,4,5,,,,,,,,,,,,,,,,3,9,,,,,,,,,,,,,,,,,,,4,8,mixed,normal,mixed,,5,,2,,3,8,5,5,,0.00031485,FAIL
146,1574.734497,34:28.8,35:03.2,0 days 00:00:34.433827,4,96,,,1,5,4,,,,,,,,,,,,,,,,,,,,,,,,,,,,,,,,,,,,,,,,6,5,mixed,,,,1,,,,1,4,,,,0.000488812,COMPLETE
147,,35:03.2,35:41.8,0 days 00:00:38.566936,1,16,,,1,5,7,5,4,6,7,3,5,,,,10,9,5,6,,,,,,,,,,,,,,,,,,,,,,,,,,,8,3,mixed,mixed,,,7,4,,,2,9,3,,,0.000136557,FAIL
148,,35:41.8,36:26.1,0 days 00:00:44.318368,4,16,96,,2,3,5,2,8,4,2,4,2,,,,,,,,,,,,,,6,9,9,6,2,7,2,5,4,,7,5,10,8,,,,,,,4,4,mixed,normal,mixed,mixed,7,,9,4,4,4,9,10,5,0.002564185,FAIL
149,,36:26.1,37:06.0,0 days 00:00:39.925993,3,128,16,16,3,2,4,2,5,9,7,5,5,,,,4,5,8,8,5,,,,,,,,,,,,,,,,,,,,,,,,,,6,3,mixed,mixed,,,7,5,,,2,5,5,,,0.000935081,FAIL
150,,37:06.0,37:45.3,0 days 00:00:39.285577,4,16,16,,2,4,10,8,3,8,8,,,,,,,,,,,,,,,,,,,,,,,,,,,,,,,,,,,,3,7,mixed,normal,,,5,,,,2,4,10,,,0.000133847,FAIL
151,1126.352905,37:45.3,38:21.6,0 days 00:00:36.255830,2,64,64,8,3,4,,,,,,,,,,,,,,,,,,,,,,,,,,,,,,,,,,,,,,,,,4,8,normal,,,,,,,,1,9,,,,0.000626199,COMPLETE
152,529.3503418,38:21.6,39:05.1,0 days 00:00:43.470845,3,64,,,1,2,,,,,,,,,,,8,9,,,,,,,,,8,2,6,,,,,,,,10,,,,,,,,,,4,8,normal,mixed,mixed,mixed,,2,3,1,4,1,10,2,4,0.003389723,COMPLETE
153,237.4688263,39:05.1,39:40.5,0 days 00:00:35.458843,4,96,64,16,3,5,4,,,,,,,,,,,,,,,,,,,,,,,,,,,,,,,,,,,,,,,,4,4,mixed,,,,1,,,,1,7,,,,0.003612934,COMPLETE
154,1975.199097,39:40.5,40:19.2,0 days 00:00:38.647778,1,8,96,,2,3,,,,,,,,,,,,,,,,,,,,,5,7,,,,,,,,,,,,,,,,,,,6,6,normal,normal,mixed,,,,2,,3,7,5,9,,0.00023936,COMPLETE
155,,40:19.2,41:02.5,0 days 00:00:43.349669,2,64,64,,2,4,,,,,,,,,,,6,3,9,9,6,3,2,9,,,,,,,,,,,,,,,,,,,,,,,6,7,normal,mixed,normal,normal,,8,,,4,6,8,5,7,0.006047533,FAIL
156,2868.148193,41:02.5,41:44.6,0 days 00:00:42.055097,3,128,128,,2,5,5,,,,,,,,,,,,,,,,,,,,2,3,9,6,3,5,9,3,3,2,,,,,,,,,,,6,5,mixed,normal,mixed,normal,1,,10,,4,10,1,5,2,0.006364555,COMPLETE
157,2939.026855,41:44.6,42:23.1,0 days 00:00:38.502871,2,96,16,32,3,5,,,,,,,,,,,,,,,,,,,,,,,,,,,,,,,,,,,,,,,,,4,8,normal,normal,,,,,,,2,9,5,,,0.000129009,COMPLETE
158,4976.94043,42:23.1,42:59.9,0 days 00:00:36.842793,1,32,,,1,4,,,,,,,,,,,,,,,,,,,,,,,,,,,,,,,,,,,,,,,,,7,8,normal,normal,,,,,,,2,1,1,,,0.005447038,COMPLETE
159,,42:59.9,43:40.3,0 days 00:00:40.346109,3,16,,,1,2,10,8,5,3,8,10,3,2,8,,,,,,,,,,,,,,,,,,,,,,,,,,,,,,,,5,7,mixed,normal,,,9,,,,2,3,5,,,0.004266983,FAIL
160,,43:40.3,44:21.0,0 days 00:00:40.700301,1,64,,,1,4,4,10,10,10,7,9,,,,,10,5,3,9,4,,,,,,,,,,,,,,,,,,,,,,,,,,3,3,mixed,mixed,normal,,6,5,,,3,9,8,10,,0.000545553,FAIL
161,257.3079224,44:21.0,45:06.1,0 days 00:00:45.074386,2,16,32,8,3,2,,,,,,,,,,,,,,,,,,,,,8,9,5,5,6,3,2,9,,,,,,,,,,,,,8,8,normal,normal,mixed,normal,,,8,,4,7,2,2,10,0.003098226,COMPLETE
162,,45:06.1,45:51.9,0 days 00:00:45.812945,1,64,96,,2,2,,,,,,,,,,,9,8,3,3,7,2,4,,,,10,7,9,3,7,4,2,5,8,,,,,,,,,,,,6,8,normal,mixed,mixed,normal,,7,9,,4,1,1,3,10,0.00041757,FAIL
163,4144.838379,45:51.9,46:30.6,0 days 00:00:38.716830,4,16,128,64,3,2,5,7,8,3,9,3,,,,,,,,,,,,,,,,,,,,,,,,,,,,,,,,,,,6,4,mixed,normal,,,6,,,,2,2,2,,,0.000253961,COMPLETE
164,2735.855713,46:30.6,47:05.8,0 days 00:00:35.202737,1,8,,,1,2,,,,,,,,,,,,,,,,,,,,,,,,,,,,,,,,,,,,,,,,,4,8,normal,,,,,,,,1,4,,,,0.000447862,COMPLETE
165,405.7722473,47:05.8,47:41.8,0 days 00:00:35.940195,2,64,96,96,3,4,5,,,,,,,,,,,,,,,,,,,,,,,,,,,,,,,,,,,,,,,,5,6,mixed,,,,1,,,,1,8,,,,0.003565654,COMPLETE
166,4976.94043,47:41.8,48:19.9,0 days 00:00:38.135059,3,32,96,,2,2,7,6,7,7,5,4,2,2,8,,,,,,,,,,,,,,,,,,,,,,,,,,,,,,,,8,3,mixed,normal,,,9,,,,2,4,2,,,0.000798147,COMPLETE
167,4937.116211,48:19.9,48:59.6,0 days 00:00:39.716529,3,128,64,,2,3,,,,,,,,,,,,,,,,,,,,,3,,,,,,,,,,,,,,,,,,,,8,8,normal,normal,mixed,,,,1,,3,3,2,4,,0.000144763,COMPLETE
168,271.8780518,48:59.6,49:34.8,0 days 00:00:35.227820,2,128,8,64,3,4,8,,,,,,,,,,,,,,,,,,,,,,,,,,,,,,,,,,,,,,,,8,4,mixed,,,,1,,,,1,2,,,,0.008380324,COMPLETE
169,,49:34.8,50:21.2,0 days 00:00:46.384521,4,128,8,128,3,3,4,7,9,10,5,2,,,,,7,2,5,7,10,7,2,4,,,6,10,3,,,,,,,,,,,,,,,,,,4,7,mixed,mixed,mixed,,6,8,3,,3,2,5,7,,0.009529147,FAIL
170,285.443634,50:21.2,51:01.6,0 days 00:00:40.361528,1,96,8,,2,4,,,,,,,,,,,,,,,,,,,,,5,2,4,9,2,10,8,2,10,,,,,,,,,,,,4,5,normal,normal,mixed,,,,9,,3,8,9,3,,0.000636499,COMPLETE
171,4286.083496,51:01.6,51:44.6,0 days 00:00:42.986105,1,32,64,,2,3,,,,,,,,,,,6,6,4,4,,,,,,,,,,,,,,,,,7,9,2,9,5,5,8,4,7,,8,5,normal,mixed,normal,mixed,,4,,9,4,2,8,1,8,0.000722805,COMPLETE
172,,51:44.6,52:25.5,0 days 00:00:40.965720,1,64,128,128,3,3,10,5,7,7,8,3,10,8,,,,,,,,,,,,,,,,,,,,,,,,,,,,,,,,,4,6,mixed,normal,,,8,,,,2,9,3,,,0.00029813,FAIL
173,479.549469,52:25.6,53:02.4,0 days 00:00:36.799248,1,96,16,64,3,3,,,,,,,,,,,9,,,,,,,,,,,,,,,,,,,,,,,,,,,,,,7,3,normal,mixed,normal,,,1,,,3,6,6,8,,0.007410141,COMPLETE
174,242.4742279,53:02.4,53:38.1,0 days 00:00:35.759352,4,8,32,64,3,2,,,,,,,,,,,,,,,,,,,,,,,,,,,,,,,,,,,,,,,,,5,3,normal,normal,,,,,,,2,5,9,,,0.00741049,COMPLETE
175,,53:38.1,54:22.8,0 days 00:00:44.710851,1,128,,,1,4,6,3,10,10,5,2,6,,,,2,,,,,,,,,,6,4,7,9,6,10,7,8,,,,,,,,,,,,,8,7,mixed,mixed,mixed,normal,7,1,8,,4,10,4,9,3,0.000468207,FAIL
176,160.3237,54:22.8,55:01.2,0 days 00:00:38.354802,1,96,96,64,3,2,,,,,,,,,,,10,3,10,7,2,3,,,,,,,,,,,,,,,,,,,,,,,,,4,4,normal,mixed,,,,6,,,2,6,9,,,0.009029501,COMPLETE
177,,55:01.2,55:42.9,0 days 00:00:41.696671,1,32,32,,2,4,3,,,,,,,,,,7,9,8,,,,,,,,5,9,3,2,7,2,4,3,,,,,,,,,,,,,7,5,mixed,mixed,mixed,,1,3,8,,3,6,2,3,,0.000735569,FAIL
178,466.2313538,55:42.9,56:25.1,0 days 00:00:42.218603,1,128,,,1,5,,,,,,,,,,,,,,,,,,,,,4,9,2,6,,,,,,,,,,,,,,,,,6,8,normal,normal,mixed,normal,,,4,,4,4,3,6,8,0.000622604,COMPLETE
179,,56:25.1,57:08.2,0 days 00:00:43.118740,4,64,16,16,3,5,,,,,,,,,,,8,10,7,3,4,5,,,,,,,,,,,,,,,,,,,,,,,,,5,8,normal,mixed,normal,,,6,,,3,1,2,2,,0.005511562,FAIL
180,,57:08.2,57:48.2,0 days 00:00:39.936147,2,32,,,1,5,,,,,,,,,,,3,6,10,,,,,,,,9,5,6,7,9,4,2,,,,,,,,,,,,,,4,4,normal,mixed,mixed,,,3,7,,3,6,4,3,,0.000188205,FAIL
181,,57:48.2,58:34.4,0 days 00:00:46.207794,4,64,32,,2,3,3,6,7,4,2,4,,,,,4,7,7,8,8,7,7,10,,,9,5,6,,,,,,,,,,,,,,,,,,8,8,mixed,mixed,mixed,normal,6,8,3,,4,5,2,1,10,0.001624061,FAIL
182,429.7892151,58:34.4,59:10.8,0 days 00:00:36.414580,2,128,64,,2,4,,,,,,,,,,,,,,,,,,,,,,,,,,,,,,,,,,,,,,,,,7,7,normal,normal,,,,,,,2,4,7,,,0.003466676,COMPLETE
183,,59:10.8,59:53.3,0 days 00:00:42.508163,2,64,,,1,5,,,,,,,,,,,6,7,9,10,3,7,3,5,10,8,9,9,,,,,,,,,,,,,,,,,,,7,6,normal,mixed,mixed,,,10,2,,3,4,1,8,,0.005171917,FAIL
184,,59:53.3,00:34.4,0 days 00:00:41.118480,2,128,,,1,5,2,7,8,10,3,2,4,7,,,4,6,,,,,,,,,,,,,,,,,,,7,,,,,,,,,,7,5,mixed,mixed,normal,mixed,8,2,,1,4,9,5,10,8,0.008981982,FAIL
185,,00:34.4,01:13.6,0 days 00:00:39.200356,1,64,96,16,3,4,8,3,4,6,3,10,5,8,7,3,8,5,,,,,,,,,,,,,,,,,,,,,,,,,,,,,7,3,mixed,mixed,,,10,2,,,2,4,9,,,0.001514509,FAIL
186,,01:13.6,01:58.8,0 days 00:00:45.150611,3,64,16,,2,4,,,,,,,,,,,5,10,7,7,10,10,,,,,4,6,5,7,4,5,6,6,2,,,,,,,,,,,,7,8,normal,mixed,mixed,,,6,9,,3,1,8,4,,0.003876303,FAIL
187,654.3968506,01:58.8,02:37.3,0 days 00:00:38.470677,4,32,,,1,5,,,,,,,,,,,7,3,6,8,8,,,,,,,,,,,,,,,,,,,,,,,,,,5,3,normal,mixed,normal,normal,,5,,,4,8,2,7,10,0.006522542,COMPLETE
188,4640.284668,02:37.3,03:18.4,0 days 00:00:41.160405,4,96,,,1,3,,,,,,,,,,,8,,,,,,,,,,4,9,4,7,8,10,,,,,,,,,,,,,,,8,7,normal,mixed,mixed,,,1,6,,3,3,10,8,,0.000310008,COMPLETE
189,242.1065826,03:18.4,03:55.7,0 days 00:00:37.230066,2,96,64,,2,3,,,,,,,,,,,,,,,,,,,,,,,,,,,,,,,,,,,,,,,,,3,8,normal,normal,,,,,,,2,6,10,,,0.004074316,COMPLETE
190,366.7883606,03:55.7,04:36.0,0 days 00:00:40.372606,4,96,32,16,3,5,,,,,,,,,,,10,4,10,10,5,10,2,10,9,,,,,,,,,,,,,,,,,,,,,,3,4,normal,mixed,,,,9,,,2,10,9,,,0.004345383,COMPLETE
191,336.8053894,04:36.0,05:15.6,0 days 00:00:39.541535,4,96,32,16,3,5,,,,,,,,,,,9,4,4,10,5,9,3,4,,,,,,,,,,,,,,,,,,,,,,,4,5,normal,mixed,,,,8,,,2,10,9,,,0.004227043,COMPLETE
192,457.9183044,05:15.6,05:54.7,0 days 00:00:39.160067,4,96,32,16,3,5,,,,,,,,,,,10,2,5,3,2,8,4,5,7,,,,,,,,,,,,,,,,,,,,,,4,5,normal,mixed,,,,9,,,2,6,9,,,0.009735392,COMPLETE
193,157.5917053,05:54.7,06:33.1,0 days 00:00:38.361286,4,96,32,64,3,5,,,,,,,,,,,9,4,7,9,5,2,5,,,,,,,,,,,,,,,,,,,,,,,,4,4,normal,mixed,,,,7,,,2,10,9,,,0.002396003,COMPLETE
194,185.0125427,06:33.1,07:11.9,0 days 00:00:38.774980,4,96,96,16,3,5,,,,,,,,,,,9,4,7,9,5,2,5,,,,,,,,,,,,,,,,,,,,,,,,4,4,normal,mixed,,,,7,,,2,10,8,,,0.002584298,COMPLETE
195,233.1707611,07:11.9,07:50.8,0 days 00:00:38.913925,4,96,96,16,3,5,,,,,,,,,,,9,4,7,9,5,2,5,,,,,,,,,,,,,,,,,,,,,,,,4,4,normal,mixed,,,,7,,,2,10,8,,,0.002507732,COMPLETE
196,154.7471008,07:50.8,08:29.5,0 days 00:00:38.737291,4,96,96,16,3,5,,,,,,,,,,,9,4,7,9,5,2,5,,,,,,,,,,,,,,,,,,,,,,,,4,4,normal,mixed,,,,7,,,2,10,8,,,0.002416606,COMPLETE
197,177.3093109,08:29.5,09:08.2,0 days 00:00:38.699738,4,96,96,16,3,5,,,,,,,,,,,9,4,7,9,5,2,5,,,,,,,,,,,,,,,,,,,,,,,,4,4,normal,mixed,,,,7,,,2,10,8,,,0.00222725,COMPLETE
198,119.6850739,09:08.2,09:46.9,0 days 00:00:38.692884,4,96,96,16,3,5,,,,,,,,,,,9,3,7,9,5,2,5,,,,,,,,,,,,,,,,,,,,,,,,4,4,normal,mixed,,,,7,,,2,10,8,,,0.002679594,COMPLETE
199,235.1769104,09:46.9,10:25.8,0 days 00:00:38.860640,4,96,96,16,3,5,,,,,,,,,,,9,3,7,9,5,2,5,,,,,,,,,,,,,,,,,,,,,,,,4,4,normal,mixed,,,,7,,,2,10,8,,,0.002178185,COMPLETE
200,114.1145782,10:25.8,11:04.5,0 days 00:00:38.735326,4,96,96,16,3,5,,,,,,,,,,,9,4,7,9,5,3,5,,,,,,,,,,,,,,,,,,,,,,,,4,4,normal,mixed,,,,7,,,2,10,8,,,0.002710925,COMPLETE
201,155.1790466,11:04.5,11:43.2,0 days 00:00:38.681484,4,96,96,16,3,5,,,,,,,,,,,9,4,7,9,5,3,5,,,,,,,,,,,,,,,,,,,,,,,,4,4,normal,mixed,,,,7,,,2,10,8,,,0.002642789,COMPLETE
202,151.0968628,11:43.2,12:21.9,0 days 00:00:38.669785,4,96,96,16,3,5,,,,,,,,,,,10,4,7,9,4,3,5,,,,,,,,,,,,,,,,,,,,,,,,4,4,normal,mixed,,,,7,,,2,10,8,,,0.002647037,COMPLETE
203,231.3904877,12:21.9,13:00.9,0 days 00:00:38.970896,4,96,96,16,3,5,,,,,,,,,,,10,4,7,9,4,3,5,,,,,,,,,,,,,,,,,,,,,,,,4,4,normal,mixed,,,,7,,,2,10,8,,,0.002740923,COMPLETE
204,155.8726501,13:00.9,13:39.9,0 days 00:00:39.015526,4,96,96,16,3,5,,,,,,,,,,,10,4,7,9,5,3,5,,,,,,,,,,,,,,,,,,,,,,,,4,4,normal,mixed,,,,7,,,2,10,8,,,0.002566249,COMPLETE
205,309.4321289,13:39.9,14:18.5,0 days 00:00:38.619064,4,96,96,16,3,5,,,,,,,,,,,10,4,7,9,4,3,5,,,,,,,,,,,,,,,,,,,,,,,,4,4,normal,mixed,,,,7,,,2,10,8,,,0.002264827,COMPLETE
206,311.2678833,14:18.5,14:57.1,0 days 00:00:38.573366,4,96,96,16,3,5,,,,,,,,,,,9,5,8,9,6,2,,,,,,,,,,,,,,,,,,,,,,,,,4,4,normal,mixed,,,,6,,,2,10,8,,,0.00277593,COMPLETE
207,115.9913177,14:57.1,15:36.2,0 days 00:00:39.083201,4,96,96,16,3,5,,,,,,,,,,,10,4,7,10,4,3,6,,,,,,,,,,,,,,,,,,,,,,,,4,4,normal,mixed,,,,7,,,2,10,8,,,0.003097398,COMPLETE
208,454.7325134,15:36.2,16:15.1,0 days 00:00:38.938575,4,96,96,16,3,5,,,,,,,,,,,10,4,7,10,4,3,6,,,,,,,,,,,,,,,,,,,,,,,,4,4,normal,mixed,,,,7,,,2,10,8,,,0.003101498,COMPLETE
209,169.4959106,16:15.1,16:54.2,0 days 00:00:39.124048,4,96,96,16,3,5,,,,,,,,,,,10,5,7,9,5,3,5,,,,,,,,,,,,,,,,,,,,,,,,4,4,normal,mixed,,,,7,,,2,9,7,,,0.00233941,COMPLETE
210,369.8700562,16:54.2,17:33.6,0 days 00:00:39.386640,4,96,96,16,3,5,,,,,,,,,,,10,5,8,10,6,3,5,,,,,,,,,,,,,,,,,,,,,,,,4,4,normal,mixed,,,,7,,,2,9,7,,,0.001616135,COMPLETE
211,221.5086975,17:33.6,18:12.6,0 days 00:00:38.922876,4,96,96,16,3,5,,,,,,,,,,,9,4,7,9,5,2,6,,,,,,,,,,,,,,,,,,,,,,,,4,4,normal,mixed,,,,7,,,2,9,8,,,0.002359391,COMPLETE
212,266.9081421,18:12.6,18:51.6,0 days 00:00:39.011762,4,96,96,16,3,5,,,,,,,,,,,10,4,7,9,5,3,5,,,,,,,,,,,,,,,,,,,,,,,,4,4,normal,mixed,,,,7,,,2,10,8,,,0.002604235,COMPLETE
213,159.3580017,18:51.6,19:30.4,0 days 00:00:38.814770,4,96,96,16,3,5,,,,,,,,,,,9,5,7,9,4,2,5,,,,,,,,,,,,,,,,,,,,,,,,4,4,normal,mixed,,,,7,,,2,10,7,,,0.001908995,COMPLETE
214,193.66362,19:30.4,20:09.1,0 days 00:00:38.691905,4,96,96,16,3,5,,,,,,,,,,,10,3,7,9,4,3,,,,,,,,,,,,,,,,,,,,,,,,,4,4,normal,mixed,,,,6,,,2,10,7,,,0.001961951,COMPLETE
215,227.3727264,20:09.1,20:48.7,0 days 00:00:39.565728,4,96,96,16,3,5,,,,,,,,,,,9,5,7,9,4,4,4,9,,,,,,,,,,,,,,,,,,,,,,,4,4,normal,mixed,,,,8,,,2,10,7,,,0.003170574,COMPLETE
216,258.3410339,20:48.7,21:27.7,0 days 00:00:39.088733,4,96,96,16,3,5,,,,,,,,,,,10,3,8,10,5,2,6,,,,,,,,,,,,,,,,,,,,,,,,4,4,normal,mixed,,,,7,,,2,10,8,,,0.002071912,COMPLETE
217,471.6766357,21:27.7,22:06.4,0 days 00:00:38.641745,4,96,96,16,3,5,,,,,,,,,,,9,4,7,8,4,4,,,,,,,,,,,,,,,,,,,,,,,,,4,4,normal,mixed,,,,6,,,2,9,8,,,0.002366313,COMPLETE
218,152.9091034,22:06.4,22:45.6,0 days 00:00:39.178304,4,96,96,16,3,5,,,,,,,,,,,10,5,8,8,5,3,4,,,,,,,,,,,,,,,,,,,,,,,,4,4,normal,mixed,,,,7,,,2,10,9,,,0.004563894,COMPLETE
219,169.185318,22:45.6,23:24.7,0 days 00:00:39.139718,4,96,96,16,3,5,,,,,,,,,,,10,5,8,8,5,3,4,,,,,,,,,,,,,,,,,,,,,,,,4,4,normal,mixed,,,,7,,,2,10,9,,,0.001847058,COMPLETE
220,211.7931824,23:24.7,24:04.3,0 days 00:00:39.630516,4,96,96,16,3,5,,,,,,,,,,,10,5,8,7,6,3,4,3,,,,,,,,,,,,,,,,,,,,,,,4,4,normal,mixed,,,,8,,,2,9,9,,,0.004645906,COMPLETE
221,280.3454285,24:04.3,24:43.3,0 days 00:00:38.927726,4,96,96,16,3,5,,,,,,,,,,,10,5,7,7,5,3,5,,,,,,,,,,,,,,,,,,,,,,,,4,4,normal,mixed,,,,7,,,2,10,9,,,0.001830386,COMPLETE
222,248.5072021,24:43.3,25:22.0,0 days 00:00:38.673583,4,96,96,16,3,5,,,,,,,,,,,9,5,9,8,5,2,4,,,,,,,,,,,,,,,,,,,,,,,,4,4,normal,mixed,,,,7,,,2,10,9,,,0.00147435,COMPLETE
223,173.3675995,25:22.0,26:02.0,0 days 00:00:40.014066,4,96,96,128,3,5,,,,,,,,,,,10,4,7,9,5,3,5,,,,,,,,,,,,,,,,,,,,,,,,4,4,normal,mixed,,,,7,,,2,10,7,,,0.002829906,COMPLETE
224,279.972168,26:02.0,26:41.6,0 days 00:00:39.658933,4,96,96,128,3,5,,,,,,,,,,,10,5,8,7,6,3,,,,,,,,,,,,,,,,,,,,,,,,,4,4,normal,mixed,,,,6,,,2,9,7,,,0.002826527,COMPLETE
225,237.6037598,26:41.6,27:22.0,0 days 00:00:40.347405,4,96,96,128,3,5,,,,,,,,,,,10,4,6,9,4,4,5,7,,,,,,,,,,,,,,,,,,,,,,,4,4,normal,mixed,,,,8,,,2,10,7,,,0.003230051,COMPLETE
226,163.1780701,27:22.0,28:01.9,0 days 00:00:39.917647,4,96,96,128,3,5,,,,,,,,,,,10,6,10,8,5,3,4,,,,,,,,,,,,,,,,,,,,,,,,4,4,normal,mixed,,,,7,,,2,10,9,,,0.00380115,COMPLETE
227,133.1927948,28:01.9,28:41.4,0 days 00:00:39.480310,4,96,96,64,3,5,,,,,,,,,,,10,6,10,8,6,3,4,,,,,,,,,,,,,,,,,,,,,,,,4,4,normal,mixed,,,,7,,,2,10,9,,,0.003782185,COMPLETE
228,194.0765076,28:41.4,29:20.5,0 days 00:00:39.107661,4,96,96,64,3,5,,,,,,,,,,,8,6,10,8,6,3,,,,,,,,,,,,,,,,,,,,,,,,,4,4,normal,mixed,,,,6,,,2,10,9,,,0.003644512,COMPLETE
229,121.7666473,29:20.5,29:59.8,0 days 00:00:39.338583,4,96,96,64,3,5,,,,,,,,,,,9,6,10,8,7,4,4,,,,,,,,,,,,,,,,,,,,,,,,4,4,normal,mixed,,,,7,,,2,10,9,,,0.004856721,COMPLETE
230,199.8802185,29:59.8,30:39.7,0 days 00:00:39.828028,4,96,96,64,3,5,,,,,,,,,,,9,7,10,8,8,4,4,5,,,,,,,,,,,,,,,,,,,,,,,4,4,normal,mixed,,,,8,,,2,10,9,,,0.00381225,COMPLETE
231,183.3487854,30:39.7,31:18.9,0 days 00:00:39.227209,4,96,96,64,3,5,,,,,,,,,,,9,6,10,8,2,2,4,,,,,,,,,,,,,,,,,,,,,,,,4,4,normal,mixed,,,,7,,,2,10,9,,,0.00470228,COMPLETE
232,503.4903564,31:18.9,31:58.6,0 days 00:00:39.681188,4,96,96,64,3,5,,,,,,,,,,,10,6,10,7,7,3,4,,,,,,,,,,,,,,,,,,,,,,,,4,4,normal,mixed,,,,7,,,2,10,9,,,0.003011046,COMPLETE
233,174.5634766,31:58.6,32:38.1,0 days 00:00:39.488102,4,96,96,64,3,5,,,,,,,,,,,10,6,9,8,7,4,,,,,,,,,,,,,,,,,,,,,,,,,4,4,normal,mixed,,,,6,,,2,10,9,,,0.00261971,COMPLETE
234,156.6806488,32:38.1,33:17.8,0 days 00:00:39.725767,4,96,96,64,3,5,,,,,,,,,,,8,7,10,8,7,3,6,,,,,,,,,,,,,,,,,,,,,,,,4,4,normal,mixed,,,,7,,,2,10,10,,,0.003305384,COMPLETE
235,294.0758667,33:17.8,33:58.3,0 days 00:00:40.507949,4,96,96,64,3,5,,,,,,,,,,,8,7,10,8,7,3,6,9,,,,,,,,,,,,,,,,,,,,,,,4,4,normal,mixed,,,,8,,,2,10,10,,,0.003312375,COMPLETE
236,327.6657715,33:58.3,34:38.1,0 days 00:00:39.772502,4,96,96,64,3,5,,,,,,,,,,,9,8,10,8,7,2,6,,,,,,,,,,,,,,,,,,,,,,,,4,4,normal,mixed,,,,7,,,2,9,10,,,0.003863228,COMPLETE
237,182.4729919,34:38.1,35:17.1,0 days 00:00:39.045726,4,96,96,64,3,5,,,,,,,,,,,9,6,6,10,3,2,7,,,,,,,,,,,,,,,,,,,,,,,,4,4,normal,mixed,,,,7,,,2,10,8,,,0.004645656,COMPLETE
238,343.2039795,35:17.1,35:56.2,0 days 00:00:39.080673,4,96,96,64,3,5,,,,,,,,,,,7,3,9,9,6,3,3,,,,,,,,,,,,,,,,,,,,,,,,4,4,normal,mixed,,,,7,,,2,10,8,,,0.005944623,COMPLETE
239,196.2462158,35:56.2,36:34.6,0 days 00:00:38.399099,4,96,96,8,3,5,,,,,,,,,,,9,3,10,7,4,2,,,,,,,,,,,,,,,,,,,,,,,,,3,4,normal,mixed,,,,6,,,2,10,10,,,0.003932222,COMPLETE
240,139.8074188,36:34.6,37:14.4,0 days 00:00:39.778339,4,96,96,128,3,5,,,,,,,,,,,9,6,10,9,5,,,,,,,,,,,,,,,,,,,,,,,,,,4,4,normal,mixed,,,,5,,,2,10,9,,,0.003396546,COMPLETE
241,204.4645386,37:14.4,37:54.0,0 days 00:00:39.572560,4,96,96,128,3,5,,,,,,,,,,,9,6,10,9,5,,,,,,,,,,,,,,,,,,,,,,,,,,4,4,normal,mixed,,,,5,,,2,10,9,,,0.002963808,COMPLETE
242,116.4413757,37:54.0,38:33.6,0 days 00:00:39.661573,4,96,96,128,3,5,,,,,,,,,,,9,6,10,9,5,,,,,,,,,,,,,,,,,,,,,,,,,,4,4,normal,mixed,,,,5,,,2,10,9,,,0.003379318,COMPLETE
243,193.0274048,38:33.6,39:12.9,0 days 00:00:39.298060,4,96,96,128,3,5,,,,,,,,,,,8,4,10,9,5,,,,,,,,,,,,,,,,,,,,,,,,,,4,4,normal,mixed,,,,5,,,2,10,8,,,0.003472548,COMPLETE
244,261.9335327,39:12.9,39:51.6,0 days 00:00:38.666810,4,96,96,64,3,5,,,,,,,,,,,9,7,9,9,,,,,,,,,,,,,,,,,,,,,,,,,,,4,4,normal,mixed,,,,4,,,2,9,10,,,0.004365899,COMPLETE
245,436.8534851,39:51.6,40:30.8,0 days 00:00:39.165385,4,96,96,96,3,5,,,,,,,,,,,9,4,6,10,7,,,,,,,,,,,,,,,,,,,,,,,,,,4,4,normal,mixed,,,,5,,,2,10,9,,,0.002493853,COMPLETE
246,191.5998688,40:30.8,41:08.8,0 days 00:00:38.031537,4,96,96,16,3,5,,,,,,,,,,,8,6,7,9,5,,,,,,,,,,,,,,,,,,,,,,,,,,4,4,normal,mixed,,,,5,,,2,10,8,,,0.003242251,COMPLETE
247,140.4014435,41:08.8,41:47.1,0 days 00:00:38.328287,4,96,32,64,3,5,,,,,,,,,,,9,3,7,9,6,4,6,3,,,,,,,,,,,,,,,,,,,,,,,4,4,normal,mixed,,,,8,,,2,10,8,,,0.002692483,COMPLETE
248,888.1931152,41:47.1,42:25.3,0 days 00:00:38.138612,4,96,32,16,3,5,,,,,,,,,,,9,2,7,9,6,4,6,3,,,,,,,,,,,,,,,,,,,,,,,4,4,normal,mixed,,,,8,,,2,10,8,,,0.002726179,COMPLETE
249,132.5375214,42:25.3,43:03.8,0 days 00:00:38.472942,4,96,32,128,3,5,,,,,,,,,,,9,7,7,10,4,5,7,,,,,,,,,,,,,,,,,,,,,,,,4,4,normal,mixed,,,,7,,,2,10,8,,,0.00206023,COMPLETE
250,274.0171509,43:03.8,43:42.7,0 days 00:00:38.923963,4,96,32,128,3,5,,,,,,,,,,,9,7,6,10,6,4,7,4,,,,,,,,,,,,,,,,,,,,,,,4,4,normal,mixed,,,,8,,,2,9,8,,,0.002100922,COMPLETE
251,226.1502838,43:42.7,44:21.9,0 days 00:00:39.179361,4,96,32,128,3,5,,,,,,,,,,,9,4,7,10,4,5,7,,,,,,,,,,,,,,,,,,,,,,,,4,4,normal,mixed,,,,7,,,2,10,8,,,0.002522559,COMPLETE
252,146.0010223,44:21.9,45:02.4,0 days 00:00:40.538633,4,96,32,128,3,5,,,,,,,,,,,9,7,7,9,4,5,6,6,10,,,,,,,,,,,,,,,,,,,,,,4,4,normal,mixed,,,,9,,,2,10,8,,,0.005124505,COMPLETE
253,165.352005,45:02.4,45:42.8,0 days 00:00:40.405261,4,96,32,128,3,5,,,,,,,,,,,9,8,7,9,5,5,6,6,9,,,,,,,,,,,,,,,,,,,,,,4,4,normal,mixed,,,,9,,,2,10,8,,,0.004205971,COMPLETE
254,110.3771591,45:42.8,46:23.0,0 days 00:00:40.212545,4,96,32,128,3,5,,,,,,,,,,,8,7,7,10,4,5,6,6,10,,,,,,,,,,,,,,,,,,,,,,4,4,normal,mixed,,,,9,,,2,10,8,,,0.004941945,COMPLETE
255,180.8111877,46:23.0,47:04.2,0 days 00:00:41.125820,4,96,32,128,3,5,,,,,,,,,,,8,7,7,10,4,5,6,6,10,10,,,,,,,,,,,,,,,,,,,,,4,4,normal,mixed,,,,10,,,2,10,8,,,0.004903023,COMPLETE
256,135.1411591,47:04.2,47:44.3,0 days 00:00:40.153567,4,96,32,128,3,5,,,,,,,,,,,8,7,7,10,3,6,7,4,7,,,,,,,,,,,,,,,,,,,,,,4,4,normal,mixed,,,,9,,,2,10,8,,,0.005149499,COMPLETE
257,235.3647766,47:44.3,48:24.7,0 days 00:00:40.374436,4,96,32,128,3,5,,,,,,,,,,,9,8,7,10,3,7,7,4,7,,,,,,,,,,,,,,,,,,,,,,4,4,normal,mixed,,,,9,,,2,10,8,,,0.005163183,COMPLETE
258,215.0810547,48:24.7,49:04.8,0 days 00:00:40.148779,4,96,32,128,3,5,,,,,,,,,,,7,7,7,10,4,6,7,3,10,,,,,,,,,,,,,,,,,,,,,,4,4,normal,mixed,,,,9,,,2,10,8,,,0.004415142,COMPLETE
259,157.5316162,49:04.9,49:44.9,0 days 00:00:40.068437,4,96,32,128,3,5,,,,,,,,,,,9,7,8,10,3,5,6,5,8,,,,,,,,,,,,,,,,,,,,,,4,4,normal,mixed,,,,9,,,2,10,8,,,0.0053349,COMPLETE
260,317.6897888,49:44.9,50:25.9,0 days 00:00:40.978948,4,96,32,128,3,5,,,,,,,,,,,10,7,7,10,4,6,8,6,10,2,,,,,,,,,,,,,,,,,,,,,4,4,normal,mixed,,,,10,,,2,9,8,,,0.002982903,COMPLETE
261,575.8763428,50:25.9,51:05.7,0 days 00:00:39.777482,4,96,32,128,3,5,,,,,,,,,,,7,7,7,9,4,5,6,4,6,,,,,,,,,,,,,,,,,,,,,,4,4,normal,mixed,,,,9,,,2,10,8,,,0.006006476,COMPLETE
262,295.7926331,51:05.7,51:45.1,0 days 00:00:39.451035,4,96,32,128,3,5,,,,,,,,,,,8,7,7,9,5,5,6,,,,,,,,,,,,,,,,,,,,,,,,4,4,normal,mixed,,,,7,,,2,10,8,,,0.003441748,COMPLETE
263,148.2550659,51:45.1,52:24.2,0 days 00:00:39.048543,4,96,32,16,3,5,,,,,,,,,,,8,6,8,9,5,4,7,3,,,,,,,,,,,,,,,,,,,,,,,4,4,normal,mixed,,,,8,,,2,10,8,,,0.003738321,COMPLETE
264,126.589653,52:24.2,53:03.6,0 days 00:00:39.376131,4,96,32,16,3,5,,,,,,,,,,,8,6,7,9,5,4,7,3,8,,,,,,,,,,,,,,,,,,,,,,4,4,normal,mixed,,,,9,,,2,10,8,,,0.004059362,COMPLETE
265,156.9969025,53:03.6,53:42.9,0 days 00:00:39.304122,4,96,32,16,3,5,,,,,,,,,,,8,6,2,9,5,4,7,3,8,,,,,,,,,,,,,,,,,,,,,,4,4,normal,mixed,,,,9,,,2,10,8,,,0.004053364,COMPLETE
266,247.1694641,53:42.9,54:22.4,0 days 00:00:39.521255,4,96,32,16,3,5,,,,,,,,,,,8,6,8,9,6,4,7,2,8,,,,,,,,,,,,,,,,,,,,,,4,4,normal,mixed,,,,9,,,2,10,8,,,0.004956833,COMPLETE
267,305.6436768,54:22.4,55:01.9,0 days 00:00:39.492394,4,96,32,16,3,5,,,,,,,,,,,8,6,6,10,5,4,7,2,9,,,,,,,,,,,,,,,,,,,,,,4,4,normal,mixed,,,,9,,,2,10,8,,,0.005718729,COMPLETE
268,146.1220398,55:01.9,55:41.7,0 days 00:00:39.757372,4,96,32,128,3,5,,,,,,,,,,,9,6,7,9,4,6,8,3,,,,,,,,,,,,,,,,,,,,,,,4,4,normal,mixed,,,,8,,,2,10,8,,,0.003708518,COMPLETE
269,209.517334,55:41.7,56:20.9,0 days 00:00:39.283669,4,96,32,128,3,5,,,,,,,,,,,9,6,7,9,4,6,3,3,,,,,,,,,,,,,,,,,,,,,,,4,4,normal,mixed,,,,8,,,2,10,9,,,0.004404655,COMPLETE
270,137.1703949,56:20.9,57:01.0,0 days 00:00:40.064741,4,96,32,128,3,5,,,,,,,,,,,9,6,8,10,4,7,9,3,,,,,,,,,,,,,,,,,,,,,,,4,4,normal,mixed,,,,8,,,2,10,8,,,0.003749636,COMPLETE
271,116.1331635,57:01.0,57:40.7,0 days 00:00:39.658996,4,96,32,128,3,5,,,,,,,,,,,9,6,8,10,4,5,9,3,,,,,,,,,,,,,,,,,,,,,,,4,4,normal,mixed,,,,8,,,2,10,8,,,0.003750495,COMPLETE
272,207.003479,57:40.7,58:20.7,0 days 00:00:39.987015,4,96,32,128,3,5,,,,,,,,,,,9,6,8,10,4,7,9,3,,,,,,,,,,,,,,,,,,,,,,,4,4,normal,mixed,,,,8,,,2,10,8,,,0.003954816,COMPLETE
273,508.5167236,58:20.7,59:00.7,0 days 00:00:40.068367,4,96,32,128,3,5,,,,,,,,,,,9,6,8,10,4,7,9,3,,,,,,,,,,,,,,,,,,,,,,,4,4,normal,mixed,,,,8,,,2,10,8,,,0.003622546,COMPLETE
274,163.3901672,59:00.7,59:40.6,0 days 00:00:39.837553,4,96,32,128,3,5,,,,,,,,,,,9,6,8,10,3,6,9,2,,,,,,,,,,,,,,,,,,,,,,,4,4,normal,mixed,,,,8,,,2,10,9,,,0.004682006,COMPLETE
275,254.6494751,59:40.6,00:20.5,0 days 00:00:39.885907,4,96,32,128,3,5,,,,,,,,,,,8,6,8,10,4,8,8,4,,,,,,,,,,,,,,,,,,,,,,,4,4,normal,mixed,,,,8,,,2,10,8,,,0.004028096,COMPLETE
276,242.2864075,00:20.5,01:01.1,0 days 00:00:40.676790,4,96,32,128,3,5,,,,,,,,,,,9,6,7,10,4,5,9,3,6,8,,,,,,,,,,,,,,,,,,,,,4,4,normal,mixed,,,,10,,,2,10,8,,,0.00355621,COMPLETE
277,223.4794769,01:01.1,01:40.8,0 days 00:00:39.676457,4,96,32,128,3,5,,,,,,,,,,,9,6,9,9,4,5,8,2,,,,,,,,,,,,,,,,,,,,,,,4,4,normal,mixed,,,,8,,,2,9,9,,,0.005004951,COMPLETE
278,167.7112122,01:40.8,02:18.9,0 days 00:00:38.080806,4,96,32,8,3,5,,,,,,,,,,,7,6,5,10,4,,,,,,,,,,,,,,,,,,,,,,,,,,4,4,normal,mixed,,,,5,,,2,10,8,,,0.003747847,COMPLETE
279,562.1889038,02:18.9,02:59.0,0 days 00:00:40.051929,4,96,32,128,3,5,,,,,,,,,,,10,6,8,9,4,4,9,3,7,,,,,,,,,,,,,,,,,,,,,,4,4,normal,mixed,,,,9,,,2,10,9,,,0.003126446,COMPLETE
280,213.6995544,02:59.0,03:39.0,0 days 00:00:40.064722,4,96,32,128,3,5,,,,,,,,,,,5,5,7,10,3,6,7,4,9,,,,,,,,,,,,,,,,,,,,,,4,4,normal,mixed,,,,9,,,2,10,8,,,0.004425583,COMPLETE
281,498.0389099,03:39.0,04:18.6,0 days 00:00:39.550204,4,96,32,96,3,5,,,,,,,,,,,9,3,7,9,5,4,8,7,,,,,,,,,,,,,,,,,,,,,,,4,4,normal,mixed,,,,8,,,2,10,8,,,0.003120548,COMPLETE
282,248.7103271,04:18.6,04:58.5,0 days 00:00:39.882823,4,96,16,16,3,5,,,,,,,,,,,9,7,7,9,5,5,10,2,10,,,,,,,,,,,,,,,,,,,,,,4,4,normal,mixed,,,,9,,,2,10,8,,,0.004222959,COMPLETE
283,173.8695221,04:58.5,05:38.1,0 days 00:00:39.608530,4,96,32,128,3,5,,,,,,,,,,,9,6,8,9,5,6,5,3,,,,,,,,,,,,,,,,,,,,,,,4,4,normal,mixed,,,,8,,,2,10,8,,,0.002827103,COMPLETE
284,129.4184418,05:38.1,06:17.0,0 days 00:00:38.909784,4,96,32,32,3,5,,,,,,,,,,,9,6,7,9,6,5,4,,,,,,,,,,,,,,,,,,,,,,,,4,4,normal,mixed,,,,7,,,2,10,8,,,0.003329502,COMPLETE
285,231.8104401,06:17.0,06:55.4,0 days 00:00:38.402706,4,96,32,32,3,5,,,,,,,,,,,8,6,7,9,6,,,,,,,,,,,,,,,,,,,,,,,,,,4,4,normal,mixed,,,,5,,,2,10,9,,,0.003458078,COMPLETE
286,196.286499,06:55.4,07:34.7,0 days 00:00:39.327003,4,96,32,32,3,5,,,,,,,,,,,10,6,7,9,6,5,4,4,,,,,,,,,,,,,,,,,,,,,,,4,4,normal,mixed,,,,8,,,2,10,7,,,0.003757878,COMPLETE
287,146.4616547,07:34.7,08:13.3,0 days 00:00:38.567294,4,96,8,32,3,5,,,,,,,,,,,9,7,6,6,6,5,4,,,,,,,,,,,,,,,,,,,,,,,,4,4,normal,mixed,,,,7,,,2,10,8,,,0.005317465,COMPLETE
288,210.0187378,08:13.3,08:52.1,0 days 00:00:38.793555,4,8,8,32,3,5,,,,,,,,,,,9,7,6,3,6,5,4,,,,,,,,,,,,,,,,,,,,,,,,4,4,normal,mixed,,,,7,,,2,10,8,,,0.005610508,COMPLETE
289,166.5750885,08:52.1,09:30.3,0 days 00:00:38.206547,4,96,8,32,3,5,,,,,,,,,,,9,7,6,10,,,,,,,,,,,,,,,,,,,,,,,,,,,4,4,normal,mixed,,,,4,,,2,10,8,,,0.005290826,COMPLETE
290,670.8129272,09:30.3,10:09.4,0 days 00:00:39.097313,4,96,8,32,3,5,,,,,,,,,,,9,7,7,6,6,5,6,,,,,,,,,,,,,,,,,,,,,,,,4,4,normal,mixed,,,,7,,,2,10,8,,,0.006461643,COMPLETE
291,145.2754364,10:09.4,10:48.3,0 days 00:00:38.943996,4,96,32,32,3,5,,,,,,,,,,,9,6,7,6,6,5,4,,,,,,,,,,,,,,,,,,,,,,,,4,4,normal,mixed,,,,7,,,2,10,8,,,0.004084454,COMPLETE
292,148.1503754,10:48.3,11:27.3,0 days 00:00:38.914770,4,96,32,32,3,5,,,,,,,,,,,9,8,7,4,6,5,4,,,,,,,,,,,,,,,,,,,,,,,,4,4,normal,mixed,,,,7,,,2,10,8,,,0.004073374,COMPLETE
293,129.6355743,11:27.3,12:06.5,0 days 00:00:39.238562,4,96,32,32,3,5,,,,,,,,,,,9,6,7,6,6,5,4,,,,,,,,,,,,,,,,,,,,,,,,4,4,normal,mixed,,,,7,,,2,10,8,,,0.004086862,COMPLETE
294,164.7497253,12:06.5,12:45.5,0 days 00:00:38.975965,4,96,32,32,3,5,,,,,,,,,,,9,8,7,6,6,5,4,,,,,,,,,,,,,,,,,,,,,,,,4,4,normal,mixed,,,,7,,,2,10,8,,,0.004921118,COMPLETE
295,137.2349854,12:45.5,13:24.5,0 days 00:00:39.000724,4,96,32,32,3,5,,,,,,,,,,,9,8,7,6,6,5,4,,,,,,,,,,,,,,,,,,,,,,,,4,4,normal,mixed,,,,7,,,2,10,8,,,0.004075459,COMPLETE
296,237.821991,13:24.5,14:03.4,0 days 00:00:38.924764,4,96,32,32,3,5,,,,,,,,,,,9,6,7,6,6,5,4,,,,,,,,,,,,,,,,,,,,,,,,4,4,normal,mixed,,,,7,,,2,9,8,,,0.003386117,COMPLETE
297,172.138382,14:03.4,14:42.6,0 days 00:00:39.186462,4,96,32,32,3,5,,,,,,,,,,,9,9,7,6,6,5,3,,,,,,,,,,,,,,,,,,,,,,,,4,4,normal,mixed,,,,7,,,2,10,8,,,0.004377616,COMPLETE
298,120.3887177,14:42.6,15:21.1,0 days 00:00:38.500270,4,64,32,32,3,5,,,,,,,,,,,9,2,7,6,6,5,,,,,,,,,,,,,,,,,,,,,,,,,4,4,normal,mixed,,,,6,,,2,10,8,,,0.004858803,COMPLETE
299,169.0520172,15:21.1,16:00.0,0 days 00:00:38.866705,4,64,32,32,3,5,,,,,,,,,,,9,9,7,7,6,6,,,,,,,,,,,,,,,,,,,,,,,,,4,4,normal,mixed,,,,6,,,2,10,7,,,0.004090846,COMPLETE
300,176.2765503,16:00.0,16:38.4,0 days 00:00:38.427569,4,64,32,32,3,5,,,,,,,,,,,9,2,10,6,2,5,,,,,,,,,,,,,,,,,,,,,,,,,4,4,normal,mixed,,,,6,,,2,10,8,,,0.0046789,COMPLETE
301,127.9824677,16:38.4,17:17.2,0 days 00:00:38.819473,4,64,32,32,3,5,,,,,,,,,,,9,2,7,6,6,5,4,,,,,,,,,,,,,,,,,,,,,,,,4,4,normal,mixed,,,,7,,,2,10,8,,,0.005391123,COMPLETE
302,166.6969299,17:17.2,17:55.0,0 days 00:00:37.814814,4,64,32,32,3,5,,,,,,,,,,,9,2,7,6,6,,,,,,,,,,,,,,,,,,,,,,,,,,4,4,normal,mixed,,,,5,,,2,10,8,,,0.006038576,COMPLETE
303,134.8855286,17:55.1,18:33.5,0 days 00:00:38.451458,4,64,32,32,3,5,,,,,,,,,,,9,2,7,6,6,5,4,,,,,,,,,,,,,,,,,,,,,,,,4,4,normal,mixed,,,,7,,,2,10,8,,,0.003890203,COMPLETE
304,117.3608856,18:33.5,19:11.2,0 days 00:00:37.650148,4,64,32,32,3,5,,,,,,,,,,,9,2,7,6,6,5,3,,,,,,,,,,,,,,,,,,,,,,,,4,4,normal,mixed,,,,7,,,2,10,8,,,0.00477709,COMPLETE
305,161.3282928,19:11.2,19:48.9,0 days 00:00:37.713380,4,64,32,32,3,5,,,,,,,,,,,9,2,7,6,6,5,3,,,,,,,,,,,,,,,,,,,,,,,,4,4,normal,mixed,,,,7,,,2,10,8,,,0.004092387,COMPLETE
306,155.7588196,19:48.9,20:26.6,0 days 00:00:37.767579,4,64,32,32,3,5,,,,,,,,,,,9,2,7,6,6,5,3,,,,,,,,,,,,,,,,,,,,,,,,4,4,normal,mixed,,,,7,,,2,10,8,,,0.003276795,COMPLETE
307,160.4711914,20:26.6,21:04.3,0 days 00:00:37.697556,4,64,32,32,3,5,,,,,,,,,,,9,2,10,6,6,5,2,,,,,,,,,,,,,,,,,,,,,,,,4,4,normal,mixed,,,,7,,,2,10,8,,,0.004632043,COMPLETE
308,276.0253906,21:04.3,21:42.0,0 days 00:00:37.621146,4,64,32,32,3,5,,,,,,,,,,,9,2,7,6,6,5,4,,,,,,,,,,,,,,,,,,,,,,,,4,4,normal,mixed,,,,7,,,2,10,7,,,0.003855405,COMPLETE
309,182.8796082,21:42.0,22:19.5,0 days 00:00:37.568746,4,64,32,32,3,5,,,,,,,,,,,9,2,7,5,6,5,,,,,,,,,,,,,,,,,,,,,,,,,4,4,normal,mixed,,,,6,,,2,10,9,,,0.002966382,COMPLETE
310,173.4345093,22:19.5,22:57.4,0 days 00:00:37.852917,4,64,32,32,3,5,,,,,,,,,,,9,2,7,5,10,5,4,,,,,,,,,,,,,,,,,,,,,,,,4,4,normal,mixed,,,,7,,,2,10,8,,,0.00343301,COMPLETE
311,112.3972702,22:57.4,23:35.0,0 days 00:00:37.639768,4,64,32,32,3,5,,,,,,,,,,,9,3,7,6,6,5,4,,,,,,,,,,,,,,,,,,,,,,,,4,4,normal,mixed,,,,7,,,2,10,8,,,0.005162749,COMPLETE
312,110.8883896,23:35.0,24:12.7,0 days 00:00:37.631560,4,64,32,32,3,5,,,,,,,,,,,9,3,7,6,6,5,4,,,,,,,,,,,,,,,,,,,,,,,,4,4,normal,mixed,,,,7,,,2,10,8,,,0.004895546,COMPLETE
313,133.3726349,24:12.7,24:50.5,0 days 00:00:37.804916,4,64,32,32,3,5,,,,,,,,,,,9,3,7,6,6,5,4,,,,,,,,,,,,,,,,,,,,,,,,4,4,normal,mixed,,,,7,,,2,10,8,,,0.005469034,COMPLETE
314,131.9393005,24:50.5,25:28.2,0 days 00:00:37.751458,4,64,32,32,3,5,,,,,,,,,,,9,3,7,6,7,5,4,,,,,,,,,,,,,,,,,,,,,,,,4,4,normal,mixed,,,,7,,,2,10,8,,,0.005571899,COMPLETE
315,186.198761,25:28.2,26:05.6,0 days 00:00:37.326804,4,64,32,32,3,5,,,,,,,,,,,3,3,7,6,7,5,4,,,,,,,,,,,,,,,,,,,,,,,,4,4,normal,mixed,,,,7,,,2,10,8,,,0.005718556,COMPLETE
316,149.9958801,26:05.6,26:43.4,0 days 00:00:37.800851,4,64,32,32,3,5,,,,,,,,,,,9,3,7,6,8,5,4,,,,,,,,,,,,,,,,,,,,,,,,4,4,normal,mixed,,,,7,,,2,10,8,,,0.006825819,COMPLETE
317,709.7991943,26:43.4,27:21.0,0 days 00:00:37.636786,4,64,32,32,3,5,,,,,,,,,,,9,3,7,6,7,5,4,,,,,,,,,,,,,,,,,,,,,,,,4,4,normal,mixed,,,,7,,,2,10,8,,,0.005048344,COMPLETE
318,135.3382874,27:21.0,27:58.7,0 days 00:00:37.643152,4,64,32,32,3,5,,,,,,,,,,,9,3,7,6,6,5,4,,,,,,,,,,,,,,,,,,,,,,,,4,4,normal,mixed,,,,7,,,2,10,8,,,0.005942144,COMPLETE
319,256.3663025,27:58.7,28:36.3,0 days 00:00:37.635441,4,64,32,32,3,5,,,,,,,,,,,9,3,7,5,7,5,4,,,,,,,,,,,,,,,,,,,,,,,,4,4,normal,mixed,,,,7,,,2,9,8,,,0.006275777,COMPLETE
320,139.2555084,28:36.3,29:13.9,0 days 00:00:37.641397,4,64,32,32,3,5,,,,,,,,,,,9,3,7,6,6,5,4,,,,,,,,,,,,,,,,,,,,,,,,4,4,normal,mixed,,,,7,,,2,10,8,,,0.00536357,COMPLETE
321,585.1864624,29:13.9,29:51.7,0 days 00:00:37.800337,4,64,32,32,3,5,,,,,,,,,,,9,3,7,6,6,5,4,,,,,,,,,,,,,,,,,,,,,,,,4,4,normal,mixed,,,,7,,,2,10,8,,,0.005829974,COMPLETE
322,115.8340607,29:51.7,30:29.7,0 days 00:00:37.981281,4,64,32,32,3,5,,,,,,,,,,,9,3,7,6,6,5,4,,,,,,,,,,,,,,,,,,,,,,,,4,4,normal,mixed,,,,7,,,2,10,8,,,0.005039285,COMPLETE
323,155.3832855,30:29.7,31:07.5,0 days 00:00:37.773917,4,64,32,32,3,5,,,,,,,,,,,9,3,7,6,6,5,3,,,,,,,,,,,,,,,,,,,,,,,,4,4,normal,mixed,,,,7,,,2,10,8,,,0.004847414,COMPLETE
324,153.0009308,31:07.5,31:46.0,0 days 00:00:38.516851,4,64,32,32,3,5,,,,,,,,,,,9,3,7,6,6,5,4,,,,,,,,,,,,,,,,,,,,,,,,4,4,normal,mixed,,,,7,,,2,10,8,,,0.00549027,COMPLETE
325,175.0311737,31:46.0,32:25.0,0 days 00:00:38.937374,4,64,128,32,3,5,,,,,,,,,,,9,3,7,6,7,5,4,,,,,,,,,,,,,,,,,,,,,,,,4,4,normal,mixed,,,,7,,,2,10,8,,,0.006172801,COMPLETE
326,408.7756653,32:25.0,33:03.5,0 days 00:00:38.502536,4,64,32,32,3,5,,,,,,,,,,,8,3,7,6,6,5,4,,,,,,,,,,,,,,,,,,,,,,,,4,4,normal,mixed,,,,7,,,2,10,8,,,0.004884666,COMPLETE
327,270.0451965,33:03.5,33:41.7,0 days 00:00:38.235626,4,64,16,8,3,5,,,,,,,,,,,9,2,7,6,6,5,,,,,,,,,,,,,,,,,,,,,,,,,4,4,normal,mixed,,,,6,,,2,10,8,,,0.007119149,COMPLETE
328,186.9436035,33:41.7,34:20.2,0 days 00:00:38.501431,4,64,32,32,3,5,,,,,,,,,,,8,3,7,7,6,8,5,,,,,,,,,,,,,,,,,,,,,,,,4,4,normal,mixed,,,,7,,,2,10,8,,,0.005464015,COMPLETE
329,346.6848145,34:20.2,34:58.7,0 days 00:00:38.510181,4,64,32,32,3,5,,,,,,,,,,,9,2,7,10,6,5,4,,,,,,,,,,,,,,,,,,,,,,,,4,4,normal,mixed,,,,7,,,2,10,8,,,0.004517333,COMPLETE
330,541.8695068,34:58.7,35:37.6,0 days 00:00:38.862101,4,64,32,96,3,5,,,,,,,,,,,9,3,9,6,6,6,4,,,,,,,,,,,,,,,,,,,,,,,,4,4,normal,mixed,,,,7,,,2,10,7,,,0.005016262,COMPLETE
331,135.592514,35:37.6,36:16.0,0 days 00:00:38.404415,4,64,32,32,3,5,,,,,,,,,,,9,2,7,6,6,5,4,,,,,,,,,,,,,,,,,,,,,,,,4,4,normal,mixed,,,,7,,,2,10,8,,,0.00454045,COMPLETE
332,138.7455292,36:16.0,36:54.6,0 days 00:00:38.600788,4,64,32,32,3,5,,,,,,,,,,,9,2,7,6,6,5,4,,,,,,,,,,,,,,,,,,,,,,,,4,4,normal,mixed,,,,7,,,2,10,8,,,0.004506946,COMPLETE
333,526.1238403,36:54.6,37:33.3,0 days 00:00:38.661325,4,64,32,32,3,5,,,,,,,,,,,9,2,7,6,6,5,4,,,,,,,,,,,,,,,,,,,,,,,,4,4,normal,mixed,,,,7,,,2,10,8,,,0.005747149,COMPLETE
334,151.6820068,37:33.3,38:12.1,0 days 00:00:38.800615,4,64,32,32,3,5,,,,,,,,,,,9,2,7,10,7,5,4,,,,,,,,,,,,,,,,,,,,,,,,4,4,normal,mixed,,,,7,,,2,10,8,,,0.005095351,COMPLETE
335,176.4377747,38:12.1,38:50.7,0 days 00:00:38.611036,4,64,32,32,3,5,,,,,,,,,,,9,3,7,5,3,7,9,,,,,,,,,,,,,,,,,,,,,,,,4,4,normal,mixed,,,,7,,,2,10,8,,,0.004531103,COMPLETE
336,205.3620911,38:50.7,39:29.5,0 days 00:00:38.803446,4,64,32,32,3,5,,,,,,,,,,,9,2,7,6,9,10,4,,,,,,,,,,,,,,,,,,,,,,,,4,4,normal,mixed,,,,7,,,2,10,8,,,0.005383813,COMPLETE
337,203.9880371,39:29.5,40:07.7,0 days 00:00:38.233801,4,64,32,32,3,5,,,,,,,,,,,8,2,7,7,6,5,5,,,,,,,,,,,,,,,,,,,,,,,,4,4,normal,mixed,,,,7,,,2,10,8,,,0.006343667,COMPLETE
338,142.2995605,40:07.7,40:45.9,0 days 00:00:38.182163,4,64,32,32,3,5,,,,,,,,,,,9,3,6,10,6,4,,,,,,,,,,,,,,,,,,,,,,,,,4,4,normal,mixed,,,,6,,,2,10,8,,,0.004674886,COMPLETE
339,,40:45.9,41:27.1,0 days 00:00:41.156712,4,64,32,32,3,5,8,2,10,4,2,2,10,10,,,9,3,7,6,6,5,2,,,,,,,,,,,,,,,,,,,,,,,,4,4,mixed,mixed,,,8,7,,,2,10,8,,,0.005124627,FAIL
340,,41:27.1,42:08.8,0 days 00:00:41.729055,4,64,32,32,3,5,8,6,10,4,2,10,10,10,,,9,3,5,6,6,5,2,,,,,,,,,,,,,,,,,,,,,,,,4,4,mixed,mixed,,,8,7,,,2,10,8,,,0.005020208,FAIL
341,,42:08.8,42:50.5,0 days 00:00:41.696553,4,64,32,32,3,5,8,2,10,5,2,2,10,10,10,,9,3,7,6,6,5,3,,,,,,,,,,,,,,,,,,,,,,,,4,4,mixed,mixed,,,9,7,,,2,10,8,,,0.004309662,FAIL
342,,42:50.5,43:31.8,0 days 00:00:41.300667,4,64,32,32,3,5,8,2,10,4,2,2,10,9,,,9,3,7,6,6,5,3,,,,,,,,,,,,,,,,,,,,,,,,4,4,mixed,mixed,,,8,7,,,2,10,8,,,0.005130979,FAIL
343,,43:31.8,44:13.3,0 days 00:00:41.451510,4,64,32,32,3,5,8,2,10,4,2,2,10,10,,,9,3,7,6,6,5,3,,,,,,,,,,,,,,,,,,,,,,,,4,4,mixed,mixed,,,8,7,,,2,10,8,,,0.004246276,FAIL
344,,44:13.3,44:54.7,0 days 00:00:41.447816,4,64,32,32,3,5,8,6,10,4,2,2,10,10,,,6,3,7,6,6,5,3,,,,,,,,,,,,,,,,,,,,,,,,4,4,mixed,mixed,,,8,7,,,2,10,8,,,0.004186302,FAIL
345,321.0249634,44:54.7,45:33.3,0 days 00:00:38.607282,4,64,32,32,3,5,,,,,,,,,,,9,3,7,6,6,5,3,,,,,,,,,,,,,,,,,,,,,,,,4,4,normal,mixed,,,,7,,,2,10,8,,,0.004217579,COMPLETE
346,,45:33.3,46:15.4,0 days 00:00:42.024863,4,64,32,64,3,5,8,2,10,4,3,2,10,10,,,7,6,7,10,6,5,4,,,,,,,,,,,,,,,,,,,,,,,,4,4,mixed,mixed,,,8,7,,,2,10,8,,,0.00514115,FAIL
347,,46:15.4,46:57.8,0 days 00:00:42.489769,4,64,32,64,3,5,8,2,10,4,2,2,10,10,10,,10,6,7,10,6,5,4,,,,,,,,,,,,,,,,,,,,,,,,4,4,mixed,mixed,,,9,7,,,2,10,8,,,0.004944914,FAIL
348,,46:57.8,47:39.5,0 days 00:00:41.675245,4,64,32,64,3,5,8,2,10,4,2,2,10,10,,,7,6,7,10,6,5,4,,,,,,,,,,,,,,,,,,,,,,,,4,4,mixed,mixed,,,8,7,,,2,10,8,,,0.005011859,FAIL
349,,47:39.5,48:21.4,0 days 00:00:41.866265,4,64,32,64,3,5,8,2,10,4,2,2,3,10,,,10,6,7,10,6,5,10,,,,,,,,,,,,,,,,,,,,,,,,4,4,mixed,mixed,,,8,7,,,2,10,8,,,0.005181291,FAIL
350,,48:21.4,49:03.2,0 days 00:00:41.783744,4,64,32,64,3,5,8,2,10,4,2,2,10,10,,,10,6,5,10,6,5,4,,,,,,,,,,,,,,,,,,,,,,,,4,4,mixed,mixed,,,8,7,,,2,10,8,,,0.005060431,FAIL
351,,49:03.2,49:45.1,0 days 00:00:41.867430,4,64,32,64,3,5,8,2,10,4,2,2,10,10,,,7,6,7,10,6,5,10,,,,,,,,,,,,,,,,,,,,,,,,4,4,mixed,mixed,,,8,7,,,2,10,8,,,0.004992678,FAIL
352,308.1167908,49:45.1,50:23.6,0 days 00:00:38.593227,4,64,32,64,3,5,,,,,,,,,,,7,6,5,10,6,5,4,,,,,,,,,,,,,,,,,,,,,,,,4,4,normal,mixed,,,,7,,,2,10,8,,,0.005170643,COMPLETE
353,178.3530121,50:23.7,51:02.1,0 days 00:00:38.432368,4,64,32,32,3,5,,,,,,,,,,,10,2,7,6,5,5,10,,,,,,,,,,,,,,,,,,,,,,,,4,4,normal,mixed,,,,7,,,2,10,8,,,0.004844867,COMPLETE
354,,51:02.1,51:44.6,0 days 00:00:42.468815,4,64,32,128,3,5,8,2,10,4,3,2,10,10,,,9,6,7,6,6,4,4,8,5,,,,,,,,,,,,,,,,,,,,,,4,4,mixed,mixed,,,8,9,,,2,10,9,,,0.005798923,FAIL
355,,51:44.6,52:27.3,0 days 00:00:42.747884,4,64,32,128,3,5,8,2,10,4,2,2,10,10,,,9,6,7,6,6,4,4,8,5,,,,,,,,,,,,,,,,,,,,,,4,4,mixed,mixed,,,8,9,,,2,10,9,,,0.005737258,FAIL
356,,52:27.3,53:10.0,0 days 00:00:42.711469,4,64,32,128,3,5,8,2,10,4,2,2,10,9,,,9,6,7,6,6,4,4,8,5,,,,,,,,,,,,,,,,,,,,,,4,4,mixed,mixed,,,8,9,,,2,10,9,,,0.00112751,FAIL
357,,53:10.0,53:52.4,0 days 00:00:42.375130,4,64,32,128,3,5,8,2,10,4,2,10,10,10,,,9,6,7,6,6,4,4,,,,,,,,,,,,,,,,,,,,,,,,4,4,mixed,mixed,,,8,7,,,2,10,9,,,0.005836315,FAIL
358,,53:52.4,54:35.7,0 days 00:00:43.305364,4,64,32,128,3,5,8,2,10,4,2,10,10,10,,,9,6,7,6,6,4,4,8,8,,,,,,,,,,,,,,,,,,,,,,4,4,mixed,mixed,,,8,9,,,2,10,9,,,0.005904734,FAIL
359,,54:35.7,55:18.8,0 days 00:00:43.073508,4,64,32,128,3,5,8,2,10,4,2,2,10,10,,,9,6,7,6,6,4,4,8,8,,,,,,,,,,,,,,,,,,,,,,4,4,mixed,mixed,,,8,9,,,2,10,9,,,0.004282105,FAIL
360,,55:18.8,56:01.1,0 days 00:00:42.339094,4,64,32,128,3,5,8,6,10,4,2,2,10,9,,,6,6,7,6,6,4,4,5,5,,,,,,,,,,,,,,,,,,,,,,4,4,mixed,mixed,,,8,9,,,2,10,9,,,0.003718978,FAIL
361,169.4204254,56:01.1,56:40.7,0 days 00:00:39.539412,4,64,32,128,3,5,,,,,,,,,,,9,6,7,6,6,4,4,8,5,,,,,,,,,,,,,,,,,,,,,,4,4,normal,mixed,,,,9,,,2,10,9,,,0.00575881,COMPLETE
362,,56:40.7,57:22.7,0 days 00:00:42.013150,4,64,32,32,3,5,8,2,10,4,2,2,10,10,,,6,6,7,10,7,6,5,,,,,,,,,,,,,,,,,,,,,,,,4,4,mixed,mixed,,,8,7,,,2,10,8,,,0.004378509,FAIL
363,,57:22.7,58:04.7,0 days 00:00:41.981494,4,64,32,32,3,5,8,2,10,5,2,2,10,10,,,9,6,7,10,7,6,5,,,,,,,,,,,,,,,,,,,,,,,,4,4,mixed,mixed,,,8,7,,,2,10,8,,,0.00440783,FAIL
364,306.5813904,58:04.7,58:43.5,0 days 00:00:38.856874,4,64,32,32,3,5,,,,,,,,,,,6,6,7,10,7,6,5,,,,,,,,,,,,,,,,,,,,,,,,4,4,normal,mixed,,,,7,,,2,10,8,,,0.003710521,COMPLETE
365,,58:43.5,59:25.3,0 days 00:00:41.714901,4,16,32,128,3,5,9,2,9,4,2,2,10,10,,,9,3,9,6,6,5,4,,,,,,,,,,,,,,,,,,,,,,,,4,4,mixed,mixed,,,8,7,,,2,10,8,,,0.004339248,FAIL
366,,59:25.3,00:06.8,0 days 00:00:41.563065,4,16,32,128,3,5,8,2,10,4,2,2,10,10,,,9,3,9,6,6,5,4,,,,,,,,,,,,,,,,,,,,,,,,4,4,mixed,mixed,,,8,7,,,2,10,8,,,0.004311947,FAIL
367,170.3135986,00:06.8,00:45.7,0 days 00:00:38.907529,4,64,32,128,3,5,,,,,,,,,,,9,3,9,6,6,5,4,,,,,,,,,,,,,,,,,,,,,,,,4,4,normal,mixed,,,,7,,,2,10,8,,,0.004358072,COMPLETE
368,139.6569672,00:45.7,01:23.9,0 days 00:00:38.165469,4,16,32,32,3,5,,,,,,,,,,,9,2,7,10,4,4,3,,,,,,,,,,,,,,,,,,,,,,,,4,4,normal,mixed,,,,7,,,2,10,7,,,0.006678853,COMPLETE
369,,01:23.9,02:04.9,0 days 00:00:41.039973,4,64,32,8,3,5,8,2,10,4,2,2,10,10,,,9,3,7,6,6,3,2,,,,,,,,,,,,,,,,,,,,,,,,4,4,mixed,mixed,,,8,7,,,2,9,8,,,0.005315434,FAIL
370,189.5189362,02:04.9,02:43.3,0 days 00:00:38.400330,4,64,32,32,3,5,,,,,,,,,,,9,10,7,6,6,3,4,,,,,,,,,,,,,,,,,,,,,,,,4,4,normal,mixed,,,,7,,,2,9,8,,,0.005427828,COMPLETE
371,,02:43.3,03:25.1,0 days 00:00:41.767656,4,64,32,8,3,5,8,2,10,4,2,2,10,10,,,10,3,7,10,6,5,,,,,,,,,,,,,,,,,,,,,,,,,4,4,mixed,mixed,,,8,6,,,2,10,8,,,0.004786287,FAIL
372,,03:25.1,04:06.5,0 days 00:00:41.339736,4,64,32,8,3,5,8,2,10,4,2,2,10,10,,,10,3,7,10,5,5,,,,,,,,,,,,,,,,,,,,,,,,,4,4,mixed,mixed,,,8,6,,,2,10,8,,,0.00477543,FAIL
373,,04:06.5,04:47.9,0 days 00:00:41.416960,4,64,32,64,3,5,8,2,10,4,2,2,10,10,,,10,3,7,10,5,5,,,,,,,,,,,,,,,,,,,,,,,,,4,4,mixed,mixed,,,8,6,,,2,10,8,,,0.004420512,FAIL
374,,04:47.9,05:29.4,0 days 00:00:41.560676,4,64,32,8,3,5,8,2,10,4,2,2,10,10,,,10,3,7,10,5,5,,,,,,,,,,,,,,,,,,,,,,,,,4,4,mixed,mixed,,,8,6,,,2,10,8,,,0.003874901,FAIL
375,179.084671,05:29.4,06:08.0,0 days 00:00:38.568798,4,64,32,8,3,5,,,,,,,,,,,10,3,7,10,5,5,,,,,,,,,,,,,,,,,,,,,,,,,4,4,normal,mixed,,,,6,,,2,10,8,,,0.004248953,COMPLETE
376,,06:08.0,06:52.2,0 days 00:00:44.163336,4,64,128,128,3,5,8,2,10,4,2,2,10,10,,,9,6,10,6,4,5,2,5,8,7,,,,,,,,,,,,,,,,,,,,,4,4,mixed,mixed,,,8,10,,,2,10,8,,,0.00382662,FAIL
377,,06:52.2,07:34.2,0 days 00:00:41.995992,4,64,128,64,3,5,8,2,10,4,2,2,10,10,,,9,6,6,6,4,5,2,,,,,,,,,,,,,,,,,,,,,,,,4,4,mixed,mixed,,,8,7,,,2,10,8,,,0.004845372,FAIL
378,,07:34.2,08:17.9,0 days 00:00:43.671891,4,64,16,64,3,5,8,2,10,4,2,2,10,10,,,9,6,10,6,3,5,7,5,8,7,,,,,,,,,,,,,,,,,,,,,4,4,mixed,mixed,,,8,10,,,2,10,8,,,0.00479089,FAIL
379,,08:17.9,08:59.8,0 days 00:00:41.960245,4,64,32,64,3,5,9,2,10,4,2,2,10,10,,,9,6,6,6,4,5,7,,,,,,,,,,,,,,,,,,,,,,,,4,4,mixed,mixed,,,8,7,,,2,10,8,,,0.004770316,FAIL
380,,08:59.8,09:42.0,0 days 00:00:42.206258,4,64,16,64,3,5,8,2,9,4,2,10,10,10,,,9,6,10,6,3,5,4,,,,,,,,,,,,,,,,,,,,,,,,4,4,mixed,mixed,,,8,7,,,2,10,8,,,0.004733338,FAIL
381,137.745636,09:42.0,10:21.1,0 days 00:00:39.049818,4,64,128,64,3,5,,,,,,,,,,,9,6,10,6,3,5,2,,,,,,,,,,,,,,,,,,,,,,,,4,4,normal,mixed,,,,7,,,2,10,8,,,0.004856826,COMPLETE
382,169.6921234,10:21.1,11:00.7,0 days 00:00:39.579563,4,64,32,128,3,5,,,,,,,,,,,8,2,6,6,6,5,7,5,8,,,,,,,,,,,,,,,,,,,,,,4,4,normal,mixed,,,,9,,,2,10,8,,,0.003744527,COMPLETE
383,,11:00.7,11:43.5,0 days 00:00:42.821736,4,64,32,16,3,5,9,2,10,4,2,2,10,10,,,9,3,7,7,4,5,4,5,7,7,,,,,,,,,,,,,,,,,,,,,4,4,mixed,mixed,,,8,10,,,2,10,9,,,0.006161196,FAIL
384,171.1691742,11:43.5,12:21.9,0 days 00:00:38.412820,4,64,16,16,3,5,,,,,,,,,,,9,3,7,7,4,5,5,,,,,,,,,,,,,,,,,,,,,,,,4,4,normal,mixed,,,,7,,,2,10,9,,,0.005958182,COMPLETE
385,114.7307587,12:21.9,13:00.6,0 days 00:00:38.706290,4,8,32,32,3,5,,,,,,,,,,,9,6,8,10,6,3,4,,,,,,,,,,,,,,,,,,,,,,,,4,4,normal,mixed,,,,7,,,2,10,8,,,0.004563504,COMPLETE
386,,13:00.6,13:42.5,0 days 00:00:41.841201,4,8,32,32,3,5,8,2,10,4,2,2,10,10,,,10,6,10,6,6,3,4,,,,,,,,,,,,,,,,,,,,,,,,4,4,mixed,mixed,,,8,7,,,2,10,8,,,0.004654253,FAIL
387,269.6997986,13:42.5,14:21.1,0 days 00:00:38.588822,4,64,32,32,3,5,,,,,,,,,,,10,6,10,6,6,3,4,,,,,,,,,,,,,,,,,,,,,,,,4,4,normal,mixed,,,,7,,,2,10,8,,,0.004678981,COMPLETE
388,,14:21.1,15:02.0,0 days 00:00:40.944439,4,8,64,32,3,5,8,2,10,4,2,2,10,10,,,9,3,7,6,6,2,,,,,,,,,,,,,,,,,,,,,,,,,4,4,mixed,mixed,,,8,6,,,2,10,9,,,0.00499529,FAIL
389,880.4059448,15:02.0,15:40.0,0 days 00:00:38.008915,4,8,64,32,3,5,,,,,,,,,,,9,3,7,6,6,3,,,,,,,,,,,,,,,,,,,,,,,,,4,4,normal,mixed,,,,6,,,2,10,9,,,0.005020041,COMPLETE
390,,15:40.0,16:21.8,0 days 00:00:41.790398,4,64,32,32,3,5,9,2,10,4,2,2,10,10,,,9,6,7,6,7,3,4,,,,,,,,,,,,,,,,,,,,,,,,4,4,mixed,mixed,,,8,7,,,2,10,8,,,0.004300953,FAIL
391,129.1306305,16:21.8,17:00.3,0 days 00:00:38.535372,4,8,32,32,3,5,,,,,,,,,,,9,6,7,6,7,3,4,,,,,,,,,,,,,,,,,,,,,,,,4,4,normal,mixed,,,,7,,,2,10,8,,,0.004360753,COMPLETE
392,,17:00.3,17:41.9,0 days 00:00:41.525446,4,8,32,32,3,5,8,2,10,5,2,2,10,9,,,9,6,7,6,7,3,4,,,,,,,,,,,,,,,,,,,,,,,,4,4,mixed,mixed,,,8,7,,,2,10,8,,,0.005383411,FAIL
393,,17:41.9,18:23.2,0 days 00:00:41.294521,4,8,32,32,3,5,8,2,10,4,2,2,10,10,,,9,6,7,6,7,3,4,,,,,,,,,,,,,,,,,,,,,,,,4,4,mixed,mixed,,,8,7,,,2,9,8,,,0.005324542,FAIL
394,315.0119629,18:23.2,19:01.5,0 days 00:00:38.373352,4,8,32,32,3,5,,,,,,,,,,,9,6,7,6,7,3,4,,,,,,,,,,,,,,,,,,,,,,,,4,4,normal,mixed,,,,7,,,2,9,8,,,0.004155572,COMPLETE
395,,19:01.5,19:42.5,0 days 00:00:40.996074,4,8,32,32,3,5,8,2,10,4,2,2,10,10,,,9,6,8,10,7,3,4,,,,,,,,,,,,,,,,,,,,,,,,4,4,mixed,mixed,,,8,7,,,2,10,8,,,0.0054166,FAIL
396,,19:42.5,20:23.9,0 days 00:00:41.312252,4,64,32,32,3,5,8,2,10,4,2,2,10,10,,,9,6,7,10,7,3,6,,,,,,,,,,,,,,,,,,,,,,,,4,4,mixed,mixed,,,8,7,,,2,10,8,,,0.005289562,FAIL
397,,20:23.9,21:05.2,0 days 00:00:41.350249,4,8,32,32,3,5,9,2,9,4,2,2,10,10,,,9,6,8,10,7,3,6,,,,,,,,,,,,,,,,,,,,,,,,4,4,mixed,mixed,,,8,7,,,2,10,8,,,0.00115331,FAIL
398,,21:05.2,21:45.6,0 days 00:00:40.356148,4,8,32,96,3,5,8,2,9,4,2,2,3,10,10,,9,6,7,,,,,,,,,,,,,,,,,,,,,,,,,,,,4,4,mixed,mixed,,,9,3,,,2,10,8,,,0.005334778,FAIL
399,,21:45.6,22:27.9,0 days 00:00:42.370232,4,8,32,96,3,5,8,6,10,4,2,2,10,10,,,9,6,8,10,7,3,6,,,,,,,,,,,,,,,,,,,,,,,,4,4,mixed,mixed,,,8,7,,,2,10,8,,,0.005465146,FAIL
400,,22:28.0,23:09.3,0 days 00:00:41.380120,4,8,32,96,3,5,8,2,10,4,2,2,10,10,,,9,6,8,10,7,3,6,,,,,,,,,,,,,,,,,,,,,,,,4,4,mixed,mixed,,,8,7,,,2,10,8,,,0.005419985,FAIL
401,,23:09.3,23:51.3,0 days 00:00:41.967565,4,8,32,96,3,5,8,2,10,4,2,10,10,10,,,9,6,8,10,7,3,4,,,,,,,,,,,,,,,,,,,,,,,,4,4,mixed,mixed,,,8,7,,,2,10,8,,,0.00526405,FAIL
402,,23:51.3,24:31.9,0 days 00:00:40.628852,4,8,32,96,3,5,8,2,10,4,2,2,10,10,10,,9,6,8,,,,,,,,,,,,,,,,,,,,,,,,,,,,4,4,mixed,mixed,,,9,3,,,2,10,8,,,0.005538433,FAIL
403,,24:31.9,25:14.1,0 days 00:00:42.195147,4,8,32,96,3,5,8,2,10,4,2,2,10,10,10,,9,6,8,10,7,3,6,,,,,,,,,,,,,,,,,,,,,,,,4,4,mixed,mixed,,,9,7,,,2,10,8,,,0.005559221,FAIL
404,,25:14.1,25:56.2,0 days 00:00:42.039272,4,8,32,96,3,5,8,6,10,4,2,2,10,10,,,9,6,8,10,7,3,6,,,,,,,,,,,,,,,,,,,,,,,,4,4,mixed,mixed,,,8,7,,,2,10,8,,,0.005680072,FAIL
405,,25:56.2,26:37.9,0 days 00:00:41.677556,4,8,32,96,3,5,8,2,10,4,3,2,10,9,,,9,6,7,10,7,3,6,,,,,,,,,,,,,,,,,,,,,,,,4,4,mixed,mixed,,,8,7,,,2,10,8,,,0.005393914,FAIL
406,,26:37.9,27:19.2,0 days 00:00:41.299667,4,8,32,32,3,5,8,2,10,4,2,2,10,10,,,9,6,8,10,7,3,6,,,,,,,,,,,,,,,,,,,,,,,,4,4,mixed,mixed,,,8,7,,,2,10,8,,,0.005511905,FAIL
407,,27:19.2,28:00.4,0 days 00:00:41.249165,4,8,32,96,3,5,8,2,10,5,2,2,10,10,,,9,6,8,10,7,3,6,,,,,,,,,,,,,,,,,,,,,,,,4,4,mixed,mixed,,,8,7,,,2,10,8,,,0.005489423,FAIL
408,,28:00.4,28:41.8,0 days 00:00:41.357128,4,8,32,32,3,5,8,2,10,4,2,2,10,10,,,9,6,7,10,7,3,6,,,,,,,,,,,,,,,,,,,,,,,,4,4,mixed,mixed,,,8,7,,,2,10,8,,,0.005454815,FAIL
409,160.0037231,28:41.8,29:20.2,0 days 00:00:38.418603,4,8,32,96,3,5,,,,,,,,,,,9,6,8,10,7,3,6,,,,,,,,,,,,,,,,,,,,,,,,4,4,normal,mixed,,,,7,,,2,10,8,,,0.005390851,COMPLETE
410,,29:20.2,30:01.0,0 days 00:00:40.815740,4,64,32,32,3,5,8,2,10,4,2,2,10,10,,,9,6,7,6,8,3,4,,,,,,,,,,,,,,,,,,,,,,,,4,4,mixed,mixed,,,8,7,,,2,10,8,,,0.005826085,FAIL
411,194.1039581,30:01.0,30:39.0,0 days 00:00:37.961544,4,8,32,32,3,5,,,,,,,,,,,9,6,7,6,7,3,4,,,,,,,,,,,,,,,,,,,,,,,,4,4,normal,mixed,,,,7,,,2,10,8,,,0.005819577,COMPLETE
412,,30:39.0,31:20.8,0 days 00:00:41.816374,4,8,96,16,3,5,8,2,10,4,2,10,10,10,,,9,5,7,5,5,3,4,,,,,,,,,,,,,,,,,,,,,,,,4,4,mixed,mixed,,,8,7,,,2,10,7,,,0.003975205,FAIL
413,,31:20.8,32:02.4,0 days 00:00:41.592716,4,8,96,16,3,5,8,2,10,4,2,2,10,10,,,9,5,7,10,5,3,4,,,,,,,,,,,,,,,,,,,,,,,,4,4,mixed,mixed,,,8,7,,,2,10,7,,,0.003137918,FAIL
414,,32:02.4,32:44.7,0 days 00:00:42.253640,4,8,96,16,3,5,8,2,10,4,3,2,10,10,10,,9,5,7,10,5,3,4,,,,,,,,,,,,,,,,,,,,,,,,4,4,mixed,mixed,,,9,7,,,2,10,7,,,0.003980693,FAIL
415,,32:44.7,33:26.2,0 days 00:00:41.499195,4,8,96,16,3,5,8,2,10,4,2,2,10,10,,,9,6,7,5,5,3,4,,,,,,,,,,,,,,,,,,,,,,,,4,4,mixed,mixed,,,8,7,,,2,10,7,,,0.005152255,FAIL
416,,33:26.2,34:07.9,0 days 00:00:41.755697,4,8,96,16,3,5,8,2,10,4,2,2,10,10,,,9,6,7,10,5,3,4,,,,,,,,,,,,,,,,,,,,,,,,4,4,mixed,mixed,,,8,7,,,2,10,7,,,0.003970156,FAIL
417,,34:07.9,34:49.6,0 days 00:00:41.674627,4,16,96,16,3,5,8,2,10,5,2,2,10,10,,,9,6,7,10,5,3,4,,,,,,,,,,,,,,,,,,,,,,,,4,4,mixed,mixed,,,8,7,,,2,10,7,,,0.001165267,FAIL
418,,34:49.6,35:30.9,0 days 00:00:41.267658,4,8,96,16,3,5,9,2,10,4,2,2,10,10,,,9,5,7,10,5,3,4,,,,,,,,,,,,,,,,,,,,,,,,4,4,mixed,mixed,,,8,7,,,2,10,8,,,0.004338674,FAIL
419,,35:30.9,36:12.3,0 days 00:00:41.453173,4,8,96,16,3,5,8,2,10,4,2,2,10,10,,,9,6,7,5,5,3,4,,,,,,,,,,,,,,,,,,,,,,,,4,4,mixed,mixed,,,8,7,,,2,10,7,,,0.003092115,FAIL
420,125.9646835,36:12.3,36:51.1,0 days 00:00:38.744015,4,8,96,16,3,5,,,,,,,,,,,9,5,7,10,5,3,4,,,,,,,,,,,,,,,,,,,,,,,,4,4,normal,mixed,,,,7,,,2,10,7,,,0.00312102,COMPLETE
421,,36:51.1,37:32.0,0 days 00:00:40.898547,4,8,96,16,3,5,8,2,10,4,2,2,10,10,,,8,5,7,10,5,3,4,,,,,,,,,,,,,,,,,,,,,,,,4,4,mixed,mixed,,,8,7,,,2,10,6,,,0.003094585,FAIL
422,,37:32.0,38:13.3,0 days 00:00:41.324248,4,8,96,16,3,5,8,2,10,4,3,2,10,10,,,8,5,7,10,5,3,4,,,,,,,,,,,,,,,,,,,,,,,,4,4,mixed,mixed,,,8,7,,,2,10,6,,,0.003156054,FAIL
423,367.5317383,38:13.3,38:51.6,0 days 00:00:38.299027,4,8,96,16,3,5,,,,,,,,,,,8,5,7,10,5,3,4,,,,,,,,,,,,,,,,,,,,,,,,4,4,normal,mixed,,,,7,,,2,10,6,,,0.003232837,COMPLETE
424,,38:51.6,39:31.8,0 days 00:00:40.243727,4,8,96,16,3,5,8,2,10,5,2,2,10,10,,,10,5,6,10,,,,,,,,,,,,,,,,,,,,,,,,,,,4,4,mixed,mixed,,,8,4,,,2,10,7,,,0.003122009,FAIL
425,,39:31.8,40:12.5,0 days 00:00:40.625727,4,8,96,16,3,5,8,2,10,4,2,2,10,9,,,10,5,6,10,,,,,,,,,,,,,,,,,,,,,,,,,,,4,4,mixed,mixed,,,8,4,,,2,10,7,,,0.003034156,FAIL
426,,40:12.5,40:54.1,0 days 00:00:41.624837,4,8,96,16,3,5,9,2,10,4,2,2,10,10,10,,10,5,6,10,5,3,,,,,,,,,,,,,,,,,,,,,,,,,4,4,mixed,mixed,,,9,6,,,2,10,7,,,0.003553442,FAIL
427,,40:54.1,41:34.9,0 days 00:00:40.788147,4,8,96,16,3,5,8,2,10,4,2,2,10,10,,,10,5,6,10,5,2,,,,,,,,,,,,,,,,,,,,,,,,,4,4,mixed,mixed,,,8,6,,,2,10,7,,,0.003468727,FAIL
428,,41:34.9,42:15.7,0 days 00:00:40.783481,4,8,96,16,3,5,8,2,10,4,2,2,10,10,,,10,5,6,10,5,2,,,,,,,,,,,,,,,,,,,,,,,,,4,4,mixed,mixed,,,8,6,,,2,10,7,,,0.003911625,FAIL
429,,42:15.7,42:56.6,0 days 00:00:40.942267,4,8,96,16,3,5,8,2,10,4,2,2,10,10,,,10,5,7,10,5,2,,,,,,,,,,,,,,,,,,,,,,,,,4,4,mixed,mixed,,,8,6,,,2,10,7,,,0.003007999,FAIL
430,,42:56.6,43:38.0,0 days 00:00:41.320908,4,8,96,16,3,5,8,2,10,4,2,2,10,10,,,10,5,6,10,5,2,,,,,,,,,,,,,,,,,,,,,,,,,4,4,mixed,mixed,,,8,6,,,2,10,7,,,0.003966937,FAIL
431,,43:38.0,44:18.8,0 days 00:00:40.843194,4,8,96,16,3,5,8,2,10,4,3,2,10,10,,,10,5,6,10,5,2,,,,,,,,,,,,,,,,,,,,,,,,,4,4,mixed,mixed,,,8,6,,,2,10,7,,,0.003015637,FAIL
432,118.3106079,44:18.8,44:56.7,0 days 00:00:37.876304,4,8,96,16,3,5,,,,,,,,,,,10,5,6,10,5,2,,,,,,,,,,,,,,,,,,,,,,,,,4,4,normal,mixed,,,,6,,,2,10,7,,,0.003120312,COMPLETE
433,,44:56.7,45:37.6,0 days 00:00:40.932753,4,8,96,16,3,5,8,2,10,4,2,2,10,10,,,10,5,4,10,5,3,,,,,,,,,,,,,,,,,,,,,,,,,3,4,mixed,mixed,,,8,6,,,2,10,7,,,0.003075628,FAIL
434,,45:37.6,46:18.6,0 days 00:00:40.941908,4,8,96,16,3,5,8,2,10,4,2,2,10,10,,,10,5,6,10,5,2,,,,,,,,,,,,,,,,,,,,,,,,,3,4,mixed,mixed,,,8,6,,,2,10,6,,,0.003042899,FAIL
435,,46:18.6,46:59.9,0 days 00:00:41.318116,4,8,96,16,3,5,8,6,10,4,2,2,10,9,,,10,5,6,10,5,2,,,,,,,,,,,,,,,,,,,,,,,,,3,4,mixed,mixed,,,8,6,,,2,10,7,,,0.003001673,FAIL
436,,46:59.9,47:40.8,0 days 00:00:40.909384,4,8,96,16,3,5,8,2,10,4,2,2,10,10,,,10,5,6,10,5,2,,,,,,,,,,,,,,,,,,,,,,,,,3,4,mixed,mixed,,,8,6,,,2,10,7,,,0.00305627,FAIL
437,203.7356262,47:40.8,48:18.6,0 days 00:00:37.848822,4,8,96,16,3,5,,,,,,,,,,,10,4,6,10,5,2,,,,,,,,,,,,,,,,,,,,,,,,,3,4,normal,mixed,,,,6,,,2,10,7,,,0.00307637,COMPLETE
438,,48:18.6,48:59.7,0 days 00:00:41.034547,4,8,96,16,3,5,8,2,10,4,2,2,10,10,,,10,5,6,8,5,2,,,,,,,,,,,,,,,,,,,,,,,,,4,4,mixed,mixed,,,8,6,,,2,9,6,,,0.002840803,FAIL
439,,48:59.7,49:40.6,0 days 00:00:40.910918,4,8,96,16,3,5,8,2,10,4,2,2,10,10,,,10,5,10,8,5,2,,,,,,,,,,,,,,,,,,,,,,,,,4,4,mixed,mixed,,,8,6,,,2,9,6,,,0.001153688,FAIL
440,,49:40.6,50:21.6,0 days 00:00:41.003295,4,8,96,16,3,5,8,2,10,4,2,2,10,10,,,10,5,6,8,5,2,,,,,,,,,,,,,,,,,,,,,,,,,4,4,mixed,mixed,,,8,6,,,2,9,6,,,0.003526654,FAIL
441,,50:21.6,51:02.4,0 days 00:00:40.820322,4,8,96,16,3,5,8,2,10,4,2,2,10,10,,,10,5,6,8,5,2,,,,,,,,,,,,,,,,,,,,,,,,,4,4,mixed,mixed,,,8,6,,,2,9,7,,,0.003481719,FAIL
442,,51:02.4,51:43.4,0 days 00:00:40.937717,4,8,96,16,3,5,8,2,10,4,2,2,10,10,,,10,5,6,8,5,2,,,,,,,,,,,,,,,,,,,,,,,,,4,4,mixed,mixed,,,8,6,,,2,9,6,,,0.002955451,FAIL
443,214.5704041,51:43.4,52:21.1,0 days 00:00:37.710320,4,8,96,16,3,5,,,,,,,,,,,10,5,6,8,5,2,,,,,,,,,,,,,,,,,,,,,,,,,4,4,normal,mixed,,,,6,,,2,9,7,,,0.002980577,COMPLETE
444,,52:21.1,53:02.4,0 days 00:00:41.307698,4,8,96,16,3,5,8,2,10,4,2,2,10,10,,,10,5,10,10,5,2,,,,,,,,,,,,,,,,,,,,,,,,,4,4,mixed,mixed,,,8,6,,,2,10,6,,,0.003323018,FAIL
445,,53:02.4,53:44.4,0 days 00:00:41.971296,4,8,96,16,3,5,8,2,10,4,2,2,10,10,10,,10,5,4,10,5,2,,,,,,,,,,,,,,,,,,,,,,,,,4,4,mixed,mixed,,,9,6,,,2,10,6,,,0.00350047,FAIL
446,155.5862732,53:44.4,54:22.5,0 days 00:00:38.087047,4,8,96,16,3,5,,,,,,,,,,,10,5,3,10,8,2,,,,,,,,,,,,,,,,,,,,,,,,,4,4,normal,mixed,,,,6,,,2,10,6,,,0.003473021,COMPLETE
447,150.5508881,54:22.5,55:01.1,0 days 00:00:38.614125,4,8,96,16,3,5,,,,,,,,,,,10,6,8,10,5,3,3,,,,,,,,,,,,,,,,,,,,,,,,4,4,normal,mixed,,,,7,,,2,10,7,,,0.003861217,COMPLETE
448,142.4595184,55:01.1,55:39.7,0 days 00:00:38.664454,4,8,96,16,3,5,,,,,,,,,,,9,4,10,10,5,3,5,,,,,,,,,,,,,,,,,,,,,,,,4,4,normal,mixed,,,,7,,,2,10,6,,,0.002871416,COMPLETE
449,,55:39.7,56:21.3,0 days 00:00:41.597556,4,8,96,16,3,5,8,2,10,4,2,2,10,10,,,9,6,5,10,5,2,4,,,,,,,,,,,,,,,,,,,,,,,,4,4,mixed,mixed,,,8,7,,,2,10,9,,,0.001065534,FAIL
450,,56:21.3,57:03.4,0 days 00:00:42.076759,4,8,96,16,3,5,8,2,9,4,2,10,10,10,,,9,6,7,10,5,2,4,,,,,,,,,,,,,,,,,,,,,,,,4,4,mixed,mixed,,,8,7,,,2,10,9,,,0.003288204,FAIL
451,201.1785278,57:03.4,57:42.1,0 days 00:00:38.665733,4,8,96,16,3,5,,,,,,,,,,,9,6,7,10,5,2,4,,,,,,,,,,,,,,,,,,,,,,,,4,4,normal,mixed,,,,7,,,2,10,9,,,0.003306437,COMPLETE
452,232.8427429,57:42.1,58:19.8,0 days 00:00:37.744489,4,8,96,64,3,5,,,,,,,,,,,10,5,5,6,5,,,,,,,,,,,,,,,,,,,,,,,,,,4,4,normal,mixed,,,,5,,,2,10,9,,,0.00107799,COMPLETE
453,,58:19.8,59:01.6,0 days 00:00:41.799580,4,8,96,16,3,5,8,2,10,4,2,2,10,9,10,,9,6,7,5,7,3,,,,,,,,,,,,,,,,,,,,,,,,,4,4,mixed,mixed,,,9,6,,,2,10,7,,,0.003574263,FAIL
454,,59:01.6,59:43.3,0 days 00:00:41.676678,4,8,96,16,3,5,8,6,10,4,2,2,10,10,,,9,6,7,10,7,3,,,,,,,,,,,,,,,,,,,,,,,,,4,4,mixed,mixed,,,8,6,,,2,10,7,,,0.003585182,FAIL
455,,59:43.3,00:24.6,0 days 00:00:41.281125,4,8,96,16,3,5,8,2,10,4,2,2,10,10,,,9,6,7,5,7,3,,,,,,,,,,,,,,,,,,,,,,,,,4,4,mixed,mixed,,,8,6,,,2,10,7,,,0.003565727,FAIL
456,,00:24.6,01:06.1,0 days 00:00:41.515973,4,64,96,16,3,5,8,2,10,4,2,2,10,10,,,9,6,7,10,5,3,,,,,,,,,,,,,,,,,,,,,,,,,4,4,mixed,mixed,,,8,6,,,2,10,7,,,0.003514239,FAIL
457,,01:06.1,01:47.7,0 days 00:00:41.597479,4,8,96,16,3,5,8,2,10,4,2,2,10,10,,,9,6,7,10,7,3,,,,,,,,,,,,,,,,,,,,,,,,,4,4,mixed,mixed,,,8,6,,,2,10,7,,,0.003555221,FAIL
458,142.0522766,01:47.7,02:26.0,0 days 00:00:38.247297,4,8,96,16,3,5,,,,,,,,,,,9,6,7,5,7,3,,,,,,,,,,,,,,,,,,,,,,,,,4,4,normal,mixed,,,,6,,,2,10,7,,,0.004027479,COMPLETE
459,,02:26.0,03:07.4,0 days 00:00:41.370617,4,8,96,16,3,5,8,2,10,5,3,2,10,10,,,6,4,7,9,6,4,4,,,,,,,,,,,,,,,,,,,,,,,,4,4,mixed,mixed,,,8,7,,,2,10,7,,,0.0035327,FAIL
460,166.8953857,03:07.4,03:46.3,0 days 00:00:38.957926,4,8,96,16,3,5,,,,,,,,,,,9,4,7,9,6,4,4,,,,,,,,,,,,,,,,,,,,,,,,4,4,normal,mixed,,,,7,,,2,10,7,,,0.003656032,COMPLETE
461,,03:46.3,04:27.9,0 days 00:00:41.561512,4,8,96,32,3,5,8,2,10,4,2,2,10,10,,,9,6,9,10,5,3,5,,,,,,,,,,,,,,,,,,,,,,,,4,4,mixed,mixed,,,8,7,,,2,10,8,,,0.003151324,FAIL
462,,04:27.9,05:09.8,0 days 00:00:41.893527,4,8,96,32,3,5,8,2,10,4,2,2,10,10,,,9,6,9,10,5,3,5,,,,,,,,,,,,,,,,,,,,,,,,4,4,mixed,mixed,,,8,7,,,2,10,8,,,0.004360034,FAIL
463,,05:09.8,05:51.5,0 days 00:00:41.746658,4,8,96,32,3,5,8,2,10,4,2,2,10,10,,,9,6,9,10,5,3,5,,,,,,,,,,,,,,,,,,,,,,,,4,4,mixed,mixed,,,8,7,,,2,10,8,,,0.004262871,FAIL
464,182.5008087,05:51.5,06:30.1,0 days 00:00:38.607380,4,8,96,32,3,5,,,,,,,,,,,6,6,9,10,5,3,5,,,,,,,,,,,,,,,,,,,,,,,,4,4,normal,mixed,,,,7,,,2,10,8,,,0.003219172,COMPLETE
465,214.890625,06:30.1,07:08.7,0 days 00:00:38.561982,4,8,96,32,3,5,,,,,,,,,,,9,6,7,7,6,2,4,,,,,,,,,,,,,,,,,,,,,,,,4,4,normal,mixed,,,,7,,,2,10,8,,,0.004574344,COMPLETE
466,,07:08.7,07:49.8,0 days 00:00:41.126122,4,16,32,16,3,5,8,2,10,4,2,2,10,9,,,9,6,7,6,7,3,4,,,,,,,,,,,,,,,,,,,,,,,,4,4,mixed,mixed,,,8,7,,,2,10,9,,,0.004279452,FAIL
467,,07:49.8,08:30.0,0 days 00:00:40.160010,4,16,32,64,3,5,8,6,10,4,2,2,10,10,,,9,6,4,,,,,,,,,,,,,,,,,,,,,,,,,,,,4,4,mixed,mixed,,,8,3,,,2,10,9,,,0.004283687,FAIL
468,,08:30.0,09:11.5,0 days 00:00:41.485124,4,16,32,64,3,5,8,2,10,4,2,2,10,10,,,9,6,4,6,7,3,4,,,,,,,,,,,,,,,,,,,,,,,,4,4,mixed,mixed,,,8,7,,,2,10,9,,,0.004280003,FAIL
469,142.0158234,09:11.5,09:49.8,0 days 00:00:38.282614,4,8,32,16,3,5,,,,,,,,,,,9,6,7,6,7,3,4,,,,,,,,,,,,,,,,,,,,,,,,4,4,normal,mixed,,,,7,,,2,10,9,,,0.003547549,COMPLETE
470,,09:49.8,10:31.9,0 days 00:00:42.090497,4,16,96,64,3,5,8,2,10,4,2,2,10,9,,,9,6,10,8,4,3,6,,,,,,,,,,,,,,,,,,,,,,,,4,4,mixed,mixed,,,8,7,,,2,9,8,,,0.004033773,FAIL
471,,10:31.9,11:14.4,0 days 00:00:42.550901,4,8,96,64,3,5,8,6,10,4,2,2,10,10,,,9,6,10,8,4,3,6,,,,,,,,,,,,,,,,,,,,,,,,4,4,mixed,mixed,,,8,7,,,2,9,8,,,0.002872806,FAIL
472,,11:14.4,11:57.1,0 days 00:00:42.645464,4,16,96,64,3,5,8,2,10,4,3,2,10,10,,,9,6,10,10,4,3,3,,,,,,,,,,,,,,,,,,,,,,,,4,4,mixed,mixed,,,8,7,,,2,9,8,,,0.002983593,FAIL
473,,11:57.1,12:39.3,0 days 00:00:42.246791,4,8,96,64,3,5,8,2,10,4,2,2,10,9,,,9,6,10,10,4,3,6,,,,,,,,,,,,,,,,,,,,,,,,4,4,mixed,mixed,,,8,7,,,2,9,8,,,0.004362045,FAIL
474,,12:39.3,13:21.2,0 days 00:00:41.842609,4,16,96,64,3,5,8,2,10,4,2,10,10,10,,,9,6,4,8,4,3,6,,,,,,,,,,,,,,,,,,,,,,,,4,4,mixed,mixed,,,8,7,,,2,9,8,,,0.002928628,FAIL
475,195.0827332,13:21.2,14:00.0,0 days 00:00:38.807535,4,16,96,64,3,5,,,,,,,,,,,9,6,10,10,4,3,6,,,,,,,,,,,,,,,,,,,,,,,,4,4,normal,mixed,,,,7,,,2,9,8,,,0.004283873,COMPLETE
476,,14:00.0,14:41.3,0 days 00:00:41.291151,4,8,128,32,3,5,9,2,9,4,3,2,10,10,,,10,5,6,6,5,4,3,,,,,,,,,,,,,,,,,,,,,,,,4,4,mixed,mixed,,,8,7,,,2,10,8,,,0.002960892,FAIL
477,,14:41.3,15:22.5,0 days 00:00:41.182711,4,8,128,32,3,5,9,2,10,4,2,2,10,10,,,10,5,6,6,5,5,3,,,,,,,,,,,,,,,,,,,,,,,,4,4,mixed,mixed,,,8,7,,,2,10,8,,,0.002829193,FAIL
478,,15:22.5,16:03.8,0 days 00:00:41.328616,4,8,128,32,3,5,8,6,10,4,2,2,10,10,,,10,5,6,6,5,4,3,,,,,,,,,,,,,,,,,,,,,,,,4,4,mixed,mixed,,,8,7,,,2,10,8,,,0.002980126,FAIL
479,139.619339,16:03.8,16:42.3,0 days 00:00:38.534392,4,8,128,32,3,5,,,,,,,,,,,10,5,6,6,5,4,3,,,,,,,,,,,,,,,,,,,,,,,,4,4,normal,mixed,,,,7,,,2,10,8,,,0.00282512,COMPLETE
480,,16:42.3,17:23.6,0 days 00:00:41.282158,4,8,32,32,3,5,8,2,10,4,2,2,10,10,,,9,6,4,8,6,2,4,,,,,,,,,,,,,,,,,,,,,,,,4,4,mixed,mixed,,,8,7,,,2,10,8,,,0.003944379,FAIL
481,184.1236267,17:23.6,18:00.7,0 days 00:00:37.100725,4,8,32,32,3,5,,,,,,,,,,,9,6,7,,,,,,,,,,,,,,,,,,,,,,,,,,,,4,4,normal,mixed,,,,3,,,2,10,8,,,0.003953043,COMPLETE
482,,18:00.7,18:41.9,0 days 00:00:41.170904,4,64,16,16,3,5,8,2,10,4,2,2,10,10,,,9,3,7,8,6,2,,,,,,,,,,,,,,,,,,,,,,,,,4,4,mixed,mixed,,,8,6,,,2,10,8,,,0.003077369,FAIL
483,171.0996704,18:41.9,19:21.5,0 days 00:00:39.591010,4,64,16,16,3,5,,,,,,,,,,,9,3,7,8,6,2,4,9,2,7,,,,,,,,,,,,,,,,,,,,,4,4,normal,mixed,,,,10,,,2,10,8,,,0.003120916,COMPLETE
484,,19:21.5,20:02.9,0 days 00:00:41.419475,4,64,32,32,3,5,8,2,10,4,2,2,10,10,,,9,4,4,9,6,5,,,,,,,,,,,,,,,,,,,,,,,,,4,4,mixed,mixed,,,8,6,,,2,10,9,,,0.004339585,FAIL
485,,20:02.9,20:46.0,0 days 00:00:43.094478,4,64,32,32,3,5,8,2,10,4,2,2,10,9,10,,9,4,7,9,6,5,,,,,,,,,,,,,,,,,,,,,,,,,4,4,mixed,mixed,,,9,6,,,2,10,9,,,0.004713696,FAIL
486,,20:46.0,21:31.0,0 days 00:00:45.022501,4,64,64,32,3,5,8,2,10,4,2,2,10,10,,,9,4,7,9,8,5,,,,,,,,,,,,,,,,,,,,,,,,,4,4,mixed,mixed,,,8,6,,,2,10,9,,,0.004363242,FAIL
487,,21:31.0,22:15.3,0 days 00:00:44.259593,4,64,32,32,3,5,8,2,10,4,2,2,10,10,,,9,4,7,2,6,5,,,,,,,,,,,,,,,,,,,,,,,,,4,4,mixed,mixed,,,8,6,,,2,10,9,,,0.004814502,FAIL
488,,22:15.3,22:59.5,0 days 00:00:44.216113,4,64,64,32,3,5,8,2,10,4,2,2,10,10,,,4,6,4,9,6,5,,,,,,,,,,,,,,,,,,,,,,,,,4,4,mixed,mixed,,,8,6,,,2,10,9,,,0.00442713,FAIL
489,230.6125946,22:59.5,23:39.9,0 days 00:00:40.334226,4,64,64,32,3,5,,,,,,,,,,,9,4,7,9,6,5,,,,,,,,,,,,,,,,,,,,,,,,,4,4,normal,mixed,,,,6,,,2,10,9,,,0.00432602,COMPLETE
490,,23:39.9,24:23.5,0 days 00:00:43.599886,4,8,32,32,3,5,8,2,10,4,2,2,10,10,,,9,6,7,6,5,5,4,8,,,,,,,,,,,,,,,,,,,,,,,4,4,mixed,mixed,,,8,8,,,2,10,8,,,0.004891192,FAIL
491,152.7086639,24:23.5,25:05.1,0 days 00:00:41.638488,4,8,32,32,3,5,,,,,,,,,,,9,6,7,6,8,5,4,8,,,,,,,,,,,,,,,,,,,,,,,4,4,normal,mixed,,,,8,,,2,10,8,,,0.004856925,COMPLETE
492,226.7546692,25:05.1,25:46.2,0 days 00:00:41.146901,4,64,96,64,3,5,,,,,,,,,,,10,5,8,10,7,3,3,,,,,,,,,,,,,,,,,,,,,,,,4,4,normal,mixed,,,,7,,,2,10,8,,,0.003630269,COMPLETE
493,,25:46.2,26:29.6,0 days 00:00:43.329415,4,64,32,8,3,5,8,2,10,4,2,2,10,10,,,9,2,7,6,,,,,,,,,,,,,,,,,,,,,,,,,,,4,4,mixed,mixed,,,8,4,,,2,10,7,,,0.004037991,FAIL
494,,26:29.6,27:14.2,0 days 00:00:44.596766,4,32,32,8,3,5,8,2,10,4,2,2,10,10,,,9,2,7,6,6,5,5,,,,,,,,,,,,,,,,,,,,,,,,4,4,mixed,mixed,,,8,7,,,2,10,8,,,0.0039117,FAIL
495,,27:14.2,27:57.4,0 days 00:00:43.268248,4,16,32,8,3,5,8,2,10,4,2,2,10,9,10,,9,2,7,6,6,5,5,,,,,,,,,,,,,,,,,,,,,,,,4,4,mixed,mixed,,,9,7,,,2,10,7,,,0.004361348,FAIL
496,,27:57.5,28:41.0,0 days 00:00:43.527761,4,16,32,8,3,5,8,2,10,4,2,2,3,10,,,9,6,4,2,6,5,5,,,,,,,,,,,,,,,,,,,,,,,,4,4,mixed,mixed,,,8,7,,,2,10,7,,,0.003363427,FAIL
497,,28:41.0,29:24.9,0 days 00:00:43.934744,4,16,32,8,3,5,8,2,10,4,2,2,10,10,,,4,2,7,6,6,5,5,,,,,,,,,,,,,,,,,,,,,,,,4,4,mixed,mixed,,,8,7,,,2,10,7,,,0.003944534,FAIL
498,,29:24.9,30:07.5,0 days 00:00:42.576774,4,64,32,8,3,5,8,2,10,4,2,2,10,10,,,9,2,7,2,,,,,,,,,,,,,,,,,,,,,,,,,,,4,4,mixed,mixed,,,8,4,,,2,10,7,,,0.003954789,FAIL
499,,30:07.5,30:51.6,0 days 00:00:44.088042,4,16,32,8,3,5,9,2,9,4,2,2,10,9,,,9,2,7,6,6,5,5,,,,,,,,,,,,,,,,,,,,,,,,4,4,mixed,mixed,,,8,7,,,2,10,7,,,0.003968939,FAIL
500,906.5282593,30:51.6,31:30.0,0 days 00:00:38.395004,4,16,32,8,3,5,,,,,,,,,,,9,2,7,6,,,,,,,,,,,,,,,,,,,,,,,,,,,4,4,normal,mixed,,,,4,,,2,10,7,,,0.000386618,COMPLETE
501,,31:30.0,32:14.9,0 days 00:00:44.900052,4,64,32,32,3,5,8,2,10,4,2,2,10,10,,,9,6,7,10,6,5,4,,,,,,,,,,,,,,,,,,,,,,,,4,4,mixed,mixed,,,8,7,,,2,10,8,,,0.003942128,FAIL
502,153.3347626,32:14.9,32:55.6,0 days 00:00:40.716829,4,32,32,32,3,5,,,,,,,,,,,9,6,7,10,6,5,5,,,,,,,,,,,,,,,,,,,,,,,,4,4,normal,mixed,,,,7,,,2,10,8,,,0.004019626,COMPLETE
503,152.7014313,32:55.6,33:35.7,0 days 00:00:40.079003,4,64,96,16,3,5,,,,,,,,,,,9,3,7,9,4,4,4,,,,,,,,,,,,,,,,,,,,,,,,4,4,normal,mixed,,,,7,,,2,9,8,,,0.003362966,COMPLETE
504,,33:35.7,34:20.3,0 days 00:00:44.641767,4,8,32,32,3,5,8,2,10,4,2,2,10,10,,,4,4,7,6,5,5,4,10,,,,,,,,,,,,,,,,,,,,,,,5,4,mixed,mixed,,,8,8,,,2,10,9,,,0.004664233,FAIL
505,374.4553833,34:20.3,35:00.7,0 days 00:00:40.310324,4,8,32,32,3,5,,,,,,,,,,,9,4,7,6,5,5,4,5,,,,,,,,,,,,,,,,,,,,,,,5,4,normal,mixed,,,,8,,,2,10,9,,,0.005036041,COMPLETE
506,,35:00.7,35:45.4,0 days 00:00:44.776009,4,64,32,96,3,5,8,2,10,5,2,2,10,10,,,9,3,6,6,5,4,6,,,,,,,,,,,,,,,,,,,,,,,,4,4,mixed,mixed,,,8,7,,,2,10,5,,,0.004364618,FAIL
507,,35:45.4,36:28.9,0 days 00:00:43.417683,4,64,32,32,3,5,8,2,10,4,2,2,10,10,,,9,3,6,6,5,4,6,,,,,,,,,,,,,,,,,,,,,,,,4,4,mixed,mixed,,,8,7,,,2,10,7,,,0.004453698,FAIL
508,,36:28.9,37:12.2,0 days 00:00:43.378800,4,64,32,96,3,5,8,2,10,4,2,2,3,10,10,,9,3,6,6,5,4,6,,,,,,,,,,,,,,,,,,,,,,,,4,4,mixed,mixed,,,9,7,,,2,10,7,,,0.004437329,FAIL
509,,37:12.2,37:55.3,0 days 00:00:43.021260,4,64,32,96,3,5,8,2,10,4,2,2,10,10,,,9,3,6,6,5,4,6,,,,,,,,,,,,,,,,,,,,,,,,4,4,mixed,mixed,,,8,7,,,2,10,7,,,0.004402099,FAIL
510,262.3300171,37:55.3,38:34.3,0 days 00:00:38.994980,4,64,32,96,3,5,,,,,,,,,,,9,3,4,6,5,4,6,,,,,,,,,,,,,,,,,,,,,,,,4,4,normal,mixed,,,,7,,,2,10,7,,,0.004457717,COMPLETE
511,,38:34.3,39:17.9,0 days 00:00:43.682483,4,64,32,32,3,5,8,2,10,4,2,10,10,10,,,4,6,8,7,6,5,4,,,,,,,,,,,,,,,,,,,,,,,,4,4,mixed,mixed,,,8,7,,,2,10,8,,,0.002816095,FAIL
512,,39:17.9,40:00.7,0 days 00:00:42.769768,4,64,32,32,3,5,2,2,10,4,2,2,10,10,,,7,6,8,7,6,5,4,,,,,,,,,,,,,,,,,,,,,,,,4,4,mixed,mixed,,,8,7,,,2,10,8,,,0.002798044,FAIL
513,156.6646118,40:00.7,40:40.1,0 days 00:00:39.330066,4,64,32,32,3,5,,,,,,,,,,,7,6,8,7,6,5,4,,,,,,,,,,,,,,,,,,,,,,,,4,4,normal,mixed,,,,7,,,2,10,8,,,0.005356882,COMPLETE
514,,40:40.1,41:22.9,0 days 00:00:42.875777,4,96,96,16,3,5,8,2,10,4,2,2,10,10,,,4,6,5,9,6,3,,,,,,,,,,,,,,,,,,,,,,,,,4,4,mixed,mixed,,,8,6,,,2,10,9,,,0.002749592,FAIL
515,,41:22.9,42:06.6,0 days 00:00:43.691435,4,96,96,16,3,5,8,2,10,4,2,2,10,10,,,10,6,5,9,6,3,,,,,,,,,,,,,,,,,,,,,,,,,4,4,mixed,mixed,,,8,6,,,2,10,9,,,0.003088661,FAIL
516,,42:06.6,42:50.4,0 days 00:00:43.780090,4,96,96,16,3,5,8,2,10,4,2,2,10,10,,,10,6,6,9,6,3,,,,,,,,,,,,,,,,,,,,,,,,,4,4,mixed,mixed,,,8,6,,,2,10,9,,,0.002952152,FAIL
517,,42:50.4,43:34.2,0 days 00:00:43.827012,4,96,96,16,3,5,8,2,10,4,2,2,10,10,,,9,6,5,9,6,3,,,,,,,,,,,,,,,,,,,,,,,,,4,4,mixed,mixed,,,8,6,,,2,10,9,,,0.003004691,FAIL
518,136.4649658,43:34.2,44:13.9,0 days 00:00:39.625757,4,96,96,16,3,5,,,,,,,,,,,10,6,6,9,6,3,,,,,,,,,,,,,,,,,,,,,,,,,4,4,normal,mixed,,,,6,,,2,10,9,,,0.002721951,COMPLETE
519,,44:13.9,44:58.0,0 days 00:00:44.090692,4,64,32,32,3,5,8,2,10,4,2,2,10,10,10,,9,2,10,2,6,5,4,,,,,,,,,,,,,,,,,,,,,,,,4,4,mixed,mixed,,,9,7,,,2,10,8,,,0.002979726,FAIL
520,123.1779709,44:58.0,45:37.8,0 days 00:00:39.847424,4,64,32,32,3,5,,,,,,,,,,,9,2,10,10,6,5,4,,,,,,,,,,,,,,,,,,,,,,,,4,4,normal,mixed,,,,7,,,2,10,8,,,0.003099358,COMPLETE
521,,45:37.8,46:21.9,0 days 00:00:44.113122,4,8,32,32,3,5,8,2,10,4,2,2,10,10,,,9,3,10,10,4,5,5,,,,,,,,,,,,,,,,,,,,,,,,4,4,mixed,mixed,,,8,7,,,2,10,8,,,0.003092073,FAIL
522,,46:21.9,47:05.9,0 days 00:00:43.919803,4,8,8,32,3,5,8,2,10,4,2,2,10,10,,,9,3,10,10,4,5,5,,,,,,,,,,,,,,,,,,,,,,,,4,4,mixed,mixed,,,8,7,,,2,10,8,,,0.002518695,FAIL
523,,47:05.9,47:49.9,0 days 00:00:43.999407,4,8,8,32,3,5,8,2,10,4,2,2,10,10,,,9,3,10,10,4,5,5,,,,,,,,,,,,,,,,,,,,,,,,4,4,mixed,mixed,,,8,7,,,2,10,5,,,0.002986276,FAIL
524,,47:49.9,48:33.7,0 days 00:00:43.856110,4,8,32,32,3,5,8,2,10,4,2,2,10,10,,,9,3,10,10,4,5,5,,,,,,,,,,,,,,,,,,,,,,,,4,4,mixed,mixed,,,8,7,,,2,10,8,,,0.003044142,FAIL
525,,48:33.7,49:16.8,0 days 00:00:43.038482,4,8,32,32,3,5,8,2,10,5,3,2,10,10,,,2,3,10,10,4,5,5,,,,,,,,,,,,,,,,,,,,,,,,4,4,mixed,mixed,,,8,7,,,2,10,5,,,0.003074098,FAIL
526,194.1522675,49:16.8,49:56.3,0 days 00:00:39.496720,4,8,8,32,3,5,,,,,,,,,,,9,3,10,10,4,5,5,,,,,,,,,,,,,,,,,,,,,,,,4,4,normal,mixed,,,,7,,,2,10,5,,,0.003097262,COMPLETE
527,,49:56.3,50:39.9,0 days 00:00:43.619588,4,96,32,64,3,5,8,6,10,4,2,2,10,10,,,4,2,10,10,7,5,4,,,,,,,,,,,,,,,,,,,,,,,,4,4,mixed,mixed,,,8,7,,,2,10,8,,,0.002893771,FAIL
528,,50:39.9,51:23.8,0 days 00:00:43.943150,4,96,32,64,3,5,8,2,10,4,2,2,10,10,,,9,2,10,10,7,5,4,,,,,,,,,,,,,,,,,,,,,,,,4,4,mixed,mixed,,,8,7,,,2,10,8,,,0.002823928,FAIL
529,,51:23.8,52:07.9,0 days 00:00:44.045870,4,96,32,64,3,5,8,6,10,4,2,2,10,10,,,9,2,10,10,7,5,4,,,,,,,,,,,,,,,,,,,,,,,,4,4,mixed,mixed,,,8,7,,,2,10,8,,,0.00249965,FAIL
530,,52:07.9,52:52.0,0 days 00:00:44.130464,4,96,32,64,3,5,9,2,10,4,2,2,10,10,,,9,2,10,10,7,5,4,,,,,,,,,,,,,,,,,,,,,,,,4,4,mixed,mixed,,,8,7,,,2,10,8,,,0.002520286,FAIL
531,,52:52.0,53:35.7,0 days 00:00:43.723968,4,96,32,64,3,5,8,2,10,5,2,2,10,10,,,2,2,10,10,7,5,4,,,,,,,,,,,,,,,,,,,,,,,,4,4,mixed,mixed,,,8,7,,,2,10,8,,,0.002552317,FAIL
532,,53:35.7,54:19.5,0 days 00:00:43.703613,4,96,32,64,3,5,8,2,10,4,2,2,10,10,,,2,2,10,10,6,5,4,,,,,,,,,,,,,,,,,,,,,,,,4,4,mixed,mixed,,,8,7,,,2,10,8,,,0.002443959,FAIL
533,,54:19.5,55:03.7,0 days 00:00:44.209977,4,96,32,64,3,5,8,2,10,4,2,2,10,10,,,9,2,10,10,7,5,4,,,,,,,,,,,,,,,,,,,,,,,,4,4,mixed,mixed,,,8,7,,,2,10,8,,,0.00254266,FAIL
534,,55:03.7,55:47.8,0 days 00:00:44.096016,4,96,32,64,3,5,8,2,10,4,2,2,10,10,,,9,2,10,10,6,5,4,,,,,,,,,,,,,,,,,,,,,,,,4,4,mixed,mixed,,,8,7,,,2,10,8,,,0.002509259,FAIL
535,,55:47.8,56:32.1,0 days 00:00:44.324912,4,96,32,64,3,5,8,2,9,5,2,2,10,10,,,9,2,10,10,7,5,4,,,,,,,,,,,,,,,,,,,,,,,,4,4,mixed,mixed,,,8,7,,,2,10,8,,,0.002861754,FAIL
536,,56:32.1,57:16.2,0 days 00:00:44.068077,4,96,32,64,3,5,8,2,10,4,2,2,10,10,,,9,2,9,10,7,5,4,,,,,,,,,,,,,,,,,,,,,,,,4,4,mixed,mixed,,,8,7,,,2,10,8,,,0.002214363,FAIL
537,164.3672485,57:16.2,57:56.3,0 days 00:00:40.120481,4,96,32,64,3,5,,,,,,,,,,,9,2,10,10,7,5,4,,,,,,,,,,,,,,,,,,,,,,,,4,4,normal,mixed,,,,7,,,2,10,8,,,0.002572229,COMPLETE
538,229.4632874,57:56.3,58:37.0,0 days 00:00:40.740477,4,64,96,16,3,5,,,,,,,,,,,10,6,10,10,6,2,4,7,,,,,,,,,,,,,,,,,,,,,,,4,4,normal,mixed,,,,8,,,2,10,8,,,0.002901855,COMPLETE
539,,58:37.0,59:21.4,0 days 00:00:44.357535,4,96,32,32,3,5,8,2,10,4,2,2,10,10,,,4,7,10,10,6,5,6,,,,,,,,,,,,,,,,,,,,,,,,4,4,mixed,mixed,,,8,7,,,2,9,8,,,0.003419493,FAIL
540,,59:21.4,00:06.3,0 days 00:00:44.941057,4,96,32,32,3,5,8,6,10,4,3,2,10,10,,,9,7,10,10,6,5,6,,,,,,,,,,,,,,,,,,,,,,,,4,4,mixed,mixed,,,8,7,,,2,9,8,,,0.002281862,FAIL
541,,00:06.3,00:50.9,0 days 00:00:44.563681,4,96,32,32,3,5,8,2,10,4,2,2,10,10,,,9,7,10,10,6,5,6,,,,,,,,,,,,,,,,,,,,,,,,4,4,mixed,mixed,,,8,7,,,2,10,8,,,0.002276794,FAIL
542,,00:50.9,01:35.4,0 days 00:00:44.523021,4,96,32,32,3,5,8,2,10,4,2,2,10,10,,,9,7,10,10,6,5,6,,,,,,,,,,,,,,,,,,,,,,,,4,4,mixed,mixed,,,8,7,,,2,9,8,,,0.002333747,FAIL
543,,01:35.4,02:20.2,0 days 00:00:44.782832,4,96,32,32,3,5,8,2,10,4,2,2,10,10,,,9,7,10,10,6,5,6,,,,,,,,,,,,,,,,,,,,,,,,4,4,mixed,mixed,,,8,7,,,2,9,8,,,0.002263713,FAIL
544,,02:20.2,03:03.5,0 days 00:00:43.275765,4,96,32,32,3,5,8,2,10,4,2,2,10,10,10,,9,7,10,10,6,5,6,,,,,,,,,,,,,,,,,,,,,,,,4,4,mixed,mixed,,,9,7,,,2,10,8,,,0.004698863,FAIL
545,275.51828,03:03.5,03:42.7,0 days 00:00:39.240587,4,96,32,32,3,5,,,,,,,,,,,2,4,10,10,6,5,6,,,,,,,,,,,,,,,,,,,,,,,,4,4,normal,mixed,,,,7,,,2,9,8,,,0.002290887,COMPLETE
546,,03:42.7,04:26.1,0 days 00:00:43.364682,4,128,32,32,3,5,8,2,10,4,2,2,10,10,,,9,5,10,10,5,,,,,,,,,,,,,,,,,,,,,,,,,,4,4,mixed,mixed,,,8,5,,,2,10,8,,,0.003288154,FAIL
547,,04:26.1,05:09.3,0 days 00:00:43.218431,4,128,32,32,3,5,8,2,10,4,2,2,10,10,,,9,5,10,10,5,,,,,,,,,,,,,,,,,,,,,,,,,,4,4,mixed,mixed,,,8,5,,,2,10,8,,,0.003424976,FAIL
548,,05:09.3,05:52.6,0 days 00:00:43.287211,4,128,32,32,3,5,8,2,9,4,2,2,10,10,,,9,5,9,10,5,,,,,,,,,,,,,,,,,,,,,,,,,,4,4,mixed,mixed,,,8,5,,,2,10,8,,,0.003458723,FAIL
549,179.3603058,05:52.6,06:32.7,0 days 00:00:40.094838,4,128,32,32,3,5,,,,,,,,,,,9,5,10,10,5,3,4,,,,,,,,,,,,,,,,,,,,,,,,4,4,normal,mixed,,,,7,,,2,10,8,,,0.003476224,COMPLETE
550,153.7570038,06:32.7,07:13.0,0 days 00:00:40.314579,4,64,96,128,3,5,,,,,,,,,,,9,7,9,9,6,4,,,,,,,,,,,,,,,,,,,,,,,,,4,4,normal,mixed,,,,6,,,2,10,8,,,0.004780155,COMPLETE
551,,07:13.0,07:57.0,0 days 00:00:43.911387,4,96,32,32,3,5,8,2,10,4,2,2,10,10,,,9,6,7,8,4,5,5,,,,,,,,,,,,,,,,,,,,,,,,4,4,mixed,mixed,,,8,7,,,2,10,9,,,0.003190904,FAIL
552,,07:57.0,08:40.9,0 days 00:00:43.949439,4,96,32,32,3,5,8,2,10,4,2,2,10,10,,,9,6,7,8,4,5,5,,,,,,,,,,,,,,,,,,,,,,,,4,4,mixed,mixed,,,8,7,,,2,10,9,,,0.002976956,FAIL
553,301.9449158,08:40.9,09:20.2,0 days 00:00:39.256576,4,96,32,32,3,5,,,,,,,,,,,9,6,7,2,4,5,5,,,,,,,,,,,,,,,,,,,,,,,,4,4,normal,mixed,,,,7,,,2,10,9,,,0.003026896,COMPLETE
554,,09:20.2,10:03.4,0 days 00:00:43.182218,4,96,32,16,3,5,8,2,10,4,2,2,10,10,,,3,3,10,10,7,,,,,,,,,,,,,,,,,,,,,,,,,,4,4,mixed,mixed,,,8,5,,,2,10,8,,,0.006546358,FAIL
555,,10:03.4,10:46.8,0 days 00:00:43.400663,4,96,32,16,3,5,8,6,10,4,2,2,10,10,,,4,3,10,10,7,,,,,,,,,,,,,,,,,,,,,,,,,,5,4,mixed,mixed,,,8,5,,,2,10,8,,,0.006402263,FAIL
556,,10:46.8,11:30.3,0 days 00:00:43.489681,4,96,32,16,3,5,8,2,10,4,2,2,10,10,,,9,3,10,10,7,,,,,,,,,,,,,,,,,,,,,,,,,,4,4,mixed,mixed,,,8,5,,,2,10,8,,,0.006327358,FAIL
557,,11:30.3,12:13.7,0 days 00:00:43.435952,4,96,32,16,3,5,8,2,10,4,2,2,10,10,,,3,3,10,10,7,3,2,,,,,,,,,,,,,,,,,,,,,,,,4,4,mixed,mixed,,,8,7,,,2,10,8,,,0.005495572,FAIL
558,,12:13.7,12:57.4,0 days 00:00:43.679831,4,96,32,16,3,5,8,2,10,4,2,2,10,10,,,4,3,10,10,7,3,2,,,,,,,,,,,,,,,,,,,,,,,,5,4,mixed,mixed,,,8,7,,,2,10,8,,,0.005392321,FAIL
559,197.5636749,12:57.4,13:37.2,0 days 00:00:39.779674,4,96,32,16,3,5,,,,,,,,,,,9,3,10,10,7,3,2,,,,,,,,,,,,,,,,,,,,,,,,4,4,normal,mixed,,,,7,,,2,10,8,,,0.005168245,COMPLETE
560,,13:37.2,14:20.8,0 days 00:00:43.588708,4,64,96,32,3,5,8,2,10,4,2,2,10,10,,,9,7,7,10,6,,,,,,,,,,,,,,,,,,,,,,,,,,5,4,mixed,mixed,,,8,5,,,2,10,8,,,0.006479209,FAIL
561,328.5114441,14:20.8,15:00.2,0 days 00:00:39.413023,4,64,96,32,3,5,,,,,,,,,,,9,7,7,10,6,,,,,,,,,,,,,,,,,,,,,,,,,,5,4,normal,mixed,,,,5,,,2,10,8,,,0.006593318,COMPLETE
562,,15:00.2,15:44.2,0 days 00:00:44.058111,4,8,32,128,3,5,8,2,10,4,2,2,10,10,,,9,3,7,8,5,5,4,,,,,,,,,,,,,,,,,,,,,,,,4,4,mixed,mixed,,,8,7,,,2,10,8,,,0.004215855,FAIL
563,,15:44.2,16:28.1,0 days 00:00:43.849937,4,8,32,128,3,5,8,2,10,4,2,2,10,10,,,9,3,7,8,5,5,4,,,,,,,,,,,,,,,,,,,,,,,,4,4,mixed,mixed,,,8,7,,,2,10,8,,,0.003308415,FAIL
564,,16:28.1,17:12.3,0 days 00:00:44.163001,4,8,32,128,3,5,8,6,10,4,3,2,10,10,,,9,3,7,8,5,5,4,,,,,,,,,,,,,,,,,,,,,,,,4,4,mixed,mixed,,,8,7,,,2,10,8,,,0.004342004,FAIL
565,,17:12.3,17:56.0,0 days 00:00:43.790867,4,8,32,128,3,5,8,2,10,4,2,2,10,10,,,4,3,7,8,5,5,4,,,,,,,,,,,,,,,,,,,,,,,,4,4,mixed,mixed,,,8,7,,,2,10,8,,,0.004237301,FAIL
566,,17:56.1,18:40.8,0 days 00:00:44.779820,4,8,32,128,3,5,8,2,10,4,2,2,10,10,10,,9,3,7,8,5,5,4,,,,,,,,,,,,,,,,,,,,,,,,4,4,mixed,mixed,,,9,7,,,2,10,8,,,0.004321833,FAIL
567,,18:40.8,19:24.3,0 days 00:00:43.483416,4,8,32,128,3,5,8,2,10,4,2,2,10,10,,,3,3,7,8,5,5,4,,,,,,,,,,,,,,,,,,,,,,,,4,4,mixed,mixed,,,8,7,,,2,10,8,,,0.004401051,FAIL
568,257.2905884,19:24.3,20:04.1,0 days 00:00:39.736456,4,8,32,128,3,5,,,,,,,,,,,9,3,7,8,5,5,4,,,,,,,,,,,,,,,,,,,,,,,,4,4,normal,mixed,,,,7,,,2,10,8,,,0.004454965,COMPLETE
569,,20:04.1,20:47.8,0 days 00:00:43.718201,4,96,32,32,3,5,8,2,10,4,2,2,10,10,,,10,2,5,10,6,5,,,,,,,,,,,,,,,,,,,,,,,,,4,4,mixed,mixed,,,8,6,,,2,10,7,,,0.003346694,FAIL
570,,20:47.8,21:31.4,0 days 00:00:43.597547,4,96,32,32,3,5,8,2,10,4,2,2,10,10,,,10,2,5,10,6,5,,,,,,,,,,,,,,,,,,,,,,,,,4,4,mixed,mixed,,,8,6,,,2,10,7,,,0.003263349,FAIL
571,,21:31.4,22:15.8,0 days 00:00:44.444881,4,96,32,32,3,5,8,2,10,4,2,10,10,10,,,10,2,8,10,6,5,,,,,,,,,,,,,,,,,,,,,,,,,4,4,mixed,mixed,,,8,6,,,2,10,7,,,0.003290822,FAIL
572,,22:15.8,22:59.4,0 days 00:00:43.576770,4,96,32,32,3,5,8,2,10,4,2,2,10,10,,,10,2,5,10,6,5,,,,,,,,,,,,,,,,,,,,,,,,,4,4,mixed,mixed,,,8,6,,,2,10,7,,,0.003295614,FAIL
573,130.1845093,22:59.4,23:38.7,0 days 00:00:39.234833,4,96,32,32,3,5,,,,,,,,,,,4,2,8,10,6,5,,,,,,,,,,,,,,,,,,,,,,,,,4,4,normal,mixed,,,,6,,,2,10,7,,,0.003372159,COMPLETE
574,,23:38.7,24:21.9,0 days 00:00:43.251769,4,96,32,16,3,5,8,2,10,4,2,2,10,10,,,6,2,8,10,4,5,,,,,,,,,,,,,,,,,,,,,,,,,4,4,mixed,mixed,,,8,6,,,2,10,7,,,0.003462268,FAIL
575,,24:21.9,25:03.9,0 days 00:00:42.003152,4,96,32,16,3,5,8,2,10,4,2,2,10,10,,,4,2,8,10,4,5,,,,,,,,,,,,,,,,,,,,,,,,,4,4,mixed,mixed,,,8,6,,,2,10,7,,,0.003324179,FAIL
576,,25:03.9,25:46.1,0 days 00:00:42.173058,4,96,32,16,3,5,8,2,10,4,2,2,10,10,,,10,2,8,10,4,5,,,,,,,,,,,,,,,,,,,,,,,,,4,4,mixed,mixed,,,8,6,,,2,10,7,,,0.003268622,FAIL
577,,25:46.1,26:29.1,0 days 00:00:43.047981,4,96,32,16,3,5,8,6,10,4,3,10,10,10,,,3,2,8,10,4,9,,,,,,,,,,,,,,,,,,,,,,,,,4,4,mixed,mixed,,,8,6,,,2,10,7,,,0.003243289,FAIL
578,253.3296356,26:29.1,27:07.1,0 days 00:00:37.932263,4,96,32,16,3,5,,,,,,,,,,,5,2,8,10,4,5,,,,,,,,,,,,,,,,,,,,,,,,,4,4,normal,mixed,,,,6,,,2,10,7,,,0.003279659,COMPLETE
579,169.5809021,27:07.1,27:44.9,0 days 00:00:37.817008,4,96,96,64,3,5,,,,,,,,,,,6,2,8,10,5,2,,,,,,,,,,,,,,,,,,,,,,,,,4,4,normal,mixed,,,,6,,,2,10,7,,,0.002789676,COMPLETE
580,,27:44.9,28:26.7,0 days 00:00:41.750429,4,96,32,32,3,5,8,2,10,4,2,2,10,10,,,4,2,8,10,6,3,,,,,,,,,,,,,,,,,,,,,,,,,3,4,mixed,mixed,,,8,6,,,2,9,6,,,0.00353578,FAIL
581,,28:26.7,29:07.5,0 days 00:00:40.871108,4,96,32,32,3,5,8,2,10,4,2,2,2,9,,,4,2,8,10,6,,,,,,,,,,,,,,,,,,,,,,,,,,4,4,mixed,mixed,,,8,5,,,2,9,7,,,0.00364925,FAIL
582,,29:07.5,29:49.8,0 days 00:00:42.284093,4,96,32,32,3,5,8,2,10,4,2,2,10,10,,,10,2,10,10,6,3,,,,,,,,,,,,,,,,,,,,,,,,,3,4,mixed,mixed,,,8,6,,,2,9,7,,,0.003603173,FAIL
583,,29:49.8,30:32.1,0 days 00:00:42.235258,4,96,32,32,3,5,8,2,10,4,2,2,10,10,,,10,2,8,10,6,3,,,,,,,,,,,,,,,,,,,,,,,,,4,4,mixed,mixed,,,8,6,,,2,9,7,,,0.003556205,FAIL
584,,30:32.1,31:15.5,0 days 00:00:43.478773,4,96,32,32,3,5,8,2,10,4,2,10,10,9,,,10,2,8,10,6,3,,,,,,,,,,,,,,,,,,,,,,,,,4,4,mixed,mixed,,,8,6,,,2,9,6,,,0.003528414,FAIL
585,,31:15.5,31:57.8,0 days 00:00:42.251155,4,96,32,32,3,5,8,2,10,4,2,2,10,10,,,5,2,8,10,6,3,,,,,,,,,,,,,,,,,,,,,,,,,4,4,mixed,mixed,,,8,6,,,2,9,6,,,0.003699555,FAIL
586,,31:57.8,32:40.1,0 days 00:00:42.260144,4,96,32,32,3,5,8,2,10,4,2,10,10,10,,,3,2,8,10,6,3,,,,,,,,,,,,,,,,,,,,,,,,,3,4,mixed,mixed,,,8,6,,,2,9,6,,,0.003602375,FAIL
587,,32:40.1,33:21.8,0 days 00:00:41.739878,4,96,32,32,3,5,8,2,10,4,2,2,10,10,,,4,2,8,10,6,3,,,,,,,,,,,,,,,,,,,,,,,,,3,4,mixed,mixed,,,8,6,,,2,9,7,,,0.003532695,FAIL
588,,33:21.8,34:04.4,0 days 00:00:42.643562,4,96,32,32,3,5,8,6,10,4,2,2,10,10,,,10,2,8,10,6,3,,,,,,,,,,,,,,,,,,,,,,,,,4,4,mixed,mixed,,,8,6,,,2,9,6,,,0.003586266,FAIL
589,,34:04.5,34:46.0,0 days 00:00:41.590090,4,96,32,32,3,5,8,2,10,4,2,2,10,10,,,3,2,8,10,6,3,,,,,,,,,,,,,,,,,,,,,,,,,4,4,mixed,mixed,,,8,6,,,2,9,6,,,0.00365812,FAIL
590,,34:46.0,35:29.9,0 days 00:00:43.843625,4,96,32,32,3,5,9,6,10,4,2,2,10,10,10,,10,2,8,10,6,3,,,,,,,,,,,,,,,,,,,,,,,,,3,4,mixed,mixed,,,9,6,,,2,9,6,,,0.003772429,FAIL
591,,35:29.9,36:11.3,0 days 00:00:41.378253,4,96,32,32,3,5,8,2,10,4,2,2,3,10,,,3,2,8,10,6,3,,,,,,,,,,,,,,,,,,,,,,,,,3,4,mixed,mixed,,,8,6,,,2,9,7,,,0.003617505,FAIL
592,,36:11.3,36:53.7,0 days 00:00:42.448748,4,96,32,32,3,5,8,2,10,4,2,2,10,10,,,4,2,8,10,6,3,,,,,,,,,,,,,,,,,,,,,,,,,3,4,mixed,mixed,,,8,6,,,2,9,7,,,0.003410528,FAIL
593,188.9245148,36:53.7,37:32.2,0 days 00:00:38.444997,4,96,32,32,3,5,,,,,,,,,,,5,2,8,10,6,3,,,,,,,,,,,,,,,,,,,,,,,,,4,4,normal,mixed,,,,6,,,2,10,7,,,0.003665031,COMPLETE
594,,37:32.2,38:14.5,0 days 00:00:42.346525,4,96,128,32,3,5,8,2,10,4,2,2,3,10,,,4,2,8,9,6,5,,,,,,,,,,,,,,,,,,,,,,,,,4,4,mixed,mixed,,,8,6,,,2,9,6,,,0.003177393,FAIL
595,544.8598022,38:14.5,38:53.0,0 days 00:00:38.513171,4,96,32,32,3,5,,,,,,,,,,,10,2,8,9,6,,,,,,,,,,,,,,,,,,,,,,,,,,4,4,normal,mixed,,,,5,,,2,9,7,,,0.003250548,COMPLETE
596,138.1737823,38:53.0,39:32.0,0 days 00:00:38.993962,4,96,128,16,3,5,,,,,,,,,,,8,6,9,10,5,5,,,,,,,,,,,,,,,,,,,,,,,,,4,4,normal,mixed,,,,6,,,2,10,7,,,0.003855324,COMPLETE
597,,39:32.0,40:16.4,0 days 00:00:44.329951,4,96,96,128,3,5,8,2,10,4,2,2,10,9,,,3,2,10,9,7,5,8,10,,,,,,,,,,,,,,,,,,,,,,,4,4,mixed,mixed,,,8,8,,,2,10,9,,,0.00297994,FAIL
598,,40:16.4,41:00.1,0 days 00:00:43.752192,4,96,96,128,3,5,8,2,10,4,2,2,10,10,,,4,2,10,9,7,6,3,7,,,,,,,,,,,,,,,,,,,,,,,4,4,mixed,mixed,,,8,8,,,2,10,6,,,0.002449759,FAIL
599,,41:00.1,41:44.2,0 days 00:00:44.114703,4,96,96,128,3,5,8,2,10,4,2,2,10,10,,,4,2,10,9,7,9,8,10,,,,,,,,,,,,,,,,,,,,,,,3,4,mixed,mixed,,,8,8,,,2,10,6,,,0.003488013,FAIL
600,,41:44.2,42:26.8,0 days 00:00:42.581684,4,96,96,128,3,5,8,2,10,4,2,2,3,10,,,3,2,5,9,7,6,3,6,,,,,,,,,,,,,,,,,,,,,,,4,4,mixed,mixed,,,8,8,,,2,10,9,,,0.002908448,FAIL
601,149.7149658,42:26.8,43:07.5,0 days 00:00:40.645637,4,96,96,128,3,5,,,,,,,,,,,10,2,5,9,7,6,8,10,,,,,,,,,,,,,,,,,,,,,,,3,4,normal,mixed,,,,8,,,2,10,9,,,0.002535631,COMPLETE
602,,43:07.5,43:51.2,0 days 00:00:43.752910,4,96,32,32,3,5,8,2,10,4,2,2,10,10,,,4,6,10,10,6,9,,,,,,,,,,,,,,,,,,,,,,,,,4,4,mixed,mixed,,,8,6,,,2,10,6,,,0.003509452,FAIL
603,156.6878815,43:51.2,44:29.5,0 days 00:00:38.293498,4,96,16,32,3,5,,,,,,,,,,,2,6,10,10,6,5,,,,,,,,,,,,,,,,,,,,,,,,,4,4,normal,mixed,,,,6,,,2,10,8,,,0.003483093,COMPLETE
604,,44:29.5,45:12.5,0 days 00:00:42.946176,4,96,32,32,3,5,8,2,10,4,2,2,10,10,,,8,6,6,10,4,4,6,,,,,,,,,,,,,,,,,,,,,,,,4,4,mixed,mixed,,,8,7,,,2,10,6,,,0.002954885,FAIL
605,227.6536102,45:12.5,45:50.8,0 days 00:00:38.297475,4,96,64,8,3,5,,,,,,,,,,,8,6,6,3,4,4,6,,,,,,,,,,,,,,,,,,,,,,,,4,4,normal,mixed,,,,7,,,2,10,6,,,0.002865522,COMPLETE
606,,45:50.8,46:33.1,0 days 00:00:42.327762,4,32,32,32,3,5,8,2,10,4,3,2,10,10,,,3,5,8,9,6,5,3,,,,,,,,,,,,,,,,,,,,,,,,4,4,mixed,mixed,,,8,7,,,2,10,9,,,0.004133502,FAIL
607,,46:33.1,47:15.9,0 days 00:00:42.769956,4,8,32,32,3,5,8,2,10,4,2,2,10,10,,,9,5,8,9,6,5,3,,,,,,,,,,,,,,,,,,,,,,,,4,4,mixed,mixed,,,8,7,,,2,10,9,,,0.004243652,FAIL
608,131.9724731,47:15.9,47:54.5,0 days 00:00:38.646185,4,8,32,32,3,5,,,,,,,,,,,9,5,8,9,6,5,4,,,,,,,,,,,,,,,,,,,,,,,,4,4,normal,mixed,,,,7,,,2,10,9,,,0.004160356,COMPLETE
609,,47:54.5,48:37.9,0 days 00:00:43.326599,4,8,32,32,3,5,8,2,10,4,2,2,10,10,,,9,5,8,9,6,5,3,,,,,,,,,,,,,,,,,,,,,,,,4,5,mixed,mixed,,,8,7,,,2,10,8,,,0.00430685,FAIL
610,,48:37.9,49:20.7,0 days 00:00:42.776294,4,8,32,32,3,5,8,2,10,4,2,2,10,10,,,9,5,8,9,6,5,3,,,,,,,,,,,,,,,,,,,,,,,,4,4,mixed,mixed,,,8,7,,,2,10,8,,,0.004239185,FAIL
611,,49:20.7,50:03.4,0 days 00:00:42.774414,4,8,32,32,3,5,8,2,10,4,2,2,10,10,,,9,5,8,9,6,5,3,,,,,,,,,,,,,,,,,,,,,,,,4,4,mixed,mixed,,,8,7,,,2,10,8,,,0.004183902,FAIL
612,,50:03.4,50:46.3,0 days 00:00:42.910920,4,8,32,32,3,5,8,2,10,4,2,2,10,10,,,3,5,8,9,6,5,3,,,,,,,,,,,,,,,,,,,,,,,,4,5,mixed,mixed,,,8,7,,,2,10,8,,,0.004222404,FAIL
613,,50:46.3,51:29.7,0 days 00:00:43.330061,4,8,32,32,3,5,8,2,10,4,2,2,10,10,,,9,5,8,9,6,5,3,,,,,,,,,,,,,,,,,,,,,,,,4,4,mixed,mixed,,,8,7,,,2,10,8,,,0.004221028,FAIL
614,139.4022369,51:29.7,52:09.4,0 days 00:00:39.733835,4,8,32,32,3,5,,,,,,,,,,,9,5,8,9,6,5,3,,,,,,,,,,,,,,,,,,,,,,,,4,4,normal,mixed,,,,7,,,2,10,8,,,0.004145254,COMPLETE
615,224.4200134,52:09.4,52:49.6,0 days 00:00:40.146379,4,8,32,32,3,5,,,,,,,,,,,9,5,8,9,6,6,4,,,,,,,,,,,,,,,,,,,,,,,,4,4,normal,mixed,,,,7,,,2,10,7,,,0.001351793,COMPLETE
616,,52:49.6,53:33.3,0 days 00:00:43.747614,4,8,32,32,3,5,8,2,10,4,2,2,10,10,,,9,5,8,9,5,9,5,,,,,,,,,,,,,,,,,,,,,,,,4,5,mixed,mixed,,,8,7,,,2,10,8,,,0.004656915,FAIL
617,143.0186615,53:33.3,54:13.5,0 days 00:00:40.227218,4,8,32,32,3,5,,,,,,,,,,,3,5,8,9,5,5,5,,,,,,,,,,,,,,,,,,,,,,,,4,5,normal,mixed,,,,7,,,2,10,8,,,0.004694038,COMPLETE
618,,54:13.6,54:57.5,0 days 00:00:43.930339,4,8,32,32,3,5,8,2,10,4,2,10,10,10,,,4,5,8,10,6,9,3,7,9,2,,,,,,,,,,,,,,,,,,,,,4,4,mixed,mixed,,,8,10,,,2,10,9,,,0.003055299,FAIL
619,,54:57.5,55:40.7,0 days 00:00:43.164251,4,8,32,32,3,5,8,2,10,4,2,2,3,10,,,9,5,8,10,6,5,,,,,,,,,,,,,,,,,,,,,,,,,4,4,mixed,mixed,,,8,6,,,2,10,9,,,0.004260042,FAIL
620,,55:40.7,56:24.0,0 days 00:00:43.335019,4,8,32,32,3,5,9,2,10,4,2,2,10,10,,,4,5,8,10,6,9,3,7,9,2,,,,,,,,,,,,,,,,,,,,,4,4,mixed,mixed,,,8,10,,,2,10,9,,,0.004183134,FAIL
621,,56:24.0,57:08.1,0 days 00:00:44.088143,4,8,32,32,3,5,8,2,10,4,2,2,10,10,,,4,5,8,10,6,5,3,7,9,2,,,,,,,,,,,,,,,,,,,,,4,4,mixed,mixed,,,8,10,,,2,10,9,,,0.004202378,FAIL
622,,57:08.1,57:51.9,0 days 00:00:43.827259,4,8,32,32,3,5,8,2,10,4,2,2,10,10,,,4,5,8,10,6,5,3,7,9,2,,,,,,,,,,,,,,,,,,,,,4,4,mixed,mixed,,,8,10,,,2,10,9,,,0.004142819,FAIL
623,,57:51.9,58:35.3,0 days 00:00:43.343568,4,8,32,32,3,5,8,2,10,4,2,2,10,10,,,9,5,8,10,6,5,3,7,9,2,,,,,,,,,,,,,,,,,,,,,4,4,mixed,mixed,,,8,10,,,2,10,9,,,0.003124501,FAIL
624,197.6872406,58:35.3,59:14.9,0 days 00:00:39.584328,4,8,32,32,3,5,,,,,,,,,,,9,5,8,10,6,5,,,,,,,,,,,,,,,,,,,,,,,,,4,4,normal,mixed,,,,6,,,2,10,9,,,0.004277212,COMPLETE
625,,59:14.9,59:59.7,0 days 00:00:44.875816,4,8,32,32,3,5,8,2,10,4,2,2,10,10,,,9,2,7,10,4,5,3,7,9,2,,,,,,,,,,,,,,,,,,,,,4,4,mixed,mixed,,,8,10,,,2,9,8,,,0.003122185,FAIL
626,,59:59.7,00:43.3,0 days 00:00:43.545268,4,8,32,32,3,5,8,2,10,4,2,2,10,10,,,9,2,7,10,4,9,3,,,,,,,,,,,,,,,,,,,,,,,,4,4,mixed,mixed,,,8,7,,,2,9,8,,,0.003059476,FAIL
627,172.7381134,00:43.3,01:22.1,0 days 00:00:38.773665,4,8,32,32,3,5,,,,,,,,,,,9,2,7,10,4,5,3,,,,,,,,,,,,,,,,,,,,,,,,4,4,normal,mixed,,,,7,,,2,10,6,,,0.003461876,COMPLETE
628,,01:22.1,02:05.7,0 days 00:00:43.659968,4,32,32,16,3,5,2,2,10,4,2,2,10,10,,,9,5,7,10,7,5,5,7,9,,,,,,,,,,,,,,,,,,,,,,4,4,mixed,mixed,,,8,9,,,2,9,8,,,0.002938455,FAIL
629,,02:05.7,02:48.5,0 days 00:00:42.763627,4,32,32,16,3,5,8,2,10,4,2,2,10,10,,,9,5,7,10,7,5,5,6,9,,,,,,,,,,,,,,,,,,,,,,4,4,mixed,mixed,,,8,9,,,2,9,8,,,0.003207359,FAIL
630,,02:48.5,03:31.6,0 days 00:00:43.075936,4,8,32,16,3,5,8,2,10,5,2,2,10,10,,,9,5,7,10,7,5,10,7,9,,,,,,,,,,,,,,,,,,,,,,4,4,mixed,mixed,,,8,9,,,2,10,8,,,0.003069911,FAIL
631,,03:31.6,04:15.1,0 days 00:00:43.543508,4,32,32,16,3,5,8,2,10,4,2,2,10,10,,,4,5,7,10,7,5,5,7,9,,,,,,,,,,,,,,,,,,,,,,4,4,mixed,mixed,,,8,9,,,2,9,8,,,0.003883243,FAIL
632,,04:15.1,04:59.5,0 days 00:00:44.381261,4,8,32,16,3,5,8,2,10,4,2,2,10,10,,,4,5,7,10,7,5,4,7,9,,,,,,,,,,,,,,,,,,,,,,4,4,mixed,mixed,,,8,9,,,2,9,8,,,0.003012658,FAIL
633,,04:59.5,05:43.5,0 days 00:00:44.017972,4,32,32,16,3,5,9,2,9,4,2,2,10,10,,,4,5,7,10,7,5,5,7,9,,,,,,,,,,,,,,,,,,,,,,4,4,mixed,mixed,,,8,9,,,2,9,8,,,0.003997775,FAIL
634,,05:43.5,06:26.6,0 days 00:00:43.056761,4,32,32,16,3,5,8,2,10,4,2,2,10,10,,,9,5,7,10,7,5,10,6,9,,,,,,,,,,,,,,,,,,,,,,4,4,mixed,mixed,,,8,9,,,2,9,8,,,0.003059422,FAIL
635,,06:26.6,07:09.9,0 days 00:00:43.294049,4,16,32,16,3,5,8,2,10,4,3,2,10,10,,,9,5,7,10,9,5,5,7,9,,,,,,,,,,,,,,,,,,,,,,4,4,mixed,mixed,,,8,9,,,2,10,8,,,0.003030179,FAIL
636,,07:09.9,07:53.6,0 days 00:00:43.678102,4,32,32,16,3,5,8,2,10,4,2,2,10,10,,,4,5,7,10,7,5,5,,,,,,,,,,,,,,,,,,,,,,,,4,4,mixed,mixed,,,8,7,,,2,9,8,,,0.003086071,FAIL
637,185.1416779,07:53.6,08:35.0,0 days 00:00:41.416412,4,32,32,16,3,5,,,,,,,,,,,9,5,7,10,7,5,5,7,9,,,,,,,,,,,,,,,,,,,,,,4,4,normal,mixed,,,,9,,,2,9,8,,,0.003913088,COMPLETE
638,185.9004211,08:35.0,09:15.0,0 days 00:00:39.995744,4,16,32,32,3,5,,,,,,,,,,,4,2,8,9,5,9,6,5,,,,,,,,,,,,,,,,,,,,,,,4,4,normal,mixed,,,,8,,,2,10,8,,,0.003156515,COMPLETE
639,,09:15.0,09:58.8,0 days 00:00:43.768325,4,8,32,128,3,5,8,2,10,4,2,2,10,10,,,7,4,7,9,6,5,4,,,,,,,,,,,,,,,,,,,,,,,,4,4,mixed,mixed,,,8,7,,,2,10,10,,,0.004870767,FAIL
640,,09:58.8,10:42.8,0 days 00:00:44.084705,4,8,32,128,3,5,8,2,10,4,2,2,10,10,,,9,4,7,9,6,5,10,,,,,,,,,,,,,,,,,,,,,,,,4,4,mixed,mixed,,,8,7,,,2,10,10,,,0.004772066,FAIL
641,145.4353333,10:42.8,11:22.3,0 days 00:00:39.420219,4,8,32,128,3,5,,,,,,,,,,,4,4,7,9,6,5,10,,,,,,,,,,,,,,,,,,,,,,,,4,4,normal,mixed,,,,7,,,2,10,10,,,0.004682122,COMPLETE
642,,11:22.3,12:05.6,0 days 00:00:43.302653,4,8,32,96,3,5,8,2,10,4,2,2,10,10,,,9,2,5,10,5,4,8,,,,,,,,,,,,,,,,,,,,,,,,4,4,mixed,mixed,,,8,7,,,2,10,8,,,0.003019969,FAIL
643,,12:05.6,12:48.9,0 days 00:00:43.322690,4,8,32,96,3,5,8,2,10,4,2,2,10,10,,,9,2,5,10,5,4,8,,,,,,,,,,,,,,,,,,,,,,,,4,4,mixed,mixed,,,8,7,,,2,10,8,,,0.002425266,FAIL
644,,12:48.9,13:31.9,0 days 00:00:42.950223,4,8,32,32,3,5,8,2,10,4,2,2,10,10,,,9,2,7,10,5,4,4,,,,,,,,,,,,,,,,,,,,,,,,4,4,mixed,mixed,,,8,7,,,2,10,8,,,0.003067952,FAIL
645,,13:31.9,14:14.7,0 days 00:00:42.855493,4,8,32,32,3,5,8,2,10,4,2,2,10,9,,,9,2,5,10,5,4,8,,,,,,,,,,,,,,,,,,,,,,,,4,4,mixed,mixed,,,8,7,,,2,10,8,,,0.002965802,FAIL
646,,14:14.7,14:57.8,0 days 00:00:43.080184,4,8,32,32,3,5,8,6,10,4,2,2,10,10,,,9,2,7,10,5,4,4,,,,,,,,,,,,,,,,,,,,,,,,4,4,mixed,mixed,,,8,7,,,2,10,8,,,0.004238095,FAIL
647,,14:57.8,15:40.7,0 days 00:00:42.880585,3,8,32,32,3,5,8,2,10,4,2,2,10,10,,,9,2,5,10,5,4,8,,,,,,,,,,,,,,,,,,,,,,,,4,4,mixed,mixed,,,8,7,,,2,10,8,,,0.004214866,FAIL
648,,15:40.7,16:24.5,0 days 00:00:43.850203,4,8,32,96,3,5,8,2,10,4,2,10,10,10,,,9,2,5,10,5,4,4,,,,,,,,,,,,,,,,,,,,,,,,4,4,mixed,mixed,,,8,7,,,2,10,8,,,0.000841399,FAIL
649,283.5422974,16:24.5,17:03.5,0 days 00:00:38.949340,4,8,32,32,3,5,,,,,,,,,,,9,2,7,10,5,4,4,,,,,,,,,,,,,,,,,,,,,,,,4,4,normal,mixed,,,,7,,,2,10,8,,,0.002949049,COMPLETE
650,,17:03.5,17:46.1,0 days 00:00:42.620427,4,8,32,96,3,5,8,2,10,4,2,2,10,10,,,3,7,7,6,9,,,,,,,,,,,,,,,,,,,,,,,,,,4,4,mixed,mixed,,,8,5,,,2,10,9,,,0.004143198,FAIL
651,,17:46.1,18:29.0,0 days 00:00:42.905334,4,8,32,96,3,5,8,2,10,4,2,2,10,10,,,9,7,7,6,6,,,,,,,,,,,,,,,,,,,,,,,,,,4,4,mixed,mixed,,,8,5,,,2,10,9,,,0.004365553,FAIL
652,,18:29.0,19:11.6,0 days 00:00:42.547058,4,8,32,96,3,5,8,2,10,4,2,2,10,10,,,3,7,7,6,6,,,,,,,,,,,,,,,,,,,,,,,,,,4,4,mixed,mixed,,,8,5,,,2,10,9,,,0.004263318,FAIL
653,164.2380981,19:11.6,19:50.7,0 days 00:00:39.116438,4,8,32,16,3,5,,,,,,,,,,,9,7,5,6,6,5,4,,,,,,,,,,,,,,,,,,,,,,,,4,4,normal,mixed,,,,7,,,2,10,9,,,0.004262818,COMPLETE
654,,19:50.7,20:34.0,0 days 00:00:43.278425,4,96,32,32,3,5,8,2,10,4,2,2,10,10,,,9,5,7,10,4,5,,,,,,,,,,,,,,,,,,,,,,,,,4,4,mixed,mixed,,,8,6,,,2,10,8,,,0.005408897,FAIL
655,,20:34.0,21:17.6,0 days 00:00:43.589756,4,96,32,32,3,5,8,2,10,4,3,2,3,10,10,,9,5,7,10,4,5,,,,,,,,,,,,,,,,,,,,,,,,,4,4,mixed,mixed,,,9,6,,,2,10,8,,,0.00238956,FAIL
656,,21:17.6,21:59.9,0 days 00:00:42.324571,3,96,32,32,3,5,8,2,10,4,2,2,10,,,,9,5,7,10,4,5,,,,,,,,,,,,,,,,,,,,,,,,,4,4,mixed,mixed,,,7,6,,,2,10,8,,,0.005579849,FAIL
657,,21:59.9,22:42.3,0 days 00:00:42.427565,3,96,32,32,3,5,8,2,10,4,2,2,10,10,,,3,5,7,10,4,5,,,,,,,,,,,,,,,,,,,,,,,,,4,4,mixed,mixed,,,8,6,,,2,10,8,,,0.005468598,FAIL
658,,22:42.3,23:25.6,0 days 00:00:43.310117,3,96,32,96,3,5,8,2,10,4,3,2,10,10,,,9,5,7,10,4,5,,,,,,,,,,,,,,,,,,,,,,,,,4,4,mixed,mixed,,,8,6,,,2,10,8,,,0.005081484,FAIL
659,,23:25.6,24:09.1,0 days 00:00:43.445077,4,96,32,96,3,5,8,2,10,4,2,2,10,10,,,9,2,7,10,6,5,,,,,,,,,,,,,,,,,,,,,,,,,4,4,mixed,mixed,,,8,6,,,2,10,8,,,0.005583058,FAIL
660,,24:09.1,24:51.8,0 days 00:00:42.737571,3,96,32,32,3,5,9,6,9,4,2,2,3,10,,,9,5,7,10,4,5,,,,,,,,,,,,,,,,,,,,,,,,,4,4,mixed,mixed,,,8,6,,,2,10,8,,,0.002422369,FAIL
661,,24:51.8,25:34.9,0 days 00:00:43.029920,4,96,32,32,3,5,8,2,10,4,2,2,10,10,,,9,5,7,10,4,5,,,,,,,,,,,,,,,,,,,,,,,,,4,4,mixed,mixed,,,8,6,,,2,10,8,,,0.000861322,FAIL
662,,25:34.9,26:17.9,0 days 00:00:43.074533,4,96,32,32,3,5,8,2,10,4,2,2,10,10,,,9,5,7,10,4,5,,,,,,,,,,,,,,,,,,,,,,,,,4,4,mixed,mixed,,,8,6,,,2,10,8,,,0.002418034,FAIL
663,,26:18.0,27:01.4,0 days 00:00:43.416989,4,96,32,96,3,5,8,2,10,4,2,2,10,10,,,9,5,7,10,4,5,,,,,,,,,,,,,,,,,,,,,,,,,4,4,mixed,mixed,,,8,6,,,2,10,8,,,0.005023917,FAIL
664,,27:01.4,27:44.0,0 days 00:00:42.614856,4,96,32,32,3,5,8,2,10,4,2,2,10,10,,,3,5,7,10,4,5,,,,,,,,,,,,,,,,,,,,,,,,,4,4,mixed,mixed,,,8,6,,,2,10,8,,,0.00522414,FAIL
665,,27:44.0,28:27.2,0 days 00:00:43.220580,4,96,32,96,3,5,8,2,10,4,2,2,10,10,,,9,5,7,10,4,5,,,,,,,,,,,,,,,,,,,,,,,,,4,4,mixed,mixed,,,8,6,,,2,10,8,,,0.005063913,FAIL
666,,28:27.2,29:10.3,0 days 00:00:43.050791,3,96,32,96,3,5,8,2,10,4,2,2,10,10,,,9,5,7,10,4,5,,,,,,,,,,,,,,,,,,,,,,,,,4,4,mixed,mixed,,,8,6,,,2,10,8,,,0.005132991,FAIL
667,395.8084412,29:10.3,29:48.9,0 days 00:00:38.657096,3,96,32,96,3,5,,,,,,,,,,,3,5,7,10,4,5,,,,,,,,,,,,,,,,,,,,,,,,,4,4,normal,mixed,,,,6,,,2,10,8,,,0.005115312,COMPLETE
668,,29:48.9,30:31.4,0 days 00:00:42.473320,4,64,8,32,3,5,8,2,10,4,2,2,10,10,,,9,6,8,6,6,,,,,,,,,,,,,,,,,,,,,,,,,,4,4,mixed,mixed,,,8,5,,,2,10,7,,,0.005640397,FAIL
669,,30:31.4,31:13.9,0 days 00:00:42.465458,4,64,8,32,3,5,8,2,10,4,2,2,10,10,,,9,6,8,6,6,,,,,,,,,,,,,,,,,,,,,,,,,,4,4,mixed,mixed,,,8,5,,,2,10,7,,,0.002452639,FAIL
670,,31:13.9,31:57.0,0 days 00:00:43.152149,4,64,32,32,3,5,8,2,10,4,2,10,10,10,,,9,6,8,6,6,,,,,,,,,,,,,,,,,,,,,,,,,,4,4,mixed,mixed,,,8,5,,,2,10,7,,,0.002462703,FAIL
671,,31:57.0,32:41.0,0 days 00:00:44.012553,4,64,32,32,3,5,8,2,10,4,3,2,10,10,,,9,6,8,6,6,2,4,8,,,,,,,,,,,,,,,,,,,,,,,4,4,mixed,mixed,,,8,8,,,2,10,7,,,0.002449742,FAIL
672,147.1461487,32:41.1,33:19.5,0 days 00:00:38.422657,4,64,8,32,3,5,,,,,,,,,,,9,6,8,6,6,,,,,,,,,,,,,,,,,,,,,,,,,,4,4,normal,mixed,,,,5,,,2,10,7,,,0.005668273,COMPLETE
673,,33:19.5,34:02.2,0 days 00:00:42.697497,4,8,32,128,3,5,8,2,10,4,2,2,3,10,,,9,4,6,9,7,2,4,,,,,,,,,,,,,,,,,,,,,,,,4,4,mixed,mixed,,,8,7,,,2,9,8,,,0.003646002,FAIL
674,334.7417603,34:02.2,34:41.8,0 days 00:00:39.651569,4,8,32,128,3,5,,,,,,,,,,,9,4,7,9,7,2,8,,,,,,,,,,,,,,,,,,,,,,,,4,4,normal,mixed,,,,7,,,2,9,8,,,0.002387751,COMPLETE
675,,34:41.8,35:25.9,0 days 00:00:44.065254,4,128,32,32,3,5,8,2,10,4,2,2,10,10,10,,8,2,6,10,6,5,4,,,,,,,,,,,,,,,,,,,,,,,,4,4,mixed,mixed,,,9,7,,,2,10,8,,,0.002619669,FAIL
676,,35:25.9,36:10.3,0 days 00:00:44.406950,4,128,32,32,3,5,8,2,10,4,3,2,10,10,,,8,2,6,10,6,5,4,8,5,2,,,,,,,,,,,,,,,,,,,,,4,4,mixed,mixed,,,8,10,,,2,10,8,,,0.003607287,FAIL
677,,36:10.3,36:53.4,0 days 00:00:43.104556,4,128,32,32,3,5,8,2,9,4,2,2,10,10,,,8,2,6,10,6,5,4,,,,,,,,,,,,,,,,,,,,,,,,4,4,mixed,mixed,,,8,7,,,2,10,8,,,0.002714861,FAIL
678,,36:53.4,37:36.8,0 days 00:00:43.338759,4,128,32,32,3,5,8,2,10,4,2,2,10,10,,,8,2,6,10,6,5,4,,,,,,,,,,,,,,,,,,,,,,,,4,4,mixed,mixed,,,8,7,,,2,10,8,,,0.003563674,FAIL
679,191.9637451,37:36.8,38:15.9,0 days 00:00:39.170890,4,128,32,32,3,5,,,,,,,,,,,9,2,6,10,6,5,4,,,,,,,,,,,,,,,,,,,,,,,,4,4,normal,mixed,,,,7,,,2,10,8,,,0.003823436,COMPLETE
680,,38:15.9,38:59.9,0 days 00:00:43.946642,4,96,32,16,3,5,8,2,10,4,2,2,10,10,,,9,6,7,6,6,6,3,8,,,,,,,,,,,,,,,,,,,,,,,4,4,mixed,mixed,,,8,8,,,2,10,8,,,0.002670751,FAIL
681,,38:59.9,39:43.1,0 days 00:00:43.259697,4,96,32,16,3,5,8,6,10,4,2,2,10,10,,,9,6,7,6,6,6,3,8,,,,,,,,,,,,,,,,,,,,,,,4,4,mixed,mixed,,,8,8,,,2,10,8,,,0.002664457,FAIL
682,,39:43.2,40:25.9,0 days 00:00:42.745484,4,96,32,16,3,5,8,2,10,4,2,2,10,10,,,9,6,7,6,6,6,3,8,5,2,,,,,,,,,,,,,,,,,,,,,4,4,mixed,mixed,,,8,10,,,2,10,8,,,0.002653902,FAIL
683,335.4693604,40:25.9,41:06.8,0 days 00:00:40.870984,4,96,32,16,3,5,,,,,,,,,,,9,6,7,6,6,6,3,8,8,2,,,,,,,,,,,,,,,,,,,,,4,4,normal,mixed,,,,10,,,2,10,8,,,0.003472388,COMPLETE
684,,41:06.8,41:46.4,0 days 00:00:39.652737,4,64,32,32,3,5,8,2,10,4,2,2,10,10,,,,,,,,,,,,,,,,,,,,,,,,,,,,,,,,,4,4,mixed,normal,,,8,,,,2,10,8,,,0.004510997,FAIL
685,,41:46.4,42:26.0,0 days 00:00:39.565885,4,64,32,32,3,5,8,2,10,4,2,2,10,10,,,,,,,,,,,,,,,,,,,,,,,,,,,,,,,,,4,4,mixed,normal,,,8,,,,2,10,8,,,0.002675,FAIL
686,3.71E+17,42:26.0,43:05.8,0 days 00:00:39.750270,4,64,32,32,3,5,8,2,10,5,2,2,10,10,,,,,,,,,,,,,,,,,,,,,,,,,,,,,,,,,4,4,mixed,normal,,,8,,,,2,10,8,,,0.004797358,COMPLETE
687,,43:05.8,43:48.5,0 days 00:00:42.767357,4,96,32,32,3,5,9,6,2,4,10,10,3,9,,,8,3,7,10,8,5,7,6,,,,,,,,,,,,,,,,,,,,,,,4,4,mixed,mixed,,,8,8,,,2,10,9,,,0.002759018,FAIL
688,175.3544617,43:48.5,44:28.9,0 days 00:00:40.395293,4,96,32,32,3,5,,,,,,,,,,,8,3,7,10,8,5,7,9,,,,,,,,,,,,,,,,,,,,,,,4,4,normal,mixed,,,,8,,,2,10,9,,,0.002752245,COMPLETE
689,114.2774658,44:28.9,45:08.5,0 days 00:00:39.540021,4,96,96,16,3,5,,,,,,,,,,,9,5,8,9,5,4,4,,,,,,,,,,,,,,,,,,,,,,,,4,4,normal,mixed,,,,7,,,2,10,8,,,0.003084441,COMPLETE
690,155.0774078,45:08.5,45:48.2,0 days 00:00:39.696009,4,64,96,16,3,5,,,,,,,,,,,9,5,8,9,5,4,4,,,,,,,,,,,,,,,,,,,,,,,,4,4,normal,mixed,,,,7,,,2,10,7,,,0.00316426,COMPLETE
691,132.2531433,45:48.2,46:27.4,0 days 00:00:39.236916,4,8,96,16,3,5,,,,,,,,,,,7,5,8,9,5,4,4,,,,,,,,,,,,,,,,,,,,,,,,4,4,normal,mixed,,,,7,,,2,10,8,,,0.006093259,COMPLETE
692,151.7993317,46:27.4,47:08.6,0 days 00:00:41.176563,4,96,96,16,3,5,,,,,,,,,,,9,5,8,9,5,4,4,6,6,,,,,,,,,,,,,,,,,,,,,,4,4,normal,mixed,,,,9,,,2,9,8,,,0.004225421,COMPLETE
693,,47:08.6,47:52.3,0 days 00:00:43.662929,4,64,96,16,3,5,9,6,2,4,10,10,3,9,,,9,5,8,9,5,4,,,,,,,,,,,,,,,,,,,,,,,,,4,4,mixed,mixed,,,8,6,,,2,10,8,,,0.003680538,FAIL
694,199.7584229,47:52.3,48:30.9,0 days 00:00:38.614627,4,64,96,16,3,5,,,,,,,,,,,9,5,8,9,5,4,,,,,,,,,,,,,,,,,,,,,,,,,4,3,normal,mixed,,,,6,,,2,10,8,,,0.000870108,COMPLETE
695,,48:30.9,49:14.8,0 days 00:00:43.925313,4,96,96,16,3,5,9,6,2,4,10,10,4,9,,,9,5,8,6,5,2,4,,,,,,,,,,,,,,,,,,,,,,,,4,4,mixed,mixed,,,8,7,,,2,10,9,,,0.003069211,FAIL
696,,49:14.8,49:57.9,0 days 00:00:43.105001,4,96,96,16,3,5,9,6,2,4,10,10,3,,,,9,5,9,6,5,2,4,,,,,,,,,,,,,,,,,,,,,,,,4,4,mixed,mixed,,,7,7,,,2,10,9,,,0.003673743,FAIL
697,127.0755539,49:57.9,50:37.7,0 days 00:00:39.788249,4,96,96,16,3,5,,,,,,,,,,,9,5,9,6,5,4,4,,,,,,,,,,,,,,,,,,,,,,,,4,4,normal,mixed,,,,7,,,2,10,9,,,0.003602336,COMPLETE
698,,50:37.7,51:20.7,0 days 00:00:43.019806,4,96,96,16,3,5,8,6,2,4,10,10,3,9,,,9,2,7,5,5,,,,,,,,,,,,,,,,,,,,,,,,,,4,4,mixed,mixed,,,8,5,,,2,10,8,,,0.003054575,FAIL
699,,51:20.7,52:03.9,0 days 00:00:43.195649,4,96,96,16,3,5,9,6,2,4,10,10,3,9,,,9,2,9,6,5,,,,,,,,,,,,,,,,,,,,,,,,,,4,4,mixed,mixed,,,8,5,,,2,10,8,,,0.00303633,FAIL
700,185.2215881,52:03.9,52:42.4,0 days 00:00:38.433449,4,96,96,16,3,5,,,,,,,,,,,9,2,9,5,5,,,,,,,,,,,,,,,,,,,,,,,,,,4,4,normal,mixed,,,,5,,,2,10,8,,,0.00311107,COMPLETE
701,278.0060425,52:42.4,53:21.8,0 days 00:00:39.470170,4,96,96,16,3,5,,,,,,,,,,,9,6,9,4,5,4,5,,,,,,,,,,,,,,,,,,,,,,,,5,4,normal,mixed,,,,7,,,2,10,7,,,0.003505093,COMPLETE
702,155.1225586,53:21.8,54:01.5,0 days 00:00:39.640575,4,96,96,16,3,5,,,,,,,,,,,8,6,9,6,5,4,4,,,,,,,,,,,,,,,,,,,,,,,,4,4,normal,mixed,,,,7,,,2,10,8,,,0.003004277,COMPLETE
703,,54:01.5,54:44.8,0 days 00:00:43.312516,4,96,96,16,3,5,9,6,2,4,10,10,3,9,,,9,4,7,5,5,4,,,,,,,,,,,,,,,,,,,,,,,,,4,4,mixed,mixed,,,8,6,,,2,10,9,,,0.003684907,FAIL
704,,54:44.8,55:28.2,0 days 00:00:43.433225,4,96,96,16,3,5,8,6,2,4,10,10,3,9,,,9,4,7,5,5,4,,,,,,,,,,,,,,,,,,,,,,,,,4,6,mixed,mixed,,,8,6,,,2,10,9,,,0.003673431,FAIL
705,192.7445068,55:28.2,56:07.0,0 days 00:00:38.791141,4,96,96,16,3,5,,,,,,,,,,,9,3,7,7,5,4,,,,,,,,,,,,,,,,,,,,,,,,,4,4,normal,mixed,,,,6,,,2,10,9,,,0.00351327,COMPLETE
706,,56:07.0,56:50.2,0 days 00:00:43.124159,4,96,96,16,3,5,9,6,2,4,10,10,3,,,,9,4,7,6,5,3,4,,,,,,,,,,,,,,,,,,,,,,,,4,4,mixed,mixed,,,7,7,,,2,10,3,,,0.00533917,FAIL
707,,56:50.2,57:33.4,0 days 00:00:43.218585,4,96,96,16,3,5,9,6,2,4,4,10,3,9,,,9,4,7,6,5,3,4,,,,,,,,,,,,,,,,,,,,,,,,4,4,mixed,mixed,,,8,7,,,2,10,8,,,0.003739763,FAIL
708,,57:33.4,58:16.5,0 days 00:00:43.076911,4,96,96,16,3,5,9,6,2,4,10,10,3,9,,,9,4,7,6,5,3,4,,,,,,,,,,,,,,,,,,,,,,,,4,6,mixed,mixed,,,8,7,,,2,10,8,,,0.005320147,FAIL
709,199.0994873,58:16.5,58:56.9,0 days 00:00:40.468619,4,96,96,16,3,5,,,,,,,,,,,9,4,7,6,5,3,4,,,,,,,,,,,,,,,,,,,,,,,,4,6,normal,mixed,,,,7,,,2,10,8,,,0.007690649,COMPLETE
710,,58:56.9,59:41.1,0 days 00:00:44.174241,4,96,96,16,3,5,9,6,2,4,10,10,3,9,,,9,2,9,5,5,4,4,5,,,,,,,,,,,,,,,,,,,,,,,4,4,mixed,mixed,,,8,8,,,2,10,8,,,0.003826752,FAIL
711,,59:41.1,00:25.0,0 days 00:00:43.879798,4,96,96,16,3,5,9,6,2,4,10,10,3,9,,,9,2,9,5,5,4,4,5,,,,,,,,,,,,,,,,,,,,,,,4,4,mixed,mixed,,,8,8,,,2,10,8,,,0.005367088,FAIL
712,197.4681549,00:25.0,01:04.3,0 days 00:00:39.266494,4,96,96,16,3,5,,,,,,,,,,,9,2,7,6,5,4,4,5,,,,,,,,,,,,,,,,,,,,,,,4,4,normal,mixed,,,,8,,,2,10,8,,,0.005236265,COMPLETE
713,,01:04.3,01:45.5,0 days 00:00:41.259041,4,96,96,16,3,5,9,6,2,4,10,10,3,9,,,9,4,,,,,,,,,,,,,,,,,,,,,,,,,,,,,4,4,mixed,mixed,,,8,2,,,2,10,8,,,0.003750966,FAIL
714,,01:45.5,02:27.0,0 days 00:00:41.494913,4,96,96,16,3,5,9,6,2,4,10,10,3,9,,,9,4,,,,,,,,,,,,,,,,,,,,,,,,,,,,,4,4,mixed,mixed,,,8,2,,,2,10,3,,,0.003843561,FAIL
715,250.5135956,02:27.0,03:06.0,0 days 00:00:38.984746,4,96,96,16,3,5,,,,,,,,,,,9,4,7,5,7,2,3,,,,,,,,,,,,,,,,,,,,,,,,4,4,normal,mixed,,,,7,,,2,10,8,,,0.002702067,COMPLETE
716,,03:06.0,03:49.8,0 days 00:00:43.735253,4,32,96,16,3,5,9,6,2,4,10,10,3,9,,,8,6,7,6,5,4,5,,,,,,,,,,,,,,,,,,,,,,,,4,4,mixed,mixed,,,8,7,,,2,10,7,,,0.003760083,FAIL
717,,03:49.8,04:33.8,0 days 00:00:44.051412,4,32,96,16,3,5,9,6,2,4,10,10,3,9,,,8,6,7,6,9,4,5,,,,,,,,,,,,,,,,,,,,,,,,4,4,mixed,mixed,,,8,7,,,2,10,3,,,0.003774256,FAIL
718,423.1221924,04:33.8,05:10.8,0 days 00:00:36.982221,4,64,96,16,3,5,,,,,,,,,,,8,6,,,,,,,,,,,,,,,,,,,,,,,,,,,,,4,4,normal,mixed,,,,2,,,2,10,7,,,0.003769207,COMPLETE
719,,05:10.8,05:54.7,0 days 00:00:43.944102,4,96,128,8,3,5,9,6,2,4,10,10,3,9,,,9,5,7,6,5,4,5,,,,,,,,,,,,,,,,,,,,,,,,3,4,mixed,mixed,,,8,7,,,2,10,9,,,0.00330228,FAIL
720,,05:54.7,06:38.5,0 days 00:00:43.741610,4,96,64,8,3,5,9,6,2,4,10,10,3,9,,,9,5,7,8,5,4,5,,,,,,,,,,,,,,,,,,,,,,,,3,4,mixed,mixed,,,8,7,,,2,10,9,,,0.003249192,FAIL
721,222.3074951,06:38.5,07:17.9,0 days 00:00:39.405397,4,32,128,8,3,5,,,,,,,,,,,9,5,7,8,5,4,5,,,,,,,,,,,,,,,,,,,,,,,,3,4,normal,mixed,,,,7,,,2,10,9,,,0.003324087,COMPLETE
722,138.5367432,07:17.9,07:56.8,0 days 00:00:38.888905,4,16,64,32,3,5,,,,,,,,,,,9,3,9,6,6,3,4,,,,,,,,,,,,,,,,,,,,,,,,4,4,normal,mixed,,,,7,,,2,10,8,,,0.004495895,COMPLETE
723,573.8798828,07:56.8,08:36.8,0 days 00:00:40.046885,4,96,16,16,3,4,9,6,2,4,10,10,4,9,,,,,,,,,,,,,,,,,,,,,,,,,,,,,,,,,4,4,mixed,normal,,,8,,,,2,10,3,,,0.003006248,COMPLETE
724,,08:36.8,09:17.8,0 days 00:00:40.930669,4,96,96,32,3,5,2,2,9,,,,,,,,9,6,7,6,5,2,4,,,,,,,,,,,,,,,,,,,,,,,,4,5,mixed,mixed,,,3,7,,,2,9,8,,,0.005468781,FAIL
725,,09:17.8,09:58.2,0 days 00:00:40.396183,4,96,96,32,3,5,2,5,9,,,,,,,,9,6,7,6,5,2,4,,,,,,,,,,,,,,,,,,,,,,,,4,4,mixed,mixed,,,3,7,,,2,9,8,,,0.00566612,FAIL
726,387.7975159,09:58.2,10:37.5,0 days 00:00:39.278128,4,96,96,32,3,5,,,,,,,,,,,9,6,7,6,5,2,4,,,,,,,,,,,,,,,,,,,,,,,,4,4,normal,mixed,,,,7,,,2,9,8,,,0.00571361,COMPLETE
727,120.9733658,10:37.5,11:16.5,0 days 00:00:39.010876,4,64,96,32,3,5,,,,,,,,,,,9,3,10,6,7,4,,,,,,,,,,,,,,,,,,,,,,,,,4,4,normal,mixed,,,,6,,,2,10,8,,,0.003919075,COMPLETE
728,,11:16.5,11:56.5,0 days 00:00:40.054324,4,96,96,16,3,5,2,2,9,,,,,,,,9,2,10,7,6,4,,,,,,,,,,,,,,,,,,,,,,,,,4,4,mixed,mixed,,,3,6,,,2,10,8,,,0.004016493,FAIL
729,144.5519562,11:56.5,12:35.3,0 days 00:00:38.798019,4,96,96,16,3,5,,,,,,,,,,,9,2,8,7,6,4,,,,,,,,,,,,,,,,,,,,,,,,,4,4,normal,mixed,,,,6,,,2,10,8,,,0.00390439,COMPLETE
730,,12:35.3,13:16.1,0 days 00:00:40.765770,4,64,96,96,3,5,2,2,9,,,,,,,,10,6,10,6,5,4,,,,,,,,,,,,,,,,,,,,,,,,,4,4,mixed,mixed,,,3,6,,,2,10,7,,,0.003740189,FAIL
731,,13:16.1,13:56.5,0 days 00:00:40.441991,4,64,96,96,3,5,2,2,9,,,,,,,,10,6,10,6,5,4,,,,,,,,,,,,,,,,,,,,,,,,,4,4,mixed,mixed,,,3,6,,,2,10,7,,,0.003602481,FAIL
732,,13:56.6,14:37.2,0 days 00:00:40.672087,4,64,96,96,3,5,2,5,9,,,,,,,,10,6,10,6,5,4,,,,,,,,,,,,,,,,,,,,,,,,,4,4,mixed,mixed,,,3,6,,,2,10,7,,,0.003582127,FAIL
733,389.3978882,14:37.2,15:16.5,0 days 00:00:39.260779,4,64,96,96,3,5,,,,,,,,,,,10,6,10,6,5,4,,,,,,,,,,,,,,,,,,,,,,,,,4,4,normal,mixed,,,,6,,,2,10,7,,,0.003552841,COMPLETE
734,133.7989502,15:16.5,15:55.7,0 days 00:00:39.171637,4,96,96,32,3,5,,,,,,,,,,,7,2,10,10,6,4,,,,,,,,,,,,,,,,,,,,,,,,,4,4,normal,mixed,,,,6,,,2,10,8,,,0.003985537,COMPLETE
735,,15:55.7,16:35.7,0 days 00:00:40.010104,4,64,96,32,3,5,2,2,9,,,,,,,,9,3,10,6,7,3,,,,,,,,,,,,,,,,,,,,,,,,,4,4,mixed,mixed,,,3,6,,,2,10,9,,,0.003225127,FAIL
736,,16:35.7,17:16.9,0 days 00:00:41.194218,4,64,96,32,3,5,8,2,9,,,,,,,,9,3,10,6,7,3,,,,,,,,,,,,,,,,,,,,,,,,,4,5,mixed,mixed,,,3,6,,,2,10,9,,,0.003267504,FAIL
737,,17:16.9,17:58.1,0 days 00:00:41.219691,4,64,96,32,3,5,8,2,9,,,,,,,,9,3,10,6,7,3,,,,,,,,,,,,,,,,,,,,,,,,,4,5,mixed,mixed,,,3,6,,,2,8,9,,,0.003309611,FAIL
738,,17:58.1,18:39.0,0 days 00:00:40.918338,4,64,96,32,3,5,2,2,9,,,,,,,,9,3,10,6,7,3,,,,,,,,,,,,,,,,,,,,,,,,,4,5,mixed,mixed,,,3,6,,,2,10,9,,,0.00335482,FAIL
739,,18:39.0,19:19.8,0 days 00:00:40.819629,4,64,96,32,3,5,2,2,9,,,,,,,,9,3,10,6,7,3,,,,,,,,,,,,,,,,,,,,,,,,,4,5,mixed,mixed,,,3,6,,,2,10,9,,,0.003277286,FAIL
740,,19:19.8,19:59.9,0 days 00:00:40.020016,4,64,96,32,3,5,2,2,9,,,,,,,,9,3,10,6,7,3,,,,,,,,,,,,,,,,,,,,,,,,,4,4,mixed,mixed,,,3,6,,,2,10,9,,,0.003143238,FAIL
741,,19:59.9,20:40.8,0 days 00:00:40.897134,4,64,96,32,3,5,2,5,8,,,,,,,,9,3,10,6,7,3,,,,,,,,,,,,,,,,,,,,,,,,,4,5,mixed,mixed,,,3,6,,,2,10,9,,,0.003345925,FAIL
742,,20:40.8,21:21.1,0 days 00:00:40.311914,4,64,96,32,3,5,2,2,9,,,,,,,,9,3,10,6,7,3,,,,,,,,,,,,,,,,,,,,,,,,,4,4,mixed,mixed,,,3,6,,,2,10,9,,,0.003294419,FAIL
743,128.2009735,21:21.1,22:00.8,0 days 00:00:39.745755,4,64,96,32,3,5,,,,,,,,,,,9,3,10,6,7,3,,,,,,,,,,,,,,,,,,,,,,,,,4,5,normal,mixed,,,,6,,,2,10,9,,,0.003245511,COMPLETE
744,,22:00.8,22:41.8,0 days 00:00:41.008462,4,64,96,16,3,5,2,2,9,,,,,,,,9,3,10,6,7,3,,,,,,,,,,,,,,,,,,,,,,,,,4,5,mixed,mixed,,,3,6,,,2,10,9,,,0.002593894,FAIL
745,105.3205566,22:41.9,23:21.7,0 days 00:00:39.835714,4,64,96,16,3,5,,,,,,,,,,,9,3,10,6,7,3,,,,,,,,,,,,,,,,,,,,,,,,,4,5,normal,mixed,,,,6,,,2,10,9,,,0.004473147,COMPLETE
746,,23:21.7,24:01.1,0 days 00:00:39.447383,4,64,96,16,3,5,2,2,9,,,,,,,,9,3,10,6,7,3,,,,,,,,,,,,,,,,,,,,,,,,,4,3,mixed,mixed,,,3,6,,,2,8,9,,,0.002638933,FAIL
747,,24:01.1,24:42.2,0 days 00:00:41.065422,4,64,96,16,3,5,2,2,9,,,,,,,,9,3,10,6,7,3,,,,,,,,,,,,,,,,,,,,,,,,,4,5,mixed,mixed,,,3,6,,,2,10,9,,,0.004687282,FAIL
748,,24:42.2,25:22.0,0 days 00:00:39.743267,4,64,96,16,3,5,,,,,,,,,,,9,3,10,6,7,3,,,,,,,,,,,,,,,,,,,,,,,,,4,5,normal,mixed,,,,6,,,2,8,9,,,0.004536081,FAIL
749,547.3706665,25:22.0,26:02.8,0 days 00:00:40.887151,4,64,96,16,3,5,,,,,,,,,,,9,3,10,6,7,3,5,6,5,,,,,,,,,,,,,,,,,,,,,,4,5,normal,mixed,,,,9,,,2,8,9,,,0.004672057,COMPLETE
750,,26:02.9,26:46.1,0 days 00:00:43.282308,4,64,96,16,3,5,2,2,9,7,4,7,5,7,,,9,3,10,6,7,3,,,,,,,,,,,,,,,,,,,,,,,,,4,5,mixed,mixed,,,8,6,,,2,9,9,,,0.002563392,FAIL
751,337.0166931,26:46.1,27:25.9,0 days 00:00:39.734929,4,64,96,16,3,5,,,,,,,,,,,9,3,10,6,7,3,,,,,,,,,,,,,,,,,,,,,,,,,4,5,normal,mixed,,,,6,,,2,9,9,,,0.002843372,COMPLETE
752,169.4475861,27:25.9,28:05.4,0 days 00:00:39.555988,4,64,96,16,3,5,,,,,,,,,,,9,3,10,6,7,3,,,,,,,,,,,,,,,,,,,,,,,,,4,5,normal,mixed,,,,6,,,2,10,9,,,0.002516042,COMPLETE
753,,28:05.4,28:46.3,0 days 00:00:40.850037,4,64,96,16,3,5,2,2,9,,,,,,,,9,3,10,6,7,3,,,,,,,,,,,,,,,,,,,,,,,,,4,5,mixed,mixed,,,3,6,,,2,10,9,,,0.00493044,FAIL
754,,28:46.3,29:26.9,0 days 00:00:40.607298,4,64,96,16,3,5,2,2,9,,,,,,,,9,3,10,6,7,,,,,,,,,,,,,,,,,,,,,,,,,,4,5,mixed,mixed,,,3,5,,,2,10,9,,,0.003162982,FAIL
755,,29:26.9,30:08.1,0 days 00:00:41.233003,4,64,96,16,3,5,2,5,9,,,,,,,,9,3,10,6,7,,,,,,,,,,,,,,,,,,,,,,,,,,4,5,mixed,mixed,,,3,5,,,2,10,9,,,0.004434681,FAIL
756,,30:08.1,30:48.8,0 days 00:00:40.617195,4,64,96,16,3,5,2,2,8,,,,,,,,9,3,10,6,7,,,,,,,,,,,,,,,,,,,,,,,,,,4,5,mixed,mixed,,,3,5,,,2,10,9,,,0.004940026,FAIL
757,266.9425354,30:48.8,31:28.3,0 days 00:00:39.504147,4,64,96,16,3,5,,,,,,,,,,,9,3,10,6,7,,,,,,,,,,,,,,,,,,,,,,,,,,4,5,normal,mixed,,,,5,,,2,10,9,,,0.003226261,COMPLETE
758,198.9661102,31:28.3,32:08.0,0 days 00:00:39.710312,4,64,96,16,3,5,,,,,,,,,,,8,3,10,6,7,3,,,,,,,,,,,,,,,,,,,,,,,,,4,5,normal,mixed,,,,6,,,2,10,9,,,0.004418711,COMPLETE
759,,32:08.0,32:49.9,0 days 00:00:41.892389,4,64,96,16,3,5,2,2,9,,,,,,,,9,3,10,6,7,3,,,,,,,,,,,,,,,,,,,,,,,,,4,6,mixed,mixed,,,3,6,,,2,10,10,,,0.004928796,FAIL
760,150.5371704,32:49.9,33:30.4,0 days 00:00:40.546930,4,64,96,16,3,5,,,,,,,,,,,9,3,10,6,7,3,,,,,,,,,,,,,,,,,,,,,,,,,4,6,normal,mixed,,,,6,,,2,10,10,,,0.004978919,COMPLETE
761,,33:30.4,34:11.1,0 days 00:00:40.642360,4,64,96,16,3,5,2,2,9,,,,,,,,9,3,10,3,7,3,,,,,,,,,,,,,,,,,,,,,,,,,4,5,mixed,mixed,,,3,6,,,2,10,9,,,0.003740761,FAIL
762,,34:11.1,34:51.9,0 days 00:00:40.794586,4,64,96,16,3,5,2,2,9,,,,,,,,9,3,10,6,7,3,,,,,,,,,,,,,,,,,,,,,,,,,4,5,mixed,mixed,,,3,6,,,2,10,9,,,0.003714433,FAIL
763,,34:51.9,35:32.9,0 days 00:00:41.078677,4,64,96,16,3,5,2,2,9,,,,,,,,9,3,10,8,7,3,,,,,,,,,,,,,,,,,,,,,,,,,4,5,mixed,mixed,,,3,6,,,2,10,9,,,0.003752903,FAIL
764,143.0947418,35:33.0,36:12.3,0 days 00:00:39.369670,4,64,96,16,3,5,,,,,,,,,,,9,3,10,3,7,3,,,,,,,,,,,,,,,,,,,,,,,,,4,5,normal,mixed,,,,6,,,2,10,9,,,0.003705616,COMPLETE
765,,36:12.3,36:53.0,0 days 00:00:40.704004,4,64,96,16,3,5,2,2,9,,,,,,,,9,3,10,5,7,3,,,,,,,,,,,,,,,,,,,,,,,,,3,5,mixed,mixed,,,3,6,,,2,10,9,,,0.003052127,FAIL
766,118.6281281,36:53.0,37:33.6,0 days 00:00:40.574809,4,64,96,16,3,5,,,,,,,,,,,9,3,10,9,7,3,,,,,,,,,,,,,,,,,,,,,,,,,4,6,normal,mixed,,,,6,,,2,10,9,,,0.003039068,COMPLETE
767,,37:33.6,38:15.5,0 days 00:00:41.920713,4,64,96,16,3,5,2,2,9,,,,,,,,10,3,10,8,7,3,,,,,,,,,,,,,,,,,,,,,,,,,4,6,mixed,mixed,,,3,6,,,2,10,9,,,0.002627566,FAIL
768,123.1379929,38:15.5,38:55.1,0 days 00:00:39.604713,4,64,96,16,3,5,,,,,,,,,,,10,3,10,5,7,3,,,,,,,,,,,,,,,,,,,,,,,,,4,5,normal,mixed,,,,6,,,2,10,9,,,0.002656139,COMPLETE
769,,38:55.1,39:36.6,0 days 00:00:41.443160,3,64,96,16,3,5,2,2,9,,,,,,,,10,3,10,5,7,3,,,,,,,,,,,,,,,,,,,,,,,,,4,6,mixed,mixed,,,3,6,,,2,10,9,,,0.002484023,FAIL
770,,39:36.6,40:18.1,0 days 00:00:41.557094,4,64,96,16,3,5,2,2,9,,,,,,,,10,3,10,5,7,3,,,,,,,,,,,,,,,,,,,,,,,,,4,6,mixed,mixed,,,3,6,,,2,10,9,,,0.002582713,FAIL
771,,40:18.2,40:59.6,0 days 00:00:41.408368,3,64,96,16,3,5,2,2,9,,,,,,,,10,3,10,5,7,3,,,,,,,,,,,,,,,,,,,,,,,,,4,6,mixed,mixed,,,3,6,,,2,10,9,,,0.002642381,FAIL
772,,40:59.6,41:41.3,0 days 00:00:41.708658,3,64,96,16,3,5,2,2,9,,,,,,,,10,3,10,5,7,3,,,,,,,,,,,,,,,,,,,,,,,,,4,6,mixed,mixed,,,3,6,,,2,10,9,,,0.002352216,FAIL
773,,41:41.3,42:22.0,0 days 00:00:40.747013,3,64,96,16,3,5,2,2,9,,,,,,,,10,3,10,5,7,3,,,,,,,,,,,,,,,,,,,,,,,,,4,5,mixed,mixed,,,3,6,,,2,10,9,,,0.002637708,FAIL
774,,42:22.0,43:02.8,0 days 00:00:40.745008,4,64,96,16,3,5,2,2,9,,,,,,,,10,3,10,5,7,3,,,,,,,,,,,,,,,,,,,,,,,,,4,5,mixed,mixed,,,3,6,,,2,10,9,,,0.002617157,FAIL
775,,43:02.8,43:44.2,0 days 00:00:41.397214,3,64,96,16,3,5,2,2,9,,,,,,,,10,3,10,5,7,3,,,,,,,,,,,,,,,,,,,,,,,,,4,6,mixed,mixed,,,3,6,,,2,10,9,,,0.002662275,FAIL
776,179.158783,43:44.2,44:24.6,0 days 00:00:40.407287,3,64,96,16,3,5,,,,,,,,,,,10,3,10,5,7,3,,,,,,,,,,,,,,,,,,,,,,,,,4,6,normal,mixed,,,,6,,,2,10,9,,,0.00255988,COMPLETE
777,230.5204468,44:24.6,45:05.0,0 days 00:00:40.380679,4,64,96,16,3,5,,,,,,,,,,,10,3,10,5,7,3,,,,,,,,,,,,,,,,,,,,,,,,,4,6,normal,mixed,,,,6,,,2,10,9,,,0.002656193,COMPLETE
778,,45:05.0,45:45.9,0 days 00:00:40.936604,4,64,96,16,3,5,2,2,9,,,,,,,,10,3,10,7,7,3,,,,,,,,,,,,,,,,,,,,,,,,,4,5,mixed,mixed,,,3,6,,,2,9,9,,,0.002325665,FAIL
779,,45:45.9,46:27.3,0 days 00:00:41.425735,4,64,96,16,3,5,8,2,9,,,,,,,,10,3,10,7,7,3,,,,,,,,,,,,,,,,,,,,,,,,,4,5,mixed,mixed,,,3,6,,,2,7,9,,,0.00299532,FAIL
780,,46:27.3,47:08.4,0 days 00:00:41.095989,4,64,96,16,3,5,2,2,9,,,,,,,,10,3,10,7,7,3,,,,,,,,,,,,,,,,,,,,,,,,,4,5,mixed,mixed,,,3,6,,,2,7,9,,,0.002929316,FAIL
781,,47:08.4,47:49.4,0 days 00:00:40.906062,4,64,96,16,3,5,2,2,9,,,,,,,,10,3,10,7,7,3,,,,,,,,,,,,,,,,,,,,,,,,,4,5,mixed,mixed,,,3,6,,,2,9,9,,,0.002388987,FAIL
782,,47:49.4,48:29.9,0 days 00:00:40.538928,4,64,96,16,3,5,2,2,8,,,,,,,,10,3,10,4,7,3,,,,,,,,,,,,,,,,,,,,,,,,,4,5,mixed,mixed,,,3,6,,,2,9,9,,,0.002864447,FAIL
783,,48:29.9,49:10.8,0 days 00:00:40.894341,4,64,96,16,3,5,2,2,9,,,,,,,,10,3,10,7,7,3,,,,,,,,,,,,,,,,,,,,,,,,,4,5,mixed,mixed,,,3,6,,,2,9,9,,,0.002855726,FAIL
784,,49:10.8,49:51.6,0 days 00:00:40.767692,4,64,96,16,3,5,2,2,9,,,,,,,,10,3,10,4,7,3,,,,,,,,,,,,,,,,,,,,,,,,,4,5,mixed,mixed,,,3,6,,,2,9,9,,,0.002901457,FAIL
785,,49:51.6,50:32.5,0 days 00:00:40.931203,4,64,96,16,3,5,2,2,9,,,,,,,,10,3,10,7,7,3,,,,,,,,,,,,,,,,,,,,,,,,,4,5,mixed,mixed,,,3,6,,,2,9,9,,,0.002235093,FAIL
786,,50:32.5,51:13.4,0 days 00:00:40.928800,4,64,96,16,3,5,2,2,9,,,,,,,,10,3,10,7,7,3,,,,,,,,,,,,,,,,,,,,,,,,,4,5,mixed,mixed,,,3,6,,,2,9,9,,,0.002174249,FAIL
787,,51:13.4,51:55.7,0 days 00:00:42.237594,4,64,96,16,3,5,2,2,9,,,,,,,,10,3,10,7,7,3,,,,,,,,,,,,,,,,,,,,,,,,,4,5,mixed,mixed,,,3,6,,,2,9,9,,,0.002368732,FAIL
788,,51:55.7,52:37.5,0 days 00:00:41.830647,4,64,96,16,3,5,2,2,9,,,,,,,,10,3,10,7,8,3,,,,,,,,,,,,,,,,,,,,,,,,,4,5,mixed,mixed,,,3,6,,,2,9,9,,,0.002343104,FAIL
789,,52:37.5,53:18.7,0 days 00:00:41.197056,4,64,96,16,3,5,2,2,9,,,,,,,,10,3,10,7,7,3,,,,,,,,,,,,,,,,,,,,,,,,,4,5,mixed,mixed,,,3,6,,,2,9,9,,,0.002391447,FAIL
790,641.3948364,53:18.7,53:58.8,0 days 00:00:40.043557,4,64,96,16,3,5,,,,,,,,,,,10,3,10,7,7,3,,,,,,,,,,,,,,,,,,,,,,,,,4,5,normal,mixed,,,,6,,,2,9,9,,,0.002743707,COMPLETE
791,,53:58.8,54:39.7,0 days 00:00:40.910175,4,64,96,16,3,5,2,2,9,,,,,,,,10,3,10,4,7,3,,,,,,,,,,,,,,,,,,,,,,,,,4,5,mixed,mixed,,,3,6,,,2,10,9,,,0.002970075,FAIL
792,313.0742188,54:39.7,55:17.5,0 days 00:00:37.781204,4,64,96,16,3,5,2,2,9,,,,,,,,,,,,,,,,,,,,,,,,,,,,,,,,,,,,,,4,5,mixed,normal,,,3,,,,2,10,9,,,0.002182247,COMPLETE
793,217.7239532,55:17.5,55:58.4,0 days 00:00:40.906536,4,64,96,16,3,5,,,,,,,,,,,10,3,10,9,7,3,,,,,,,,,,,,,,,,,,,,,,,,,4,6,normal,mixed,,,,6,,,2,10,9,,,0.002398609,COMPLETE
794,,55:58.4,56:42.4,0 days 00:00:44.017480,4,64,96,16,3,5,8,5,5,7,4,6,6,7,,,10,3,10,4,7,3,,,,,,,,,,,,,,,,,,,,,,,,,4,5,mixed,mixed,,,8,6,,,2,10,9,,,0.002941742,FAIL
795,,56:42.4,57:25.5,0 days 00:00:43.080365,4,64,96,16,3,5,8,5,5,7,4,6,6,6,10,3,10,3,10,9,7,3,,,,,,,,,,,,,,,,,,,,,,,,,4,5,mixed,mixed,,,10,6,,,2,10,9,,,0.002967795,FAIL
796,,57:25.5,58:09.6,0 days 00:00:44.156786,4,64,96,16,3,5,8,5,5,7,4,6,7,7,,,10,3,10,4,8,3,,,,,,,,,,,,,,,,,,,,,,,,,3,5,mixed,mixed,,,8,6,,,2,10,9,,,0.003061285,FAIL
797,,58:09.6,58:53.7,0 days 00:00:44.096488,4,64,96,16,3,5,8,5,5,7,4,6,6,7,,,10,3,10,5,8,3,,,,,,,,,,,,,,,,,,,,,,,,,4,5,mixed,mixed,,,8,6,,,2,10,9,,,0.002994938,FAIL
798,,58:53.7,59:37.7,0 days 00:00:43.983685,4,64,96,16,3,5,8,5,5,7,4,6,6,7,,,10,3,10,5,8,3,,,,,,,,,,,,,,,,,,,,,,,,,3,5,mixed,mixed,,,8,6,,,2,10,9,,,0.003087024,FAIL
799,,59:37.7,00:21.9,0 days 00:00:44.172513,4,64,96,16,3,5,8,5,5,7,4,6,6,7,,,10,3,10,8,8,3,,,,,,,,,,,,,,,,,,,,,,,,,4,5,mixed,mixed,,,8,6,,,2,10,9,,,0.002972196,FAIL
800,,00:21.9,01:06.1,0 days 00:00:44.162818,4,64,96,16,3,5,8,5,5,7,4,6,6,7,,,10,3,10,5,8,3,,,,,,,,,,,,,,,,,,,,,,,,,4,5,mixed,mixed,,,8,6,,,2,10,9,,,0.002921649,FAIL
801,,01:06.1,01:50.1,0 days 00:00:44.007961,4,64,96,16,3,5,8,5,5,7,4,6,6,7,,,10,3,10,4,8,3,,,,,,,,,,,,,,,,,,,,,,,,,4,5,mixed,mixed,,,8,6,,,2,10,9,,,0.003060786,FAIL
802,124.081131,01:50.1,02:30.0,0 days 00:00:39.897387,4,64,96,16,3,5,,,,,,,,,,,10,3,10,5,8,3,,,,,,,,,,,,,,,,,,,,,,,,,4,5,normal,mixed,,,,6,,,2,10,9,,,0.002969251,COMPLETE
803,158.0273743,02:30.0,03:09.0,0 days 00:00:39.035289,4,64,96,16,3,5,,,,,,,,,,,10,3,10,4,9,3,,,,,,,,,,,,,,,,,,,,,,,,,4,4,normal,mixed,,,,6,,,2,10,10,,,0.002847964,COMPLETE
804,132.634903,03:09.0,03:48.4,0 days 00:00:39.407029,4,64,96,16,3,5,,,,,,,,,,,10,3,10,5,4,,,,,,,,,,,,,,,,,,,,,,,,,,4,5,normal,mixed,,,,5,,,2,10,9,,,0.002971424,COMPLETE
805,,03:48.4,04:31.2,0 days 00:00:42.722247,4,64,96,16,3,5,8,5,5,7,4,6,6,7,,,10,3,10,5,8,4,,,,,,,,,,,,,,,,,,,,,,,,,4,6,mixed,mixed,,,8,6,,,2,10,9,,,0.002446501,FAIL
806,,04:31.2,05:12.7,0 days 00:00:41.500364,4,64,96,16,3,5,,,,,,,,,,,10,3,10,5,8,4,,,,,,,,,,,,,,,,,,,,,,,,,4,7,normal,mixed,,,,6,,,2,10,9,,,0.002332167,FAIL
807,,05:12.7,05:56.3,0 days 00:00:43.663054,4,64,96,16,3,5,8,5,5,7,5,6,6,7,10,2,10,3,10,5,9,4,,,,,,,,,,,,,,,,,,,,,,,,,4,6,mixed,mixed,,,10,6,,,2,10,9,,,0.002412128,FAIL
808,286.4938965,05:56.3,06:36.8,0 days 00:00:40.476596,4,64,96,16,3,5,,,,,,,,,,,10,3,10,8,9,4,,,,,,,,,,,,,,,,,,,,,,,,,4,5,normal,mixed,,,,6,,,2,10,9,,,0.002505964,COMPLETE
809,,06:36.8,07:19.8,0 days 00:00:42.987396,4,64,96,16,3,5,8,5,8,7,4,6,6,7,,,10,4,10,5,8,2,,,,,,,,,,,,,,,,,,,,,,,,,4,6,mixed,mixed,,,8,6,,,2,10,9,,,0.003011301,FAIL
810,482.3095703,07:19.8,08:00.5,0 days 00:00:40.669929,4,64,96,16,3,5,,,,,,,,,,,10,4,10,5,8,2,,,,,,,,,,,,,,,,,,,,,,,,,4,6,normal,mixed,,,,6,,,2,10,9,,,0.003014124,COMPLETE
811,,08:00.5,08:44.8,0 days 00:00:44.349981,4,64,96,16,3,5,8,7,8,7,4,6,6,7,,,10,3,10,5,8,3,,,,,,,,,,,,,,,,,,,,,,,,,4,5,mixed,mixed,,,8,6,,,2,10,9,,,0.001163038,FAIL
812,,08:44.8,09:28.0,0 days 00:00:43.159674,4,64,96,16,3,5,9,5,5,7,4,6,7,7,10,2,10,3,10,4,8,3,,,,,,,,,,,,,,,,,,,,,,,,,4,5,mixed,mixed,,,10,6,,,2,10,9,,,0.002690265,FAIL
813,,09:28.0,10:11.4,0 days 00:00:43.378808,4,64,96,16,3,5,8,5,5,7,4,6,6,7,,,10,3,10,5,9,3,,,,,,,,,,,,,,,,,,,,,,,,,4,7,mixed,mixed,,,8,6,,,2,10,9,,,0.002679269,FAIL
814,,10:11.4,10:52.8,0 days 00:00:41.461269,4,64,96,16,3,5,,,,,,,,,,,10,3,10,4,9,3,,,,,,,,,,,,,,,,,,,,,,,,,4,7,normal,mixed,,,,6,,,2,10,9,,,0.002283464,FAIL
815,,10:52.8,11:36.9,0 days 00:00:44.010338,4,64,96,16,3,5,8,5,5,7,4,6,6,7,,,10,3,10,5,8,3,,,,,,,,,,,,,,,,,,,,,,,,,4,5,mixed,mixed,,,8,6,,,2,10,9,,,0.002704273,FAIL
816,,11:36.9,12:21.0,0 days 00:00:44.162632,4,64,96,16,3,5,8,5,5,7,4,6,6,6,,,10,3,10,5,8,3,,,,,,,,,,,,,,,,,,,,,,,,,4,5,mixed,mixed,,,8,6,,,2,10,9,,,0.00275752,FAIL
817,,12:21.0,13:05.1,0 days 00:00:44.080135,4,64,96,16,3,5,8,5,5,7,4,6,6,7,,,10,3,10,5,8,3,,,,,,,,,,,,,,,,,,,,,,,,,4,5,mixed,mixed,,,8,6,,,2,10,9,,,0.002347729,FAIL
818,,13:05.1,13:49.4,0 days 00:00:44.323839,4,64,96,16,3,5,8,5,8,7,4,6,6,7,,,10,3,10,4,9,3,,,,,,,,,,,,,,,,,,,,,,,,,4,5,mixed,mixed,,,8,6,,,2,10,9,,,0.002197457,FAIL
819,,13:49.4,14:33.6,0 days 00:00:44.124206,4,64,96,16,3,5,8,5,5,7,5,6,6,7,,,10,3,10,4,9,3,,,,,,,,,,,,,,,,,,,,,,,,,4,5,mixed,mixed,,,8,6,,,2,10,9,,,0.002669577,FAIL
820,,14:33.6,15:17.8,0 days 00:00:44.287401,4,64,96,16,3,5,8,5,5,7,5,6,6,7,,,10,3,10,5,8,3,,,,,,,,,,,,,,,,,,,,,,,,,4,5,mixed,mixed,,,8,6,,,2,10,9,,,0.00271525,FAIL
821,,15:17.9,16:01.9,0 days 00:00:44.022163,4,64,96,16,3,5,8,5,5,7,4,6,6,7,,,10,3,10,4,8,3,,,,,,,,,,,,,,,,,,,,,,,,,4,5,mixed,mixed,,,8,6,,,2,10,9,,,0.002702144,FAIL
822,,16:01.9,16:45.9,0 days 00:00:43.995921,4,64,96,16,3,5,8,5,5,7,4,6,6,7,,,10,3,10,4,8,3,,,,,,,,,,,,,,,,,,,,,,,,,4,5,mixed,mixed,,,8,6,,,2,10,9,,,0.002824065,FAIL
823,,16:45.9,17:29.8,0 days 00:00:43.970929,4,64,96,16,3,5,8,5,5,7,4,6,6,7,,,10,3,10,5,5,3,,,,,,,,,,,,,,,,,,,,,,,,,4,5,mixed,mixed,,,8,6,,,2,10,9,,,0.003072245,FAIL
824,,17:29.9,18:11.4,0 days 00:00:41.533364,4,64,96,16,3,5,,,,,,,,,,,10,3,10,5,9,3,,,,,,,,,,,,,,,,,,,,,,,,,4,7,normal,mixed,,,,6,,,2,10,9,,,0.002238868,FAIL
825,,18:11.4,18:55.4,0 days 00:00:44.039355,4,64,96,16,3,5,8,5,5,7,4,6,6,7,,,10,3,10,5,9,3,,,,,,,,,,,,,,,,,,,,,,,,,4,5,mixed,mixed,,,8,6,,,2,10,9,,,0.002679173,FAIL
826,,18:55.4,19:39.3,0 days 00:00:43.866775,4,64,96,16,3,5,8,5,5,7,4,6,6,7,,,10,3,10,4,8,3,,,,,,,,,,,,,,,,,,,,,,,,,4,5,mixed,mixed,,,8,6,,,2,10,9,,,0.002778833,FAIL
827,,19:39.3,20:20.9,0 days 00:00:41.575996,4,64,96,16,3,5,,,,,,,,,,,10,3,10,5,9,3,,,,,,,,,,,,,,,,,,,,,,,,,4,7,normal,mixed,,,,6,,,2,10,9,,,0.002707744,FAIL
828,,20:20.9,21:05.0,0 days 00:00:44.138279,4,64,96,16,3,5,8,5,5,7,4,6,6,7,,,10,3,10,5,8,3,,,,,,,,,,,,,,,,,,,,,,,,,4,5,mixed,mixed,,,8,6,,,2,10,9,,,0.002217154,FAIL
829,,21:05.0,21:49.1,0 days 00:00:44.084375,4,64,96,16,3,5,8,5,5,7,4,6,6,7,,,10,3,10,5,8,3,,,,,,,,,,,,,,,,,,,,,,,,,4,5,mixed,mixed,,,8,6,,,2,10,9,,,0.002211651,FAIL
830,,21:49.1,22:33.3,0 days 00:00:44.136340,4,64,96,16,3,5,8,5,5,7,4,6,6,7,,,10,3,10,5,9,3,,,,,,,,,,,,,,,,,,,,,,,,,4,5,mixed,mixed,,,8,6,,,2,10,9,,,0.002326623,FAIL
831,,22:33.3,23:17.3,0 days 00:00:44.047638,4,64,96,16,3,5,8,5,5,7,4,6,6,7,,,10,3,10,5,8,3,,,,,,,,,,,,,,,,,,,,,,,,,4,5,mixed,mixed,,,8,6,,,2,10,9,,,0.002732106,FAIL
832,,23:17.3,23:59.9,0 days 00:00:42.628567,4,64,96,16,3,5,8,5,5,4,4,6,6,7,,,10,3,10,4,8,3,,,,,,,,,,,,,,,,,,,,,,,,,4,7,mixed,mixed,,,8,6,,,2,10,9,,,0.002275041,FAIL
833,,23:59.9,24:41.3,0 days 00:00:41.321491,4,64,96,16,3,5,,,,,,,,,,,10,3,10,5,8,3,,,,,,,,,,,,,,,,,,,,,,,,,4,7,normal,mixed,,,,6,,,2,10,9,,,0.002306898,FAIL
834,,24:41.3,25:22.7,0 days 00:00:41.401711,4,64,96,16,3,5,,,,,,,,,,,10,3,10,4,8,3,,,,,,,,,,,,,,,,,,,,,,,,,4,7,normal,mixed,,,,6,,,2,10,9,,,0.002296093,FAIL
835,,25:22.7,26:06.3,0 days 00:00:43.644354,4,64,96,16,3,5,9,5,5,7,4,6,6,7,,,10,3,10,5,8,3,,,,,,,,,,,,,,,,,,,,,,,,,4,7,mixed,mixed,,,8,6,,,2,10,9,,,0.002680489,FAIL
836,,26:06.3,26:50.7,0 days 00:00:44.334877,4,64,96,16,3,5,8,5,8,7,4,6,7,7,,,10,3,10,4,8,3,,,,,,,,,,,,,,,,,,,,,,,,,4,5,mixed,mixed,,,8,6,,,2,10,9,,,0.00268465,FAIL
837,,26:50.7,27:33.5,0 days 00:00:42.824279,4,64,96,16,3,5,8,5,5,7,4,6,6,7,10,2,10,3,10,5,8,3,,,,,,,,,,,,,,,,,,,,,,,,,4,5,mixed,mixed,,,10,6,,,2,10,9,,,0.002238846,FAIL
838,205.755661,27:33.5,28:13.3,0 days 00:00:39.858564,4,64,96,16,3,5,,,,,,,,,,,10,3,10,4,9,3,,,,,,,,,,,,,,,,,,,,,,,,,4,5,normal,mixed,,,,6,,,2,10,9,,,0.002340097,COMPLETE
839,,28:13.3,28:57.9,0 days 00:00:44.519795,4,64,96,16,3,5,8,5,5,7,4,6,6,7,,,10,3,10,5,8,,,,,,,,,,,,,,,,,,,,,,,,,,5,6,mixed,mixed,,,8,5,,,2,10,10,,,0.003033441,FAIL
840,,28:57.9,29:41.1,0 days 00:00:43.240626,4,64,96,16,3,5,8,5,5,7,4,7,6,7,,,10,3,10,5,8,,,,,,,,,,,,,,,,,,,,,,,,,,5,7,mixed,mixed,,,8,5,,,2,10,10,,,0.001149659,FAIL
841,,29:41.1,30:23.8,0 days 00:00:42.666004,4,64,96,16,3,5,8,5,5,7,4,6,6,7,10,2,10,3,10,5,8,,,,,,,,,,,,,,,,,,,,,,,,,,4,5,mixed,mixed,,,10,5,,,2,10,9,,,0.00280683,FAIL
842,,30:23.8,31:04.1,0 days 00:00:40.351622,4,64,96,16,3,5,,,,,,,,,,,10,3,10,5,8,,,,,,,,,,,,,,,,,,,,,,,,,,5,6,normal,mixed,,,,5,,,2,10,10,,,0.002667719,FAIL
843,119.6516342,31:04.1,31:44.7,0 days 00:00:40.518383,4,64,96,16,3,5,,,,,,,,,,,10,3,10,5,8,,,,,,,,,,,,,,,,,,,,,,,,,,4,6,normal,mixed,,,,5,,,2,10,10,,,0.002716702,COMPLETE
844,,31:44.7,32:28.9,0 days 00:00:44.257908,4,64,96,16,3,5,8,5,5,4,4,6,6,7,,,10,3,10,5,8,,,,,,,,,,,,,,,,,,,,,,,,,,5,6,mixed,mixed,,,8,5,,,2,10,10,,,0.002646537,FAIL
845,,32:28.9,33:12.5,0 days 00:00:43.540485,4,64,96,16,3,5,8,5,5,7,4,6,6,7,10,3,10,3,10,5,8,4,,,,,,,,,,,,,,,,,,,,,,,,,4,6,mixed,mixed,,,10,6,,,2,10,10,,,0.002679273,FAIL
846,,33:12.5,33:56.8,0 days 00:00:44.351604,4,64,96,16,3,5,8,5,5,7,4,6,6,7,,,10,3,10,5,5,,,,,,,,,,,,,,,,,,,,,,,,,,5,6,mixed,mixed,,,8,5,,,2,10,10,,,0.002744487,FAIL
847,,33:56.8,34:41.1,0 days 00:00:44.284852,4,64,96,16,3,5,8,5,5,7,4,6,6,7,,,10,3,10,5,8,,,,,,,,,,,,,,,,,,,,,,,,,,4,6,mixed,mixed,,,8,5,,,2,10,10,,,0.002631234,FAIL
848,,34:41.1,35:25.5,0 days 00:00:44.344022,4,64,96,16,3,5,8,5,5,7,4,6,6,7,,,10,3,10,5,8,,,,,,,,,,,,,,,,,,,,,,,,,,4,6,mixed,mixed,,,8,5,,,2,10,10,,,0.002657757,FAIL
849,363.3571167,35:25.5,36:06.2,0 days 00:00:40.703282,4,64,96,16,3,5,,,,,,,,,,,10,3,10,9,8,,,,,,,,,,,,,,,,,,,,,,,,,,4,6,normal,mixed,,,,5,,,2,10,10,,,0.002573115,COMPLETE
850,,36:06.2,36:46.7,0 days 00:00:40.512667,4,64,96,16,3,5,,,,,,,,,,,10,3,10,5,8,,,,,,,,,,,,,,,,,,,,,,,,,,5,6,normal,mixed,,,,5,,,2,9,10,,,0.002826014,FAIL
851,,36:46.7,37:30.6,0 days 00:00:43.935927,4,64,96,16,3,5,8,5,5,7,4,6,6,7,,,10,3,10,5,8,,,,,,,,,,,,,,,,,,,,,,,,,,3,6,mixed,mixed,,,8,5,,,2,9,10,,,0.002753898,FAIL
852,,37:30.6,38:13.9,0 days 00:00:43.306096,4,64,96,16,3,5,8,5,8,7,4,6,6,7,,,10,3,10,5,8,,,,,,,,,,,,,,,,,,,,,,,,,,4,6,mixed,mixed,,,8,5,,,2,9,10,,,0.002240367,FAIL
853,,38:13.9,38:58.3,0 days 00:00:44.391911,4,64,96,16,3,5,8,5,5,7,4,6,5,7,,,10,3,10,5,8,,,,,,,,,,,,,,,,,,,,,,,,,,4,6,mixed,mixed,,,8,5,,,2,9,10,,,0.002865651,FAIL
854,211.9689484,38:58.3,39:38.9,0 days 00:00:40.587471,4,64,96,16,3,5,,,,,,,,,,,10,3,10,5,8,,,,,,,,,,,,,,,,,,,,,,,,,,3,6,normal,mixed,,,,5,,,2,9,10,,,0.002939321,COMPLETE
855,,39:38.9,40:23.2,0 days 00:00:44.301303,4,64,96,16,3,5,8,5,5,7,5,6,6,7,,,10,3,10,5,5,,,,,,,,,,,,,,,,,,,,,,,,,,4,6,mixed,mixed,,,8,5,,,2,10,10,,,0.002243868,FAIL
856,160.1165619,40:23.2,41:02.9,0 days 00:00:39.683421,4,64,96,16,3,5,,,,,,,,,,,10,3,10,5,8,,,,,,,,,,,,,,,,,,,,,,,,,,5,5,normal,mixed,,,,5,,,2,10,10,,,0.00275267,COMPLETE
857,,41:02.9,41:46.2,0 days 00:00:43.309138,4,64,96,16,3,5,8,5,5,7,4,6,6,7,10,2,10,3,10,5,8,,,,,,,,,,,,,,,,,,,,,,,,,,4,6,mixed,mixed,,,10,5,,,2,7,10,,,0.003124078,FAIL
858,196.720871,41:46.2,42:26.1,0 days 00:00:39.906030,4,64,96,16,3,5,,,,,,,,,,,10,3,10,5,,,,,,,,,,,,,,,,,,,,,,,,,,,4,6,normal,mixed,,,,4,,,2,10,10,,,0.002265268,COMPLETE
859,,42:26.1,43:10.0,0 days 00:00:43.854237,4,64,96,16,3,5,8,5,5,7,4,6,6,7,,,10,3,10,5,8,,,,,,,,,,,,,,,,,,,,,,,,,,4,5,mixed,mixed,,,8,5,,,2,10,10,,,0.003132324,FAIL
860,,43:10.0,43:54.6,0 days 00:00:44.637891,4,64,96,16,3,5,8,5,5,7,4,6,6,7,,,10,3,10,5,8,,,,,,,,,,,,,,,,,,,,,,,,,,4,6,mixed,mixed,,,8,5,,,2,7,10,,,0.003130441,FAIL
861,,43:54.6,44:37.9,0 days 00:00:43.288775,4,64,96,16,3,5,8,5,5,7,4,6,6,7,10,2,10,3,10,5,8,,,,,,,,,,,,,,,,,,,,,,,,,,4,6,mixed,mixed,,,10,5,,,2,10,9,,,0.003120756,FAIL
862,179.7720795,44:37.9,45:18.5,0 days 00:00:40.605256,4,64,96,16,3,5,,,,,,,,,,,10,3,10,5,8,,,,,,,,,,,,,,,,,,,,,,,,,,4,6,normal,mixed,,,,5,,,2,10,9,,,0.003158548,COMPLETE
863,125.2380066,45:18.5,46:00.9,0 days 00:00:42.325421,4,128,96,,2,5,,,,,,,,,,,10,4,10,5,8,4,6,10,4,,,,,,,,,,,,,,,,,,,,,,4,6,normal,mixed,,,,9,,,2,10,10,,,0.002851205,COMPLETE
864,,46:00.9,46:45.9,0 days 00:00:44.998839,4,128,96,128,3,5,8,5,5,7,4,6,6,7,,,10,4,10,5,8,3,6,10,4,,,,,,,,,,,,,,,,,,,,,,4,6,mixed,mixed,,,8,9,,,2,10,10,,,0.002787604,FAIL
865,130.9390869,46:45.9,47:29.2,0 days 00:00:43.329515,4,128,96,128,3,5,,,,,,,,,,,10,4,10,5,8,3,6,10,4,6,,,,,,,,,,,,,,,,,,,,,4,6,normal,mixed,,,,10,,,2,10,10,,,0.002658198,COMPLETE
866,150.9178925,47:29.2,48:11.5,0 days 00:00:42.263416,4,128,96,16,3,5,,,,,,,,,,,10,4,10,5,8,4,6,9,2,,,,,,,,,,,,,,,,,,,,,,4,6,normal,mixed,,,,9,,,2,10,10,,,0.002108432,COMPLETE
867,,48:11.5,48:54.7,0 days 00:00:43.225350,4,128,96,,2,5,8,5,5,7,4,6,6,7,,,10,4,10,5,8,3,6,8,4,,,,,,,,,,,,,,,,,,,,,,4,6,mixed,mixed,,,8,9,,,2,10,10,,,0.002835455,FAIL
868,,48:54.7,49:37.9,0 days 00:00:43.198936,4,128,96,,2,5,8,5,5,7,4,6,6,7,,,10,4,10,5,8,3,6,8,4,,,,,,,,,,,,,,,,,,,,,,4,6,mixed,mixed,,,8,9,,,2,9,10,,,0.002788646,FAIL
869,327.2012024,49:37.9,50:19.3,0 days 00:00:41.355446,4,128,96,,2,5,,,,,,,,,,,10,4,10,5,8,2,6,8,4,,,,,,,,,,,,,,,,,,,,,,4,6,normal,mixed,,,,9,,,2,7,10,,,0.002433826,COMPLETE
870,125.5044403,50:19.3,51:00.3,0 days 00:00:41.065991,4,64,8,,2,5,,,,,,,,,,,10,4,10,5,8,3,6,7,3,,,,,,,,,,,,,,,,,,,,,,4,6,normal,mixed,,,,9,,,2,10,10,,,0.002781245,COMPLETE
871,,51:00.3,51:43.7,0 days 00:00:43.359548,4,128,96,,2,5,8,5,5,7,4,6,6,7,,,10,4,10,5,8,3,6,9,4,,,,,,,,,,,,,,,,,,,,,,4,6,mixed,mixed,,,8,9,,,2,10,10,,,0.002843114,FAIL
872,197.4709625,51:43.7,52:25.0,0 days 00:00:41.325802,4,128,8,,2,5,,,,,,,,,,,10,4,10,5,8,3,6,9,3,,,,,,,,,,,,,,,,,,,,,,4,6,normal,mixed,,,,9,,,2,10,10,,,0.002782874,COMPLETE
873,177.8112335,52:25.0,53:05.4,0 days 00:00:40.408376,4,128,8,,2,5,8,5,5,7,4,6,6,7,,,,,,,,,,,,,,,,,,,,,,,,,,,,,,,,,4,6,mixed,normal,,,8,,,,2,9,10,,,0.002527606,COMPLETE
874,,53:05.4,53:49.5,0 days 00:00:44.056922,4,64,96,,2,5,7,7,8,4,6,7,2,6,10,2,10,4,10,5,8,3,6,10,3,,,,,,,,,,,,,,,,,,,,,,4,6,mixed,mixed,,,10,9,,,2,10,10,,,0.002797591,FAIL
875,,53:49.5,54:33.7,0 days 00:00:44.195280,4,64,8,,2,5,7,7,8,4,6,7,2,7,10,2,10,4,10,5,8,3,6,10,3,,,,,,,,,,,,,,,,,,,,,,4,6,mixed,mixed,,,10,9,,,2,3,10,,,0.002837219,FAIL
876,,54:33.7,55:18.4,0 days 00:00:44.677796,4,64,8,,2,5,7,7,8,4,6,7,10,6,10,2,10,4,10,5,8,3,6,10,3,,,,,,,,,,,,,,,,,,,,,,4,6,mixed,mixed,,,10,9,,,2,10,10,,,0.002908318,FAIL
877,,55:18.4,56:02.9,0 days 00:00:44.544396,4,64,8,,2,5,7,7,8,4,6,7,10,6,10,2,10,4,10,5,8,3,6,10,3,,,,,,,,,,,,,,,,,,,,,,4,6,mixed,mixed,,,10,9,,,2,10,10,,,0.002936203,FAIL
878,,56:02.9,56:47.0,0 days 00:00:44.037182,4,64,96,,2,5,7,7,8,4,2,7,2,6,10,2,10,4,10,5,8,3,6,10,3,,,,,,,,,,,,,,,,,,,,,,4,6,mixed,mixed,,,10,9,,,2,10,10,,,0.002905213,FAIL
879,,56:47.0,57:31.2,0 days 00:00:44.215903,4,64,96,,2,5,7,7,8,4,6,7,2,6,10,2,10,4,10,5,8,3,6,10,3,,,,,,,,,,,,,,,,,,,,,,4,6,mixed,mixed,,,10,9,,,2,10,10,,,0.002990038,FAIL
880,,57:31.2,58:15.9,0 days 00:00:44.675097,4,64,8,,2,5,7,7,8,4,6,7,10,6,10,2,10,4,10,5,8,3,6,10,3,,,,,,,,,,,,,,,,,,,,,,4,6,mixed,mixed,,,10,9,,,2,10,10,,,0.002923072,FAIL
881,183.2590942,58:15.9,58:57.6,0 days 00:00:41.693911,4,64,8,,2,5,,,,,,,,,,,10,4,10,5,8,3,6,8,3,,,,,,,,,,,,,,,,,,,,,,4,6,normal,mixed,,,,9,,,2,10,10,,,0.003049766,COMPLETE
882,,58:57.6,59:40.2,0 days 00:00:42.640199,4,64,,,1,5,7,7,8,4,6,7,10,6,10,2,10,4,10,5,8,,,,,,,,,,,,,,,,,,,,,,,,,,4,6,mixed,mixed,,,10,5,,,2,3,10,,,0.002749355,FAIL
883,,59:40.2,00:22.9,0 days 00:00:42.660169,4,64,96,,2,5,9,7,8,4,6,7,2,6,10,2,10,4,10,5,4,,,,,,,,,,,,,,,,,,,,,,,,,,4,6,mixed,mixed,,,10,5,,,2,10,10,,,0.002783168,FAIL
884,,00:22.9,01:07.0,0 days 00:00:44.112945,4,64,8,128,3,5,7,7,8,4,6,7,2,,,,10,4,10,5,8,,,,,,,,,,,,,,,,,,,,,,,,,,4,6,mixed,mixed,,,7,5,,,2,10,10,,,0.002754831,FAIL
885,,01:07.0,01:50.5,0 days 00:00:43.538767,4,64,8,,2,5,7,7,8,4,6,7,10,6,10,3,10,4,10,5,8,,,,,,,,,,,,,,,,,,,,,,,,,,4,6,mixed,mixed,,,10,5,,,2,10,10,,,0.002717228,FAIL
886,,01:50.5,02:34.0,0 days 00:00:43.423651,4,64,8,,2,5,7,7,8,4,6,7,2,,,,10,4,10,5,8,,,,,,,,,,,,,,,,,,,,,,,,,,4,6,mixed,mixed,,,7,5,,,2,3,10,,,0.002782654,FAIL
887,,02:34.0,03:14.9,0 days 00:00:40.941878,4,64,96,128,3,5,,,,,,,,,,,10,4,10,5,8,,,,,,,,,,,,,,,,,,,,,,,,,,4,6,normal,mixed,,,,5,,,2,10,10,,,0.002691758,FAIL
888,,03:14.9,03:54.6,0 days 00:00:39.697976,4,64,8,,2,5,,,,,,,,,,,10,4,10,5,8,,,,,,,,,,,,,,,,,,,,,,,,,,4,6,normal,mixed,,,,5,,,2,10,10,,,0.002868659,FAIL
889,,03:54.6,04:37.5,0 days 00:00:42.888051,4,64,8,,2,5,7,7,8,4,6,7,2,6,10,2,10,4,10,5,8,,,,,,,,,,,,,,,,,,,,,,,,,,4,6,mixed,mixed,,,10,5,,,2,10,9,,,0.002776222,FAIL
890,,04:37.5,05:18.1,0 days 00:00:40.588018,4,64,8,,2,5,,,,,,,,,,,10,4,10,5,8,,,,,,,,,,,,,,,,,,,,,,,,,,4,7,normal,mixed,,,,5,,,2,10,10,,,0.002818324,FAIL
891,,05:18.1,06:00.8,0 days 00:00:42.726153,4,64,8,,2,5,7,7,8,4,6,7,2,6,10,2,10,4,10,5,8,,,,,,,,,,,,,,,,,,,,,,,,,,4,6,mixed,mixed,,,10,5,,,2,10,10,,,0.00268243,FAIL
892,,06:00.8,06:40.8,0 days 00:00:39.966322,4,64,96,,2,5,,,,,,,,,,,10,4,10,5,8,,,,,,,,,,,,,,,,,,,,,,,,,,4,6,normal,mixed,,,,5,,,2,10,10,,,0.002212871,FAIL
893,,06:40.8,07:23.9,0 days 00:00:43.111051,4,64,96,,2,5,7,7,8,4,6,7,2,6,10,2,10,4,10,5,8,,,,,,,,,,,,,,,,,,,,,,,,,,4,6,mixed,mixed,,,10,5,,,2,10,10,,,0.002608141,FAIL
894,,07:23.9,08:05.4,0 days 00:00:41.530796,4,64,8,,2,5,7,7,8,5,2,7,2,6,10,2,10,4,10,5,8,,,,,,,,,,,,,,,,,,,,,,,,,,4,6,mixed,mixed,,,10,5,,,2,10,10,,,0.002858665,FAIL
895,,08:05.4,08:48.1,0 days 00:00:42.628301,4,64,8,,2,5,7,7,9,4,6,7,10,6,3,2,10,4,10,5,8,,,,,,,,,,,,,,,,,,,,,,,,,,4,6,mixed,mixed,,,10,5,,,2,10,10,,,0.002790269,FAIL
896,,08:48.1,09:28.5,0 days 00:00:40.429489,4,64,8,128,3,5,,,,,,,,,,,10,4,10,5,8,,,,,,,,,,,,,,,,,,,,,,,,,,4,6,normal,mixed,,,,5,,,2,10,10,,,0.002729176,FAIL
897,463.5649719,09:28.5,10:07.0,0 days 00:00:38.490875,4,64,8,,2,5,,,,,,,,,,,10,4,10,5,8,,,,,,,,,,,,,,,,,,,,,,,,,,4,6,normal,mixed,,,,5,,,2,3,10,,,0.002878876,COMPLETE
898,,10:07.0,10:47.5,0 days 00:00:40.461948,4,64,8,,2,4,7,7,8,4,6,7,2,6,10,2,10,4,10,5,8,3,,,,,,,,,,,,,,,,,,,,,,,,,4,6,mixed,mixed,,,10,6,,,2,10,10,,,0.002217507,FAIL
899,897.4084473,10:47.5,11:27.9,0 days 00:00:40.385281,4,64,96,,2,4,,,,,,,,,,,10,4,10,5,8,3,,,,,,,,,,,,,,,,,,,,,,,,,4,6,normal,mixed,,,,6,,,2,10,10,,,0.002686472,COMPLETE
900,,11:27.9,12:10.4,0 days 00:00:42.582485,4,128,,,1,5,7,7,8,4,6,7,10,6,3,2,10,4,10,4,8,3,,,,,,,,,,,,,,,,,,,,,,,,,4,6,mixed,mixed,,,10,6,,,2,10,10,,,0.002260117,FAIL
901,,12:10.4,12:55.3,0 days 00:00:44.891364,4,64,8,,2,5,7,7,8,4,6,7,10,6,10,2,10,4,10,4,8,3,6,10,4,,,,,,,,,,,,,,,,,,,,,,4,6,mixed,mixed,,,10,9,,,2,10,10,,,0.002178374,FAIL
902,218.0621643,12:55.3,13:37.5,0 days 00:00:42.148640,4,128,96,,2,5,,,,,,,,,,,10,4,10,4,8,3,6,10,4,,,,,,,,,,,,,,,,,,,,,,4,6,normal,mixed,,,,9,,,2,10,10,,,0.002251819,COMPLETE
903,253.4169922,13:37.5,14:16.8,0 days 00:00:39.291031,4,64,8,,2,5,,,,,,,,,,,10,3,10,5,8,3,,,,,,,,,,,,,,,,,,,,,,,,,4,5,normal,mixed,,,,6,,,2,10,10,,,0.003017845,COMPLETE
904,,14:16.8,15:00.9,0 days 00:00:44.096904,4,64,96,,2,5,7,7,8,4,6,7,2,6,10,2,10,4,10,5,9,2,6,6,2,,,,,,,,,,,,,,,,,,,,,,4,6,mixed,mixed,,,10,9,,,2,10,10,,,0.00264872,FAIL
905,,15:00.9,15:45.7,0 days 00:00:44.786102,4,64,96,,2,5,7,7,8,4,6,7,2,6,10,2,10,4,10,5,9,2,6,6,2,,,,,,,,,,,,,,,,,,,,,,4,7,mixed,mixed,,,10,9,,,2,10,10,,,0.002650892,FAIL
906,145.8656464,15:45.7,16:26.8,0 days 00:00:41.085431,4,64,96,,2,5,,,,,,,,,,,10,4,10,5,8,2,6,6,2,,,,,,,,,,,,,,,,,,,,,,4,6,normal,mixed,,,,9,,,2,10,10,,,0.002636581,COMPLETE
907,,16:26.8,17:07.5,0 days 00:00:40.736342,4,64,8,,2,5,,,,,,,,,,,10,3,10,5,8,3,,,,,,,,,,,,,,,,,,,,,,,,,4,7,normal,mixed,,,,6,,,2,10,10,,,0.001179357,FAIL
908,,17:07.5,17:48.2,0 days 00:00:40.675619,4,64,8,,2,5,,,,,,,,,,,10,3,10,5,8,3,,,,,,,,,,,,,,,,,,,,,,,,,4,7,normal,mixed,,,,6,,,2,10,10,,,0.003213463,FAIL
909,,17:48.2,18:32.7,0 days 00:00:44.562770,4,64,96,128,3,5,7,7,8,4,6,7,10,6,10,2,10,3,10,5,8,3,,,,,,,,,,,,,,,,,,,,,,,,,4,6,mixed,mixed,,,10,6,,,2,10,10,,,0.003204128,FAIL
910,223.5127716,18:32.8,19:12.9,0 days 00:00:40.115439,4,64,96,,2,5,,,,,,,,,,,10,3,10,5,8,3,,,,,,,,,,,,,,,,,,,,,,,,,4,6,normal,mixed,,,,6,,,2,10,10,,,0.00321996,COMPLETE
911,,19:12.9,19:55.6,0 days 00:00:42.685242,4,64,8,,2,5,7,7,8,4,6,7,2,6,10,2,10,4,10,5,9,,,,,,,,,,,,,,,,,,,,,,,,,,4,6,mixed,mixed,,,10,5,,,2,10,10,,,0.00242631,FAIL
912,,19:55.6,20:38.7,0 days 00:00:43.150840,4,64,8,,2,5,7,7,9,4,6,7,2,6,10,2,10,4,10,5,8,,,,,,,,,,,,,,,,,,,,,,,,,,4,7,mixed,mixed,,,10,5,,,2,10,10,,,0.002809684,FAIL
913,189.4529877,20:38.7,21:18.8,0 days 00:00:40.049176,4,64,96,,2,5,,,,,,,,,,,10,4,10,10,8,,,,,,,,,,,,,,,,,,,,,,,,,,4,6,normal,mixed,,,,5,,,2,10,10,,,0.002431581,COMPLETE
914,,21:18.8,22:01.8,0 days 00:00:43.055093,4,64,8,,2,5,7,7,8,4,6,7,10,6,3,3,10,4,10,5,4,3,5,7,,,,,,,,,,,,,,,,,,,,,,,4,6,mixed,mixed,,,10,8,,,2,10,4,,,0.003208849,FAIL
915,,22:01.8,22:46.1,0 days 00:00:44.310078,4,64,8,128,3,5,7,7,9,4,6,7,10,6,10,2,10,4,10,5,4,3,5,7,,,,,,,,,,,,,,,,,,,,,,,4,6,mixed,mixed,,,10,8,,,2,10,5,,,0.0028519,FAIL
916,,22:46.1,23:28.6,0 days 00:00:42.446801,4,64,96,,2,5,7,7,8,4,6,7,2,6,10,2,10,4,2,5,4,3,2,7,,,,,,,,,,,,,,,,,,,,,,,4,6,mixed,mixed,,,10,8,,,2,10,9,,,0.002869505,FAIL
917,,23:28.6,24:12.3,0 days 00:00:43.745538,4,64,8,,2,5,7,7,8,4,6,7,2,6,10,2,10,4,10,5,4,3,5,7,,,,,,,,,,,,,,,,,,,,,,,4,7,mixed,mixed,,,10,8,,,2,10,9,,,0.002863632,FAIL
918,498.9666443,24:12.3,24:52.8,0 days 00:00:40.452937,4,64,8,,2,5,,,,,,,,,,,10,4,10,5,9,3,2,7,,,,,,,,,,,,,,,,,,,,,,,4,6,normal,mixed,,,,8,,,2,10,4,,,0.001144181,COMPLETE
919,,24:52.8,25:36.0,0 days 00:00:43.174183,4,64,96,128,3,5,7,7,8,4,6,6,2,6,10,2,10,3,10,5,4,3,,,,,,,,,,,,,,,,,,,,,,,,,4,6,mixed,mixed,,,10,6,,,2,10,9,,,0.002931709,FAIL
920,,25:36.0,26:18.4,0 days 00:00:42.446942,4,64,,,1,5,7,7,8,4,6,7,2,6,10,2,10,,,,,,,,,,,,,,,,,,,,,,,,,,,,,,4,7,mixed,mixed,,,10,1,,,2,10,6,,,0.002919708,FAIL
921,,26:18.4,27:02.0,0 days 00:00:43.585925,4,64,96,128,3,5,7,7,8,4,6,7,2,6,3,2,10,3,10,4,4,3,,,,,,,,,,,,,,,,,,,,,,,,,4,6,mixed,mixed,,,10,6,,,2,10,9,,,0.002831091,FAIL
922,206.5578308,27:02.0,27:42.3,0 days 00:00:40.296505,4,64,96,128,3,5,,,,,,,,,,,10,3,10,4,4,3,,,,,,,,,,,,,,,,,,,,,,,,,4,6,normal,mixed,,,,6,,,2,10,9,,,0.002831215,COMPLETE
923,,27:42.3,28:25.0,0 days 00:00:42.685034,4,32,96,,2,5,7,7,8,4,6,7,10,6,10,2,10,3,5,5,8,3,,,,,,,,,,,,,,,,,,,,,,,,,4,6,mixed,mixed,,,10,6,,,2,10,10,,,0.003124891,FAIL
924,,28:25.0,29:07.6,0 days 00:00:42.562088,4,32,96,,2,5,7,7,8,4,6,7,10,6,10,2,10,3,5,5,3,3,,,,,,,,,,,,,,,,,,,,,,,,,4,6,mixed,mixed,,,10,6,,,2,10,10,,,0.002003402,FAIL
925,,29:07.6,29:50.7,0 days 00:00:43.142980,4,32,96,8,3,5,7,7,8,4,6,7,10,6,10,3,10,3,5,5,3,3,,,,,,,,,,,,,,,,,,,,,,,,,4,6,mixed,mixed,,,10,6,,,2,10,6,,,0.00315647,FAIL
926,,29:50.7,30:33.2,0 days 00:00:42.450759,4,64,96,,2,5,7,7,8,4,6,7,2,6,10,2,10,,,,,,,,,,,,,,,,,,,,,,,,,,,,,,4,6,mixed,mixed,,,10,1,,,2,10,10,,,0.00321524,FAIL
927,152.9474182,30:33.2,31:12.9,0 days 00:00:39.691449,4,32,96,,2,5,,,,,,,,,,,10,3,10,5,8,3,,,,,,,,,,,,,,,,,,,,,,,,,4,6,normal,mixed,,,,6,,,2,10,10,,,0.001977603,COMPLETE
928,1012.406921,31:12.9,31:53.6,0 days 00:00:40.721821,4,64,,,1,5,,,,,,,,,,,10,3,5,10,4,2,5,10,,,,,,,,,,,,,,,,,,,,,,,4,7,normal,mixed,,,,8,,,2,10,6,,,0.003176108,COMPLETE
929,,31:53.6,32:38.1,0 days 00:00:44.529275,4,64,128,8,3,5,7,7,8,4,6,7,10,6,10,2,10,3,6,10,2,3,6,6,3,,,,,,,,,,,,,,,,,,,,,,4,6,mixed,mixed,,,10,9,,,2,10,9,,,0.002695429,FAIL
930,,32:38.1,33:22.2,0 days 00:00:44.057709,4,64,64,96,3,5,7,7,8,5,6,7,2,6,10,2,10,3,6,10,3,3,6,6,3,,,,,,,,,,,,,,,,,,,,,,4,6,mixed,mixed,,,10,9,,,2,10,9,,,0.002873901,FAIL
931,,33:22.2,34:05.4,0 days 00:00:43.229278,4,128,128,8,3,5,7,7,8,4,6,7,2,6,10,2,10,3,6,10,3,3,,,,,,,,,,,,,,,,,,,,,,,,,4,6,mixed,mixed,,,10,6,,,2,10,9,,,0.001673066,FAIL
932,,34:05.4,34:49.8,0 days 00:00:44.418704,4,16,96,8,3,5,9,7,8,4,6,7,10,6,2,2,10,3,6,10,8,3,6,6,3,,,,,,,,,,,,,,,,,,,,,,4,6,mixed,mixed,,,10,9,,,2,10,9,,,0.002755822,FAIL
933,,34:49.8,35:34.6,0 days 00:00:44.724620,4,16,64,64,3,5,7,7,8,4,2,7,10,6,10,2,10,3,6,10,3,3,6,6,3,,,,,,,,,,,,,,,,,,,,,,4,7,mixed,mixed,,,10,9,,,2,10,9,,,0.002882304,FAIL
934,,35:34.6,36:19.2,0 days 00:00:44.626467,4,16,128,64,3,5,7,7,8,4,6,7,2,6,10,2,10,3,10,10,8,3,6,6,3,,,,,,,,,,,,,,,,,,,,,,4,6,mixed,mixed,,,10,9,,,2,10,9,,,0.002895857,FAIL
935,,36:19.2,37:04.5,0 days 00:00:45.277042,4,128,128,8,3,5,7,7,8,4,6,7,10,6,10,2,10,3,4,10,8,3,6,6,3,,,,,,,,,,,,,,,,,,,,,,4,6,mixed,mixed,,,10,9,,,2,10,9,,,0.002869054,FAIL
936,,37:04.5,37:46.7,0 days 00:00:42.190919,4,16,128,8,3,5,7,7,8,4,6,7,10,,,,10,,,,,,,,,,,,,,,,,,,,,,,,,,,,,,4,6,mixed,mixed,,,7,1,,,2,10,9,,,0.002831225,FAIL
937,,37:46.7,38:31.7,0 days 00:00:45.035146,4,128,128,8,3,5,7,7,8,4,6,7,2,6,10,2,10,3,6,10,3,3,6,6,3,,,,,,,,,,,,,,,,,,,,,,4,7,mixed,mixed,,,10,9,,,2,10,9,,,0.002911152,FAIL
938,235.5889282,38:31.7,39:11.5,0 days 00:00:39.740584,4,16,128,8,3,5,,,,,,,,,,,10,3,10,10,8,3,6,6,3,,,,,,,,,,,,,,,,,,,,,,4,6,normal,mixed,,,,9,,,2,10,9,,,0.002884671,COMPLETE
939,,39:11.5,39:51.2,0 days 00:00:39.709676,4,64,64,64,3,5,7,7,8,4,6,7,10,6,10,2,9,3,6,5,8,,,,,,,,,,,,,,,,,,,,,,,,,,4,5,mixed,mixed,,,10,5,,,2,9,9,,,0.003287039,FAIL
940,,39:51.2,40:31.1,0 days 00:00:39.909525,4,128,96,64,3,5,7,7,8,4,6,7,10,6,10,2,9,3,2,5,3,,,,,,,,,,,,,,,,,,,,,,,,,,4,5,mixed,mixed,,,10,5,,,2,9,9,,,0.003314499,FAIL
941,,40:31.1,41:14.0,0 days 00:00:42.887746,4,128,64,128,3,5,7,7,8,4,6,7,2,6,10,2,9,3,2,5,8,,,,,,,,,,,,,,,,,,,,,,,,,,4,5,mixed,mixed,,,10,5,,,2,9,9,,,0.003322996,FAIL
942,,41:14.0,41:57.7,0 days 00:00:43.745819,4,128,64,128,3,5,7,7,8,4,6,7,10,,,,9,3,4,5,3,2,,,,,,,,,,,,,,,,,,,,,,,,,4,5,mixed,mixed,,,7,6,,,2,9,9,,,0.003322109,FAIL
943,,41:57.7,42:42.3,0 days 00:00:44.524417,4,128,64,64,3,5,7,7,8,4,6,7,2,6,10,2,9,3,2,5,8,2,,,,,,,,,,,,,,,,,,,,,,,,,4,5,mixed,mixed,,,10,6,,,2,9,9,,,0.00331973,FAIL
944,776.7956543,42:42.3,43:21.6,0 days 00:00:39.353767,4,128,64,64,3,5,,,,,,,,,,,9,3,6,5,8,,,,,,,,,,,,,,,,,,,,,,,,,,4,5,normal,mixed,,,,5,,,2,9,9,,,0.003316527,COMPLETE
945,,43:21.6,44:06.1,0 days 00:00:44.444901,4,64,16,96,3,5,7,7,8,4,6,7,10,6,10,2,10,3,10,10,3,2,,,,,,,,,,,,,,,,,,,,,,,,,4,7,mixed,mixed,,,10,6,,,2,10,10,,,0.002614774,FAIL
946,149.0458221,44:06.1,44:45.8,0 days 00:00:39.697816,4,64,96,96,3,5,,,,,,,,,,,10,3,10,8,2,2,,,,,,,,,,,,,,,,,,,,,,,,,4,5,normal,mixed,,,,6,,,2,10,10,,,0.002636733,COMPLETE
947,,44:45.8,45:30.7,0 days 00:00:44.943430,4,64,96,128,3,5,7,7,8,4,6,7,2,6,10,2,9,4,10,2,3,4,5,7,5,4,,,,,,,,,,,,,,,,,,,,,4,6,mixed,mixed,,,10,10,,,2,10,9,,,0.000557733,FAIL
948,225.4299164,45:30.7,46:10.9,0 days 00:00:40.193483,4,64,16,128,3,5,,,,,,,,,,,9,4,10,2,4,4,,,,,,,,,,,,,,,,,,,,,,,,,4,6,normal,mixed,,,,6,,,2,10,9,,,0.002355466,COMPLETE
949,,46:10.9,46:52.2,0 days 00:00:41.245691,4,64,96,128,3,5,,,,,,,,,,,9,4,4,10,3,3,,,,,,,,,,,,,,,,,,,,,,,,,4,7,normal,mixed,,,,6,,,2,10,9,,,0.003060786,FAIL
950,,46:52.2,47:37.0,0 days 00:00:44.879151,4,64,96,128,3,5,7,7,8,4,6,7,2,6,10,2,9,4,10,10,10,3,,,,,,,,,,,,,,,,,,,,,,,,,4,7,mixed,mixed,,,10,6,,,2,10,9,,,0.003047521,FAIL
951,,47:37.0,48:21.5,0 days 00:00:44.440691,4,64,96,128,3,5,7,7,8,4,6,7,2,6,10,2,9,4,4,10,7,3,,,,,,,,,,,,,,,,,,,,,,,,,4,7,mixed,mixed,,,10,6,,,2,10,9,,,0.002998053,FAIL
952,,48:21.5,49:04.6,0 days 00:00:43.125124,4,64,96,128,3,5,7,7,8,4,6,7,10,,,,9,4,4,10,10,3,,,,,,,,,,,,,,,,,,,,,,,,,4,6,mixed,mixed,,,7,6,,,2,10,9,,,0.002897176,FAIL
953,,49:04.6,49:47.9,0 days 00:00:43.237827,4,64,96,128,3,5,7,7,8,4,6,7,2,6,3,2,9,4,10,10,3,3,,,,,,,,,,,,,,,,,,,,,,,,,4,3,mixed,mixed,,,10,6,,,2,10,9,,,0.003009573,FAIL
954,,49:47.9,50:31.8,0 days 00:00:43.903135,4,64,96,128,3,5,7,7,8,5,6,7,10,6,10,3,9,4,2,10,3,3,,,,,,,,,,,,,,,,,,,,,,,,,4,3,mixed,mixed,,,10,6,,,2,10,9,,,0.002993059,FAIL
955,,50:31.8,51:16.2,0 days 00:00:44.434940,4,64,96,128,3,5,7,7,8,4,6,7,10,6,10,2,9,4,10,10,3,3,,,,,,,,,,,,,,,,,,,,,,,,,4,6,mixed,mixed,,,10,6,,,2,10,9,,,0.003042378,FAIL
956,,51:16.2,52:02.7,0 days 00:00:46.488342,4,64,96,128,3,5,7,10,8,4,6,7,2,5,10,2,9,4,10,10,7,3,5,9,5,4,,,,,,,,,,,,,,,,,,,,,4,7,mixed,mixed,,,10,10,,,2,10,9,,,0.002986343,FAIL
957,,52:02.7,52:46.3,0 days 00:00:43.592055,4,64,96,128,3,5,7,7,8,4,2,7,2,6,10,2,9,4,10,10,3,3,,,,,,,,,,,,,,,,,,,,,,,,,4,6,mixed,mixed,,,10,6,,,2,10,9,,,0.002993324,FAIL
958,,52:46.3,53:31.9,0 days 00:00:45.637426,4,64,96,128,3,5,7,7,8,4,6,7,2,6,10,2,9,4,10,10,3,3,5,9,5,4,,,,,,,,,,,,,,,,,,,,,4,6,mixed,mixed,,,10,10,,,2,10,9,,,0.00299645,FAIL
959,,53:31.9,54:16.4,0 days 00:00:44.429799,4,64,96,128,3,5,7,7,8,4,6,7,2,,,,9,4,10,10,3,3,,,,,,,,,,,,,,,,,,,,,,,,,4,6,mixed,mixed,,,7,6,,,2,10,9,,,0.003033795,FAIL
960,,54:16.4,55:01.9,0 days 00:00:45.512477,4,64,96,128,3,5,9,7,8,4,6,7,2,6,10,2,9,4,10,10,3,3,5,9,5,4,,,,,,,,,,,,,,,,,,,,,4,6,mixed,mixed,,,10,10,,,2,10,9,,,0.003055619,FAIL
961,118.3614197,55:01.9,55:43.2,0 days 00:00:41.322950,4,64,96,128,3,5,,,,,,,,,,,9,4,10,10,7,3,,,,,,,,,,,,,,,,,,,,,,,,,4,6,normal,mixed,,,,6,,,2,10,9,,,0.003009543,COMPLETE
962,237.7606659,55:43.2,56:24.4,0 days 00:00:41.159968,4,64,96,128,3,5,,,,,,,,,,,9,4,10,5,7,3,,,,,,,,,,,,,,,,,,,,,,,,,4,6,normal,mixed,,,,6,,,2,10,9,,,0.00291568,COMPLETE
963,,56:24.4,57:07.6,0 days 00:00:43.230554,3,64,96,128,3,5,7,7,9,4,6,7,10,6,10,2,,,,,,,,,,,,,,,,,,,,,,,,,,,,,,,5,6,mixed,normal,,,10,,,,2,10,9,,,0.005025662,FAIL
964,,57:07.6,57:50.1,0 days 00:00:42.484387,3,64,96,128,3,5,7,7,8,4,6,7,2,6,10,2,,,,,,,,,,,,,,,,,,,,,,,,,,,,,,,4,6,mixed,normal,,,10,,,,2,10,9,,,0.00489413,FAIL
965,,57:50.1,58:32.8,0 days 00:00:42.699227,4,64,96,128,3,5,7,7,8,4,6,7,2,6,10,2,,,,,,,,,,,,,,,,,,,,,,,,,,,,,,,4,6,mixed,normal,,,10,,,,2,10,9,,,0.004865171,FAIL
966,,58:32.8,59:16.2,0 days 00:00:43.438842,3,64,96,128,3,5,7,7,8,4,6,7,10,6,10,2,,,,,,,,,,,,,,,,,,,,,,,,,,,,,,,5,6,mixed,normal,,,10,,,,2,10,9,,,0.004876967,FAIL
967,217.2041321,59:16.3,59:53.5,0 days 00:00:37.228877,3,64,96,128,3,5,,,,,,,,,,,,,,,,,,,,,,,,,,,,,,,,,,,,,,,,,4,6,normal,normal,,,,,,,2,10,9,,,0.003475079,COMPLETE
968,,59:53.5,00:37.7,0 days 00:00:44.193960,4,64,96,128,3,5,7,7,8,4,6,7,2,6,10,2,10,4,10,10,7,4,,,,,,,,,,,,,,,,,,,,,,,,,5,6,mixed,mixed,,,10,6,,,2,10,9,,,0.005048467,FAIL
969,,00:37.7,01:22.4,0 days 00:00:44.739141,4,64,96,128,3,5,7,7,8,4,6,7,10,6,10,3,10,4,10,10,7,4,,,,,,,,,,,,,,,,,,,,,,,,,5,6,mixed,mixed,,,10,6,,,2,10,9,,,0.004867654,FAIL
970,,01:22.4,02:07.1,0 days 00:00:44.661926,4,64,96,128,3,5,7,10,9,4,6,7,10,6,10,2,10,,,,,,,,,,,,,,,,,,,,,,,,,,,,,,5,6,mixed,mixed,,,10,1,,,2,10,9,,,0.005034091,FAIL
971,,02:07.1,02:52.0,0 days 00:00:44.860220,4,64,96,128,3,5,7,7,8,4,6,7,10,7,10,2,10,4,10,10,7,4,,,,,,,,,,,,,,,,,,,,,,,,,4,6,mixed,mixed,,,10,6,,,2,10,9,,,0.000556647,FAIL
972,,02:52.0,03:36.1,0 days 00:00:44.194861,4,64,96,128,3,5,7,7,9,4,6,7,2,6,10,2,10,4,10,10,7,4,,,,,,,,,,,,,,,,,,,,,,,,,4,6,mixed,mixed,,,10,6,,,2,8,9,,,0.001699839,FAIL
973,,03:36.2,04:20.2,0 days 00:00:44.010056,4,64,96,128,3,5,7,10,8,4,6,7,2,6,10,2,10,4,2,10,7,4,,,,,,,,,,,,,,,,,,,,,,,,,4,6,mixed,mixed,,,10,6,,,2,8,9,,,0.005047414,FAIL
974,,04:20.2,05:04.3,0 days 00:00:44.132000,4,64,96,128,3,5,7,7,8,4,6,7,2,6,10,2,10,4,10,10,7,4,,,,,,,,,,,,,,,,,,,,,,,,,4,6,mixed,mixed,,,10,6,,,2,10,9,,,0.004786204,FAIL
975,,05:04.3,05:42.7,0 days 00:00:38.415551,4,64,96,128,3,5,,,,,,,,,,,10,,,,,,,,,,,,,,,,,,,,,,,,,,,,,,5,6,normal,mixed,,,,1,,,2,10,9,,,0.005101699,FAIL
976,,05:42.7,06:26.9,0 days 00:00:44.178235,4,64,96,128,3,5,7,7,8,4,6,7,2,6,10,2,10,4,10,10,7,4,,,,,,,,,,,,,,,,,,,,,,,,,4,6,mixed,mixed,,,10,6,,,2,10,9,,,0.005029553,FAIL
977,,06:26.9,07:10.1,0 days 00:00:43.234142,4,64,96,128,3,5,7,7,9,5,6,7,2,,,,10,4,10,10,7,4,,,,,,,,,,,,,,,,,,,,,,,,,5,6,mixed,mixed,,,7,6,,,2,10,9,,,0.004965099,FAIL
978,,07:10.1,07:54.3,0 days 00:00:44.146191,4,64,96,128,3,5,7,7,8,4,6,6,2,6,10,2,10,4,10,10,7,4,,,,,,,,,,,,,,,,,,,,,,,,,5,6,mixed,mixed,,,10,6,,,2,8,9,,,0.002662108,FAIL
979,,07:54.3,08:38.4,0 days 00:00:44.094881,4,64,96,128,3,5,3,7,8,4,6,7,10,6,10,2,10,4,4,10,7,4,,,,,,,,,,,,,,,,,,,,,,,,,5,6,mixed,mixed,,,10,6,,,2,8,9,,,0.004812945,FAIL
980,157.44487,08:38.4,09:19.8,0 days 00:00:41.410228,4,64,96,128,3,5,,,,,,,,,,,10,4,10,10,7,4,,,,,,,,,,,,,,,,,,,,,,,,,5,6,normal,mixed,,,,6,,,2,8,9,,,0.002642115,COMPLETE
981,,09:19.8,10:04.4,0 days 00:00:44.588157,4,64,96,128,3,5,7,10,8,4,6,7,2,6,10,2,9,4,9,10,7,3,,,,,,,,,,,,,,,,,,,,,,,,,4,6,mixed,mixed,,,10,6,,,2,10,9,,,0.004891293,FAIL
982,,10:04.4,10:50.1,0 days 00:00:45.660965,4,64,96,128,3,5,7,7,8,4,6,7,10,6,10,2,9,4,9,10,7,3,,,,,,,,,,,,,,,,,,,,,,,,,4,7,mixed,mixed,,,10,6,,,2,10,9,,,0.004999301,FAIL
983,,10:50.1,11:33.9,0 days 00:00:43.850189,4,64,8,128,3,5,7,7,9,4,6,6,2,6,10,2,9,4,9,10,7,3,,,,,,,,,,,,,,,,,,,,,,,,,4,6,mixed,mixed,,,10,6,,,2,10,9,,,0.005036345,FAIL
984,,11:33.9,12:17.4,0 days 00:00:43.501880,4,64,8,128,3,5,7,7,8,4,6,7,2,6,10,2,9,4,9,10,,,,,,,,,,,,,,,,,,,,,,,,,,,4,7,mixed,mixed,,,10,4,,,2,10,9,,,0.004767945,FAIL
985,,12:17.4,13:00.7,0 days 00:00:43.244515,4,64,8,128,3,5,7,7,8,4,6,7,2,6,10,2,9,4,4,10,,,,,,,,,,,,,,,,,,,,,,,,,,,4,6,mixed,mixed,,,10,4,,,2,10,9,,,0.004904716,FAIL
986,125.1009369,13:00.7,13:41.6,0 days 00:00:40.969219,4,64,8,128,3,5,,,,,,,,,,,9,4,9,10,7,3,,,,,,,,,,,,,,,,,,,,,,,,,4,6,normal,mixed,,,,6,,,2,10,9,,,0.005146672,COMPLETE
987,,13:41.6,14:26.6,0 days 00:00:44.950954,4,64,96,128,3,5,7,7,8,4,6,7,10,,,,9,8,9,10,,,,,,,,,,,,,,,,,,,,,,,,,,,4,6,mixed,mixed,,,7,4,,,2,10,9,,,0.005099048,FAIL
988,,14:26.6,15:11.2,0 days 00:00:44.560070,4,64,96,128,3,5,7,7,8,4,6,7,10,6,10,2,9,4,9,10,7,2,,,,,,,,,,,,,,,,,,,,,,,,,4,6,mixed,mixed,,,10,6,,,2,10,9,,,0.005044021,FAIL
989,,15:11.2,15:56.2,0 days 00:00:45.057719,4,64,96,128,3,5,7,7,8,4,2,7,10,6,10,2,9,8,9,10,7,3,,,,,,,,,,,,,,,,,,,,,,,,,3,6,mixed,mixed,,,10,6,,,2,10,9,,,0.005025695,FAIL
990,116.2886581,15:56.2,16:38.6,0 days 00:00:42.343926,4,64,96,128,3,5,,,,,,,,,,,9,4,9,10,7,2,,,,,,,,,,,,,,,,,,,,,,,,,4,7,normal,mixed,,,,6,,,2,10,9,,,0.005107889,COMPLETE
991,,16:38.6,17:23.5,0 days 00:00:44.923631,4,64,96,128,3,5,7,7,8,4,6,7,10,6,10,2,9,3,9,10,7,2,,,,,,,,,,,,,,,,,,,,,,,,,3,3,mixed,mixed,,,10,6,,,2,10,9,,,0.005030457,FAIL
992,,17:23.5,18:07.9,0 days 00:00:44.414117,4,64,96,128,3,5,7,7,8,4,6,7,10,6,10,3,9,3,9,10,7,2,,,,,,,,,,,,,,,,,,,,,,,,,3,5,mixed,mixed,,,10,6,,,2,10,9,,,0.005308176,FAIL
993,,18:07.9,18:51.7,0 days 00:00:43.818568,4,64,96,128,3,5,7,10,8,4,6,7,2,6,10,,9,3,9,10,7,2,,,,,,,,,,,,,,,,,,,,,,,,,4,5,mixed,mixed,,,9,6,,,2,10,9,,,0.005288918,FAIL
994,,18:51.7,19:36.7,0 days 00:00:44.999465,4,64,96,128,3,5,7,7,8,5,6,7,2,6,10,2,9,3,9,10,7,2,,,,,,,,,,,,,,,,,,,,,,,,,4,7,mixed,mixed,,,10,6,,,2,10,9,,,0.005212718,FAIL
995,,19:36.8,20:21.1,0 days 00:00:44.391989,4,64,96,128,3,5,7,7,8,4,6,7,2,6,3,2,9,3,9,10,7,2,,,,,,,,,,,,,,,,,,,,,,,,,4,7,mixed,mixed,,,10,6,,,2,10,9,,,0.005084532,FAIL
996,,20:21.1,21:07.1,0 days 00:00:45.918640,4,64,96,128,3,5,7,7,8,4,6,7,10,6,10,2,9,3,9,10,7,2,,,,,,,,,,,,,,,,,,,,,,,,,4,7,mixed,mixed,,,10,6,,,2,10,9,,,0.00516902,FAIL
997,139.8407135,21:07.1,21:49.5,0 days 00:00:42.460190,4,64,96,128,3,5,,,,,,,,,,,9,3,9,10,7,2,,,,,,,,,,,,,,,,,,,,,,,,,4,7,normal,mixed,,,,6,,,2,10,9,,,0.005018047,COMPLETE
998,,21:49.5,22:35.3,0 days 00:00:45.806186,4,64,96,128,3,5,7,7,8,4,6,7,10,6,10,3,9,4,9,10,7,2,,,,,,,,,,,,,,,,,,,,,,,,,4,7,mixed,mixed,,,10,6,,,2,10,9,,,0.005168531,FAIL
999,250.3878326,22:35.3,23:16.4,0 days 00:00:41.059998,4,64,96,128,3,5,,,,,,,,,,,9,4,9,10,7,2,,,,,,,,,,,,,,,,,,,,,,,,,3,5,normal,mixed,,,,6,,,2,10,9,,,0.006239752,COMPLETE
1000,288.7854614,29:50.4,34:02.0,0 days 00:04:11.630176,4,128,8,16,3,2,,,,,,,,,,,,,,,,,,,,,7,9,4,5,6,5,10,,,,,,,,,,,,,,3,8,normal,normal,mixed,,,,7,,3,5,8,8,,0.00204405,COMPLETE
1001,368.4098816,34:02.0,38:07.3,0 days 00:04:05.269567,4,16,96,,2,4,,,,,,,,,,,7,6,3,2,6,2,,,,,,,,,,,,,,,,,,,,,,,,,3,4,normal,mixed,,,,6,,,2,4,10,,,0.004060202,COMPLETE
1002,,38:07.3,42:12.7,0 days 00:04:05.376138,1,96,96,96,3,2,2,10,6,9,7,9,,,,,,,,,,,,,,,,,,,,,,,,,,,,,,,,,,,7,6,mixed,normal,,,6,,,,2,5,10,,,0.002782943,FAIL
1003,,42:12.7,46:13.6,0 days 00:04:00.949949,1,32,128,,2,3,9,3,8,9,,,,,,,5,,,,,,,,,,,,,,,,,,,,,,,,,,,,,,6,3,mixed,mixed,,,4,1,,,2,10,8,,,0.004450151,FAIL
1004,,46:13.7,50:24.5,0 days 00:04:10.813656,1,8,16,8,3,4,,,,,,,,,,,9,6,5,10,9,5,4,4,,,,,,,,,,,,,,,,,,,,,,,7,6,normal,mixed,normal,,,8,,,3,8,9,3,,0.001133651,FAIL
1005,,50:24.5,54:34.2,0 days 00:04:09.707773,1,32,32,8,3,4,,,,,,,,,,,2,5,,,,,,,,,4,,,,,,,,,,9,4,4,6,,,,,,,6,6,normal,mixed,mixed,mixed,,2,1,4,4,9,2,7,1,0.007953464,FAIL
1006,,54:34.2,58:43.3,0 days 00:04:09.100628,2,8,,,1,2,4,7,,,,,,,,,4,,,,,,,,,,9,7,8,4,10,2,10,,,,,,,,,,,,,,8,7,mixed,mixed,mixed,,2,1,7,,3,8,10,1,,0.001013572,FAIL
1007,,58:43.3,03:01.3,0 days 00:04:17.969193,4,128,64,64,3,4,,,,,,,,,,,5,4,2,2,4,7,9,10,8,4,8,,,,,,,,,,,,,,,,,,,,8,3,normal,mixed,mixed,,,10,1,,3,5,5,10,,0.006930476,FAIL
1008,1299.922485,03:01.3,07:07.4,0 days 00:04:06.097790,4,128,,,1,5,10,9,3,2,4,9,9,4,4,,,,,,,,,,,,,,,,,,,,,,,,,,,,,,,,4,4,mixed,,,,9,,,,1,9,,,,0.00759186,COMPLETE
1009,899.6595459,07:07.4,11:11.4,0 days 00:04:04.016289,3,128,8,64,3,4,,,,,,,,,,,,,,,,,,,,,,,,,,,,,,,,,,,,,,,,,5,7,normal,,,,,,,,1,2,,,,0.003423817,COMPLETE
1010,,11:11.4,15:14.2,0 days 00:04:02.776950,1,32,16,,2,3,10,7,8,4,,,,,,,,,,,,,,,,,,,,,,,,,,,,,,,,,,,,,4,6,mixed,,,,4,,,,1,5,,,,0.008409714,FAIL
1011,,15:14.2,19:15.4,0 days 00:04:01.281079,3,64,,,1,3,2,6,7,6,8,3,10,,,,,,,,,,,,,,,,,,,,,,,,,,,,,,,,,,3,7,mixed,,,,7,,,,1,4,,,,0.007014002,FAIL
1012,882.8570557,19:15.4,23:17.3,0 days 00:04:01.892212,3,8,96,8,3,4,,,,,,,,,,,,,,,,,,,,,,,,,,,,,,,,,,,,,,,,,7,3,normal,normal,,,,,,,2,10,10,,,0.00117785,COMPLETE
1013,,23:17.3,27:28.6,0 days 00:04:11.291663,4,8,64,,2,4,8,3,8,3,7,,,,,,,,,,,,,,,,,,,,,,,,,,,,,,,,,,,,3,7,mixed,normal,normal,normal,5,,,,4,9,10,6,9,0.001287754,FAIL
1014,,27:28.6,31:42.5,0 days 00:04:13.891779,2,96,8,,2,2,5,3,10,9,3,4,10,,,,7,3,,,,,,,,,,,,,,,,,,,2,6,2,8,6,10,5,7,6,5,5,6,mixed,mixed,normal,mixed,7,2,,10,4,2,6,6,2,0.008841911,FAIL
1015,523.7733154,31:42.5,35:51.7,0 days 00:04:09.169498,1,96,32,,2,5,,,,,,,,,,,,,,,,,,,,,10,6,10,,,,,,,,,,,,,,,,,,8,8,normal,normal,mixed,,,,3,,3,5,5,3,,0.001534081,COMPLETE
1016,1887.524536,35:51.7,40:07.5,0 days 00:04:15.758264,4,16,128,128,3,2,,,,,,,,,,,,,,,,,,,,,,,,,,,,,,,,,,,,,,,,,8,8,normal,normal,,,,,,,2,8,4,,,0.009129676,COMPLETE
1017,,40:07.5,44:16.1,0 days 00:04:08.612102,2,32,8,64,3,2,4,8,10,,,,,,,,5,5,7,,,,,,,,8,3,7,5,2,10,7,2,10,,,,,,,,,,,,8,7,mixed,mixed,mixed,,3,3,9,,3,6,3,8,,0.002164546,FAIL
1018,,44:16.1,48:23.3,0 days 00:04:07.187914,3,16,64,,2,4,,,,,,,,,,,,,,,,,,,,,7,9,5,,,,,,,,,,,,,,,,,,8,7,normal,normal,mixed,,,,3,,3,10,4,7,,0.002434955,FAIL
1019,1288.42395,48:23.3,52:31.6,0 days 00:04:08.309739,2,96,128,,2,3,,,,,,,,,,,,,,,,,,,,,9,5,7,8,8,8,,,,,,,,,,,,,,,6,6,normal,normal,mixed,normal,,,6,,4,5,2,7,1,0.004367412,COMPLETE
1020,,52:31.6,56:34.6,0 days 00:04:02.995194,4,16,,,1,5,7,9,7,10,6,9,7,9,7,,,,,,,,,,,,,,,,,,,,,,,,,,,,,,,,4,5,mixed,normal,,,9,,,,2,6,7,,,0.001505651,FAIL
1021,1198.595093,56:34.6,00:34.5,0 days 00:03:59.965529,3,128,,,1,2,,,,,,,,,,,,,,,,,,,,,2,,,,,,,,,,,,,,,,,,,,6,3,normal,normal,mixed,,,,1,,3,1,5,6,,0.00142313,COMPLETE
1022,,00:34.5,04:39.1,0 days 00:04:04.512555,1,32,96,64,3,2,6,9,5,2,4,4,2,,,,,,,,,,,,,,,,,,,,,,,,,,,,,,,,,,7,6,mixed,,,,7,,,,1,7,,,,0.003927914,FAIL
1023,943.3605957,04:39.1,08:31.6,0 days 00:03:52.536237,1,96,,,1,5,,,,,,,,,,,,,,,,,,,,,,,,,,,,,,,,,,,,,,,,,5,7,normal,,,,,,,,1,4,,,,0.002492335,COMPLETE
1024,,08:31.6,12:46.7,0 days 00:04:15.079065,4,128,64,,2,5,10,,,,,,,,,,3,2,3,6,8,,,,,,,,,,,,,,,,,,,,,,,,,,3,8,mixed,mixed,normal,normal,1,5,,,4,6,2,1,4,0.002673172,FAIL
1025,,12:46.7,16:49.1,0 days 00:04:02.425485,1,96,128,96,3,4,3,4,9,5,2,8,5,9,,,,,,,,,,,,,,,,,,,,,,,,,,,,,,,,,6,6,mixed,,,,8,,,,1,9,,,,0.001313045,FAIL
1026,,16:49.1,20:45.6,0 days 00:03:56.485467,1,16,16,16,3,2,8,9,4,4,9,,,,,,,,,,,,,,,,,,,,,,,,,,,,,,,,,,,,5,5,mixed,,,,5,,,,1,6,,,,0.00126413,FAIL
1027,,20:45.6,25:03.0,0 days 00:04:17.377253,4,16,128,96,3,5,,,,,,,,,,,6,2,8,2,2,7,,,,,5,8,9,4,5,5,7,,,,,,,,,,,,,,3,8,normal,mixed,mixed,,,6,7,,3,2,8,3,,0.006577275,FAIL
1028,538.071106,25:03.0,29:06.8,0 days 00:04:03.772647,2,96,,,1,3,,,,,,,,,,,8,3,8,8,,,,,,,,,,,,,,,,,,,,,,,,,,,4,5,normal,mixed,,,,4,,,2,10,3,,,0.001565691,COMPLETE
1029,957.3911743,29:06.8,33:08.6,0 days 00:04:01.856748,3,96,,,1,5,,,,,,,,,,,,,,,,,,,,,,,,,,,,,,,,,,,,,,,,,4,4,normal,normal,normal,,,,,,3,2,6,5,,0.001850375,COMPLETE
1030,,33:08.6,37:16.1,0 days 00:04:07.481114,1,96,16,96,3,5,,,,,,,,,,,9,8,4,,,,,,,,,,,,,,,,,,,,,,,,,,,,6,7,normal,mixed,,,,3,,,2,10,7,,,0.002277984,FAIL
1031,613.3598022,37:16.1,41:18.6,0 days 00:04:02.497593,1,32,,,1,4,,,,,,,,,,,5,3,,,,,,,,,,,,,,,,,,,,,,,,,,,,,7,4,normal,mixed,,,,2,,,2,1,6,,,0.004386626,COMPLETE
1032,382.3652039,41:18.6,45:28.4,0 days 00:04:09.764742,3,32,32,128,3,4,,,,,,,,,,,,,,,,,,,,,,,,,,,,,,,6,4,8,,,,,,,,6,3,normal,normal,normal,mixed,,,,3,4,4,5,3,6,0.007508653,COMPLETE
1033,,45:28.4,49:37.1,0 days 00:04:08.744305,1,16,,,1,5,10,8,6,2,6,9,,,,,,,,,,,,,,,,,,,,,,,,,2,5,10,,,,,,,,5,8,mixed,normal,normal,mixed,6,,,3,4,4,9,9,2,0.007893442,FAIL
1034,648.446228,49:37.1,53:40.8,0 days 00:04:03.719169,3,128,,,1,3,,,,,,,,,,,,,,,,,,,,,,,,,,,,,,,,,,,,,,,,,3,8,normal,normal,,,,,,,2,10,8,,,0.00413947,COMPLETE
1035,503.1065369,53:40.8,57:44.3,0 days 00:04:03.463825,4,8,64,8,3,3,,,,,,,,,,,5,9,4,3,5,3,,,,,,,,,,,,,,,,,,,,,,,,,3,3,normal,mixed,,,,6,,,2,8,9,,,0.001308291,COMPLETE
1036,2818.831543,57:44.3,01:50.0,0 days 00:04:05.697170,4,64,64,,2,5,,,,,,,,,,,,,,,,,,,,,,,,,,,,,,,,,,,,,,,,,6,4,normal,normal,,,,,,,2,4,2,,,0.005314238,COMPLETE
1037,3241.050049,01:50.0,05:53.3,0 days 00:04:03.324385,1,128,64,16,3,5,2,,,,,,,,,,,,,,,,,,,,,,,,,,,,,,,,,,,,,,,,7,7,mixed,normal,,,1,,,,2,2,1,,,0.007788339,COMPLETE
1038,461.2980652,05:53.3,09:54.5,0 days 00:04:01.140510,2,16,16,8,3,3,,,,,,,,,,,,,,,,,,,,,,,,,,,,,,,,,,,,,,,,,7,6,normal,normal,,,,,,,2,7,7,,,0.002492272,COMPLETE
1039,,09:54.5,13:59.8,0 days 00:04:05.366475,1,8,32,8,3,5,4,10,7,8,7,7,7,3,9,,,,,,,,,,,,,,,,,,,,,,,,,,,,,,,,6,6,mixed,normal,,,9,,,,2,7,6,,,0.00993077,FAIL
1040,,13:59.8,18:09.5,0 days 00:04:09.639946,4,96,8,,2,2,6,9,7,5,8,,,,,,7,7,8,2,7,,,,,,8,4,2,7,7,,,,,,,,,,,,,,,,4,7,mixed,mixed,mixed,,5,5,5,,3,8,2,10,,0.003203127,FAIL
1041,5043.686523,18:09.5,22:10.3,0 days 00:04:00.795184,1,64,128,32,3,5,5,6,6,4,10,7,9,8,4,5,,,,,,,,,,,,,,,,,,,,,,,,,,,,,,,7,4,mixed,,,,10,,,,1,3,,,,0.001098237,COMPLETE
1042,858.5903931,22:10.3,26:09.5,0 days 00:03:59.257638,1,64,,,1,5,7,4,7,,,,,,,,,,,,,,,,,,,,,,,,,,,,,,,,,,,,,,6,5,mixed,,,,3,,,,1,5,,,,0.003295361,COMPLETE
1043,,26:09.5,30:22.0,0 days 00:04:12.496226,2,16,64,16,3,5,7,8,7,4,3,,,,,,9,9,8,4,8,7,9,9,,,10,4,2,3,3,8,4,2,7,,,,,,,,,,,,7,3,mixed,mixed,mixed,,5,8,9,,3,8,9,7,,0.009446852,FAIL
1044,,30:22.0,34:35.3,0 days 00:04:13.258181,1,8,128,,2,2,,,,,,,,,,,2,6,2,7,7,8,8,,,,,,,,,,,,,,6,5,2,2,9,10,3,,,,4,8,normal,mixed,normal,mixed,,7,,7,4,5,4,2,10,0.002373875,FAIL
1045,1073.990112,34:35.3,38:40.9,0 days 00:04:05.590639,1,64,96,64,3,4,,,,,,,,,,,,,,,,,,,,,,,,,,,,,,,,,,,,,,,,,6,7,normal,normal,,,,,,,2,5,7,,,0.001579549,COMPLETE
1046,521.2489014,38:40.9,42:49.9,0 days 00:04:09.007072,3,16,96,,2,3,,,,,,,,,,,,,,,,,,,,,4,2,7,3,10,,,,,,,,,,,,,,,,8,8,normal,normal,mixed,,,,5,,3,3,4,10,,0.008212265,COMPLETE
1047,,42:49.9,46:59.3,0 days 00:04:09.353647,1,32,64,,2,2,2,3,9,6,4,6,5,3,4,5,10,9,5,,,,,,,,,,,,,,,,,,,,,,,,,,,,7,4,mixed,mixed,normal,,10,3,,,3,10,3,7,,0.009880944,FAIL
1048,,46:59.3,51:11.3,0 days 00:04:12.061724,2,64,128,128,3,3,6,,,,,,,,,,8,,,,,,,,,,,,,,,,,,,,,,,,,,,,,,7,5,mixed,mixed,normal,,1,1,,,3,2,9,6,,0.001578839,FAIL
1049,945.270813,51:11.3,55:18.1,0 days 00:04:06.744399,1,32,64,8,3,5,,,,,,,,,,,7,9,4,8,2,3,10,,,,,,,,,,,,,,,,,,,,,,,,7,4,normal,mixed,normal,,,7,,,3,1,3,2,,0.001122184,COMPLETE
1050,365.0510864,55:18.1,59:21.8,0 days 00:04:03.696129,1,128,32,,2,4,,,,,,,,,,,,,,,,,,,,,3,2,9,,,,,,,,,,,,,,,,,,4,4,normal,normal,mixed,,,,3,,3,2,9,1,,0.0032488,COMPLETE
1051,,59:21.8,03:28.6,0 days 00:04:06.832434,2,96,32,96,3,4,10,10,10,6,,,,,,,,,,,,,,,,,,,,,,,,,,,,,,,,,,,,,4,5,mixed,,,,4,,,,1,3,,,,0.001593793,FAIL
1052,869.0621948,03:28.6,07:39.4,0 days 00:04:10.833927,4,128,32,32,3,4,5,,,,,,,,,,,,,,,,,,,,,,,,,,,,,,,,,,,,,,,,4,6,mixed,,,,1,,,,1,8,,,,0.003762619,COMPLETE
1053,710.2150269,07:39.4,11:42.1,0 days 00:04:02.708886,3,16,,,1,2,,,,,,,,,,,2,2,9,4,7,5,,,,,,,,,,,,,,,,,,,,,,,,,8,3,normal,mixed,normal,normal,,6,,,4,9,4,6,6,0.001112066,COMPLETE
1054,313.65625,11:42.2,15:44.5,0 days 00:04:02.351670,1,32,,,1,5,8,7,4,7,2,9,9,7,2,,,,,,,,,,,,,,,,,,,,,,,,,,,,,,,,8,4,mixed,normal,,,9,,,,2,2,10,,,0.005088475,COMPLETE
1055,646.9284058,15:44.5,19:43.0,0 days 00:03:58.506335,1,32,96,16,3,5,,,,,,,,,,,,,,,,,,,,,,,,,,,,,,,,,,,,,,,,,7,3,normal,normal,normal,,,,,,3,8,7,9,,0.001583081,COMPLETE
1056,,19:43.0,23:44.2,0 days 00:04:01.208765,3,64,,,1,2,3,10,,,,,,,,,,,,,,,,,,,,,,,,,,,,,,,,,,,,,,,6,5,mixed,normal,,,2,,,,2,8,9,,,0.004335783,FAIL
1057,3004.712891,23:44.2,27:47.9,0 days 00:04:03.722704,3,8,,,1,5,,,,,,,,,,,5,6,6,8,3,3,2,6,9,,,,,,,,,,,,,,,,,,,,,,6,7,normal,mixed,normal,,,9,,,3,7,3,1,,0.005344423,COMPLETE
1058,,27:48.0,31:58.9,0 days 00:04:10.936830,4,8,64,,2,3,2,2,10,4,,,,,,,4,8,3,6,2,,,,,,,,,,,,,,,,,,,,,,,,,,6,6,mixed,mixed,normal,normal,4,5,,,4,10,3,7,2,0.003970065,FAIL
1059,273.0139771,31:58.9,36:06.1,0 days 00:04:07.254440,2,16,,,1,4,,,,,,,,,,,6,8,7,5,10,4,10,9,6,,,,,,,,,,,,,,,,,,,,,,6,4,normal,mixed,normal,,,9,,,3,9,6,10,,0.008623926,COMPLETE
1060,,36:06.1,40:06.8,0 days 00:04:00.624916,1,8,16,128,3,5,,,,,,,,,,,10,10,6,,,,,,,,5,,,,,,,,,,,,,,,,,,,,4,5,normal,mixed,mixed,,,3,1,,3,8,2,1,,0.002732167,FAIL
1061,325.0664368,40:06.8,44:10.6,0 days 00:04:03.796294,2,8,,,1,2,,,,,,,,,,,,,,,,,,,,,8,9,4,2,6,,,,,,,,,,,,,,,,7,4,normal,normal,mixed,,,,5,,3,10,10,8,,0.001699065,COMPLETE
1062,240.8821259,44:10.6,48:26.2,0 days 00:04:15.639258,3,96,96,96,3,4,,,,,,,,,,,,,,,,,,,,,,,,,,,,,,,,,,,,,,,,,7,8,normal,normal,,,,,,,2,10,7,,,0.004888255,COMPLETE
1063,,48:26.2,52:35.9,0 days 00:04:09.687990,2,128,,,1,4,5,10,7,5,,,,,,,,,,,,,,,,,,,,,,,,,,,8,4,,,,,,,,,5,8,mixed,normal,normal,mixed,4,,,2,4,8,6,7,6,0.001483685,FAIL
1064,854.1192627,52:35.9,56:41.9,0 days 00:04:05.962595,1,8,64,96,3,2,,,,,,,,,,,9,,,,,,,,,,,,,,,,,,,,,,,,,,,,,,7,7,normal,mixed,,,,1,,,2,1,2,,,0.002694296,COMPLETE
1065,,56:41.9,00:44.4,0 days 00:04:02.570426,1,32,,,1,5,9,10,,,,,,,,,,,,,,,,,,,,,,,,,,,,,,,,,,,,,,,7,7,mixed,,,,2,,,,1,5,,,,0.003788896,FAIL
1066,,00:44.4,04:57.3,0 days 00:04:12.829793,2,96,,,1,2,8,9,4,9,9,,,,,,10,6,6,3,7,10,7,3,7,2,10,3,,,,,,,,,,,,,,,,,,,8,5,mixed,mixed,mixed,normal,5,10,2,,4,2,1,5,2,0.001619271,FAIL
1067,509.7894287,04:57.3,09:04.6,0 days 00:04:07.318540,1,8,,,1,2,,,,,,,,,,,2,4,,,,,,,,,2,4,3,6,10,7,,,,,,,,,,,,,,,6,4,normal,mixed,mixed,normal,,2,6,,4,9,9,5,2,0.001404486,COMPLETE
1068,250.4047394,09:04.6,13:12.0,0 days 00:04:07.390577,3,128,16,16,3,5,,,,,,,,,,,5,7,,,,,,,,,,,,,,,,,,,,,,,,,,,,,4,6,normal,mixed,,,,2,,,2,6,2,,,0.009584019,COMPLETE
1069,785.847229,13:12.0,17:15.3,0 days 00:04:03.294606,3,64,,,1,3,,,,,,,,,,,,,,,,,,,,,4,9,5,,,,,,,,,,,,,,,,,,4,4,normal,normal,mixed,,,,3,,3,10,5,8,,0.005865807,COMPLETE
1070,,17:15.3,21:25.8,0 days 00:04:10.527354,3,96,,,1,2,5,2,4,7,10,6,6,,,,,,,,,,,,,,10,4,9,2,4,7,5,9,,,5,4,7,9,10,5,,,,,4,8,mixed,normal,mixed,mixed,7,,8,6,4,9,2,9,10,0.008966153,FAIL
1071,,21:25.8,25:30.0,0 days 00:04:04.136755,1,64,,,1,5,8,5,5,6,,,,,,,,,,,,,,,,,,,,,,,,,,,,,,,,,,,,,5,8,mixed,,,,4,,,,1,10,,,,0.002543705,FAIL
1072,241.4588165,25:30.0,29:59.2,0 days 00:04:29.230027,4,128,128,96,3,4,,,,,,,,,,,2,5,10,7,8,7,9,9,8,5,,,,,,,,,,,,,,,,,,,,,8,4,normal,mixed,normal,normal,,10,,,4,8,2,4,3,0.002535746,COMPLETE
1073,,29:59.2,34:03.5,0 days 00:04:04.270232,1,32,,,1,4,,,,,,,,,,,10,6,,,,,,,,,,,,,,,,,,,,,,,,,,,,,7,7,normal,mixed,,,,2,,,2,4,10,,,0.003088805,FAIL
1074,,34:03.5,38:12.2,0 days 00:04:08.767970,1,16,8,,2,2,8,5,5,,,,,,,,4,3,,,,,,,,,,,,,,,,,,,4,2,5,,,,,,,,4,8,mixed,mixed,normal,mixed,3,2,,3,4,10,8,2,9,0.004288367,FAIL
1075,,38:12.2,42:22.9,0 days 00:04:10.662357,1,96,16,,2,5,9,7,3,2,10,8,,,,,5,10,5,3,8,5,4,,,,6,10,,,,,,,,,8,7,10,,,,,,,,7,7,mixed,mixed,mixed,mixed,6,7,2,3,4,8,2,8,5,0.001100139,FAIL
1076,2279.190186,42:22.9,46:25.3,0 days 00:04:02.403621,4,8,8,,2,3,,,,,,,,,,,8,8,2,,,,,,,,,,,,,,,,,,,,,,,,,,,,7,6,normal,mixed,,,,3,,,2,1,10,,,0.00174491,COMPLETE
1077,,46:25.3,50:28.2,0 days 00:04:02.906794,3,64,32,,2,2,9,5,4,2,,,,,,,,,,,,,,,,,,,,,,,,,,,,,,,,,,,,,7,6,mixed,normal,normal,,4,,,,3,3,8,7,,0.001344755,FAIL
1078,511.5044556,50:28.2,54:44.5,0 days 00:04:16.276314,4,96,128,,2,4,,,,,,,,,,,5,,,,,,,,,,,,,,,,,,,,,,,,,,,,,,5,7,normal,mixed,normal,,,1,,,3,1,10,4,,0.009693837,COMPLETE
1079,,54:44.5,58:51.9,0 days 00:04:07.385286,3,32,16,,2,5,6,7,6,10,,,,,,,5,6,7,,,,,,,,,,,,,,,,,,,,,,,,,,,,7,8,mixed,mixed,,,4,3,,,2,1,1,,,0.003389628,FAIL
1080,,58:51.9,02:57.5,0 days 00:04:05.594935,2,32,,,1,5,7,8,9,7,4,8,3,3,,,,,,,,,,,,,,,,,,,,,,,,,,,,,,,,,7,5,mixed,normal,,,8,,,,2,2,3,,,0.001438227,FAIL
1081,,02:57.5,07:08.4,0 days 00:04:10.915966,4,128,,,1,3,7,9,3,2,7,9,9,2,5,5,7,2,6,10,2,2,6,8,9,2,,,,,,,,,,,,,,,,,,,,,8,4,mixed,mixed,,,10,10,,,2,5,9,,,0.007254868,FAIL
1082,,07:08.4,11:21.8,0 days 00:04:13.443525,4,32,8,96,3,2,7,2,8,5,3,4,2,10,10,7,,,,,,,,,,,4,2,10,2,2,4,,,,,,,,,,,,,,,6,5,mixed,normal,mixed,,10,,6,,3,5,6,4,,0.00375948,FAIL
1083,,11:21.8,15:35.1,0 days 00:04:13.288040,3,32,16,64,3,5,3,9,8,7,2,4,8,,,,10,5,10,9,10,10,,,,,4,4,10,4,5,4,10,4,,,,,,,,,,,,,3,3,mixed,mixed,mixed,,7,6,8,,3,6,10,4,,0.0077513,FAIL
1084,948.5166626,15:35.1,19:50.7,0 days 00:04:15.594901,4,128,32,96,3,3,,,,,,,,,,,,,,,,,,,,,,,,,,,,,,,,,,,,,,,,,5,5,normal,normal,,,,,,,2,1,8,,,0.002147872,COMPLETE
1085,,19:50.7,24:01.3,0 days 00:04:10.564733,3,32,,,1,3,2,7,2,9,2,,,,,,7,5,8,5,5,9,5,5,2,8,,,,,,,,,,,,,,,,,,,,,6,8,mixed,mixed,normal,,5,10,,,3,2,4,5,,0.002016691,FAIL
1086,704.333313,24:01.3,28:04.9,0 days 00:04:03.642361,1,128,,,1,3,,,,,,,,,,,3,3,4,5,,,,,,,,,,,,,,,,,,,,,,,,,,,4,4,normal,mixed,normal,,,4,,,3,3,7,4,,0.003728656,COMPLETE
1087,,28:04.9,32:10.6,0 days 00:04:05.638751,2,16,,,1,4,5,4,10,,,,,,,,,,,,,,,,,,7,4,4,9,3,5,9,4,,,,,,,,,,,,,5,6,mixed,normal,mixed,,3,,8,,3,5,5,8,,0.008806213,FAIL
1088,,32:10.6,36:16.3,0 days 00:04:05.739664,2,96,32,32,3,4,8,8,8,9,6,,,,,,,,,,,,,,,,,,,,,,,,,,,,,,,,,,,,7,8,mixed,normal,,,5,,,,2,1,2,,,0.002902719,FAIL
1089,,36:16.3,40:26.4,0 days 00:04:10.101794,2,64,128,8,3,2,4,9,10,9,3,10,6,5,6,,,,,,,,,,,,,,,,,,,,,,,,,,,,,,,,6,5,mixed,normal,,,9,,,,2,9,7,,,0.008396035,FAIL
1090,,40:26.4,44:29.1,0 days 00:04:02.652192,3,128,16,,2,4,3,7,9,10,8,3,2,,,,,,,,,,,,,,,,,,,,,,,,,,,,,,,,,,4,7,mixed,,,,7,,,,1,4,,,,0.001525509,FAIL
1091,,44:29.1,48:41.1,0 days 00:04:12.013211,3,128,16,128,3,3,3,5,,,,,,,,,,,,,,,,,,,,,,,,,,,,,,,,,,,,,,,3,8,mixed,normal,,,2,,,,2,8,1,,,0.004090643,FAIL
1092,,48:41.1,52:41.0,0 days 00:03:59.843492,2,32,,,1,5,2,9,3,2,8,2,,,,,,,,,,,,,,,,,,,,,,,,,,,,,,,,,,,5,8,mixed,,,,6,,,,1,7,,,,0.002195687,FAIL
1093,,52:41.0,56:59.8,0 days 00:04:18.850082,4,64,128,,2,5,2,4,10,4,10,8,6,7,3,,3,10,6,,,,,,,,,,,,,,,,,,,,,,,,,,,,5,6,mixed,mixed,normal,normal,9,3,,,4,5,9,1,8,0.007985252,FAIL
1094,409.8850403,56:59.8,01:07.5,0 days 00:04:07.693875,2,96,8,96,3,4,,,,,,,,,,,7,3,4,10,3,,,,,,,,,,,,,,,,,,,,,,,,,,6,6,normal,mixed,,,,5,,,2,5,9,,,0.001374775,COMPLETE
1095,,01:07.5,05:09.5,0 days 00:04:01.955493,1,32,8,64,3,5,10,,,,,,,,,,,,,,,,,,,,,,,,,,,,,,,,,,,,,,,,3,6,mixed,,,,1,,,,1,3,,,,0.001018155,FAIL
1096,,05:09.5,09:14.6,0 days 00:04:05.115271,4,32,16,,2,3,9,,,,,,,,,,,,,,,,,,,,,,,,,,,,,,,,,,,,,,,,3,5,mixed,normal,normal,normal,1,,,,4,2,4,6,3,0.007032888,FAIL
1097,,09:14.6,13:26.6,0 days 00:04:11.994656,4,32,32,,2,4,10,6,7,4,6,6,8,,,,8,2,10,,,,,,,,10,10,6,8,2,,,,,,2,,,,,,,,,,5,5,mixed,mixed,mixed,mixed,7,3,5,1,4,9,2,10,7,0.001117465,FAIL
1098,1411.93811,13:26.6,17:31.5,0 days 00:04:04.899102,1,8,,,1,2,,,,,,,,,,,,,,,,,,,,,,,,,,,,,,,,,,,,,,,,,6,7,normal,normal,normal,,,,,,3,3,8,6,,0.005493804,COMPLETE
1099,688.7590332,17:31.5,21:33.0,0 days 00:04:01.512079,2,8,32,,2,4,8,8,5,8,3,,,,,,,,,,,,,,,,,,,,,,,,,,,,,,,,,,,,6,4,mixed,normal,,,5,,,,2,2,10,,,0.002491464,COMPLETE
1100,329.5596313,21:33.0,25:35.0,0 days 00:04:01.978955,2,16,128,,2,5,,,,,,,,,,,3,4,5,,,,,,,,,,,,,,,,,,,,,,,,,,,,4,4,normal,mixed,normal,normal,,3,,,4,10,7,10,10,0.001080128,COMPLETE
1101,823.9334106,25:35.0,29:29.8,0 days 00:03:54.797830,2,8,,,1,4,,,,,,,,,,,,,,,,,,,,,,,,,,,,,,,,,,,,,,,,,7,5,normal,,,,,,,,1,6,,,,0.002225525,COMPLETE
1102,810.5518188,29:29.8,33:34.4,0 days 00:04:04.638840,4,16,64,8,3,4,,,,,,,,,,,,,,,,,,,,,,,,,,,,,,,,,,,,,,,,,8,8,normal,,,,,,,,1,6,,,,0.001961648,COMPLETE
1103,,33:34.4,37:45.9,0 days 00:04:11.452217,3,64,64,,2,3,7,5,3,9,10,4,6,10,4,,3,9,2,,,,,,,,,,,,,,,,,,,,,,,,,,,,6,8,mixed,mixed,,,9,3,,,2,9,9,,,0.007802966,FAIL
1104,,37:45.9,41:56.5,0 days 00:04:10.658176,3,96,128,,2,4,,,,,,,,,,,3,7,3,,,,,,,,5,,,,,,,,,,3,2,5,7,8,,,,,,4,5,normal,mixed,mixed,mixed,,3,1,5,4,10,1,5,2,0.007486703,FAIL
1105,460.7548523,41:56.5,45:55.5,0 days 00:03:58.920255,1,32,32,32,3,3,,,,,,,,,,,,,,,,,,,,,,,,,,,,,,,,,,,,,,,,,6,5,normal,normal,,,,,,,2,10,3,,,0.003289903,COMPLETE
1106,305.1410217,45:55.5,49:53.9,0 days 00:03:58.424210,1,96,8,,2,2,,,,,,,,,,,3,6,5,,,,,,,,,,,,,,,,,,,,,,,,,,,,6,3,normal,mixed,,,,3,,,2,8,10,,,0.003048035,COMPLETE
1107,2018.448364,49:53.9,53:54.8,0 days 00:04:00.964874,2,32,,,1,4,,,,,,,,,,,7,3,4,,,,,,,,,,,,,,,,,,,,,,,,,,,,4,4,normal,mixed,normal,,,3,,,3,3,5,3,,0.005645579,COMPLETE
1108,,53:54.8,58:00.8,0 days 00:04:05.976006,2,96,,,1,3,3,9,2,10,4,,,,,,6,7,7,10,3,5,9,9,4,,,,,,,,,,,,,,,,,,,,,,4,6,mixed,mixed,,,5,9,,,2,2,1,,,0.005293935,FAIL
1109,3809.071533,58:00.8,02:04.5,0 days 00:04:03.659363,3,8,32,,2,3,,,,,,,,,,,5,9,8,10,4,7,,,,,,,,,,,,,,,,,,,,,,,,,5,3,normal,mixed,normal,normal,,6,,,4,2,10,5,1,0.001056175,COMPLETE
1110,,02:04.5,06:10.2,0 days 00:04:05.709913,1,64,,,1,5,,,,,,,,,,,9,8,2,5,8,10,,,,,10,2,2,4,10,3,,,,,,,,,,,,,,,5,8,normal,mixed,mixed,normal,,6,6,,4,10,4,7,2,0.001139916,FAIL
1111,893.8823853,06:10.2,10:13.4,0 days 00:04:03.217206,1,32,16,16,3,4,,,,,,,,,,,5,,,,,,,,,,,,,,,,,,,,,,,,,,,,,,7,5,normal,mixed,normal,,,1,,,3,8,6,4,,0.001963174,COMPLETE
1112,690.5183716,10:13.4,14:25.4,0 days 00:04:12.006669,4,64,128,8,3,5,,,,,,,,,,,,,,,,,,,,,,,,,,,,,,,,,,,,,,,,,6,4,normal,normal,,,,,,,2,6,10,,,0.00141105,COMPLETE
1113,,14:25.4,18:35.1,0 days 00:04:09.687375,2,128,,,1,2,,,,,,,,,,,4,10,2,7,3,8,3,10,10,,9,8,3,,,,,,,,,,,,,,,,,,7,8,normal,mixed,mixed,,,9,3,,3,4,9,6,,0.001110239,FAIL
1114,,18:35.1,22:45.0,0 days 00:04:09.886261,4,8,128,,2,4,,,,,,,,,,,5,4,4,5,10,,,,,,,,,,,,,,,,,,,,,,,,,,4,7,normal,mixed,,,,5,,,2,9,4,,,0.002343139,FAIL
1115,1122.22937,22:45.0,26:48.5,0 days 00:04:03.511778,3,64,64,,2,3,,,,,,,,,,,,,,,,,,,,,,,,,,,,,,,,,,,,,,,,,5,6,normal,,,,,,,,1,4,,,,0.001518461,COMPLETE
1116,,26:48.5,30:57.7,0 days 00:04:09.198503,2,128,,,1,2,,,,,,,,,,,9,2,7,8,9,8,,,,,3,3,8,3,10,5,3,9,,,,,,,,,,,,,6,5,normal,mixed,mixed,normal,,6,8,,4,6,2,6,9,0.008137492,FAIL
1117,,30:57.7,35:00.8,0 days 00:04:03.111982,3,32,,,1,2,8,9,5,10,8,9,4,,,,,,,,,,,,,,,,,,,,,,,,,,,,,,,,,,5,5,mixed,,,,7,,,,1,3,,,,0.00291783,FAIL
1118,310.5828552,35:00.8,39:13.6,0 days 00:04:12.794778,4,96,96,16,3,4,,,,,,,,,,,,,,,,,,,,,3,4,5,6,4,8,,,,,,,,,,,,,,,7,5,normal,normal,mixed,,,,6,,3,7,4,8,,0.003691565,COMPLETE
1119,,39:13.6,43:25.6,0 days 00:04:12.009901,1,96,,,1,3,8,8,7,8,5,2,5,,,,,,,,,,,,,,2,10,7,8,3,7,2,7,,,,,,,,,,,,,5,8,mixed,normal,mixed,normal,7,,8,,4,4,9,5,3,0.001499287,FAIL
1120,,43:25.6,47:35.5,0 days 00:04:09.862342,1,32,8,128,3,4,8,4,6,4,9,3,9,8,4,,8,7,8,2,4,2,6,4,7,,,,,,,,,,,,,,,,,,,,,,8,6,mixed,mixed,normal,normal,9,9,,,4,8,2,2,6,0.002503125,FAIL
1121,,47:35.5,51:39.4,0 days 00:04:03.853901,3,128,,,1,2,4,5,5,4,4,7,,,,,,,,,,,,,,,,,,,,,,,,,,,,,,,,,,,5,7,mixed,normal,,,6,,,,2,3,10,,,0.008868312,FAIL
1122,,51:39.4,55:50.8,0 days 00:04:11.391621,3,96,8,64,3,4,,,,,,,,,,,5,4,5,3,7,3,7,4,4,3,10,10,9,,,,,,,,3,8,7,5,5,10,6,9,,,5,4,normal,mixed,mixed,mixed,,10,3,8,4,4,1,4,6,0.006395416,FAIL
1123,,55:50.8,59:57.3,0 days 00:04:06.546790,3,64,,,1,3,2,6,3,9,4,5,7,3,5,5,6,10,2,10,4,4,5,4,,,,,,,,,,,,,,,,,,,,,,,3,4,mixed,mixed,,,10,8,,,2,9,3,,,0.007185618,FAIL
1124,590.8724976,59:57.3,04:00.6,0 days 00:04:03.258235,1,8,,,1,2,,,,,,,,,,,2,4,7,8,2,2,5,7,,,,,,,,,,,,,,,,,,,,,,,4,6,normal,mixed,,,,8,,,2,5,7,,,0.001424371,COMPLETE
1125,,04:00.6,08:06.2,0 days 00:04:05.665352,2,16,,,1,3,6,8,,,,,,,,,9,2,4,5,4,,,,,,,,,,,,,,,,6,9,7,3,4,,,,,,8,8,mixed,mixed,normal,mixed,2,5,,5,4,1,6,5,7,0.007220826,FAIL
1126,575.6834106,08:06.2,12:08.9,0 days 00:04:02.608573,2,8,128,96,3,2,,,,,,,,,,,,,,,,,,,,,7,5,,,,,,,,,,,,,,,,,,,7,4,normal,normal,mixed,normal,,,2,,4,5,1,5,9,0.007132408,COMPLETE
1127,387.0438538,12:08.9,16:10.4,0 days 00:04:01.572866,1,16,64,,2,4,,,,,,,,,,,,,,,,,,,,,5,3,5,3,,,,,,,,,,,,,,,,,3,6,normal,normal,mixed,,,,4,,3,8,2,8,,0.002164866,COMPLETE
1128,,16:10.4,20:18.0,0 days 00:04:07.616174,3,32,128,32,3,2,6,6,3,9,10,10,,,,,,,,,,,,,,,,,,,,,,,,,,,,,,,,,,,8,7,mixed,normal,,,6,,,,2,6,10,,,0.004151082,FAIL
1129,,20:18.0,24:23.8,0 days 00:04:05.743820,3,128,,,1,5,4,8,10,6,8,6,6,7,,,,,,,,,,,,,,,,,,,,,,,,,,,,,,,,,3,5,mixed,normal,normal,,8,,,,3,10,9,9,,0.002456666,FAIL
1130,,24:23.8,28:25.9,0 days 00:04:02.086036,2,128,64,,2,4,7,3,3,5,7,9,3,7,3,,,,,,,,,,,,,,,,,,,,,,,,,,,,,,,,8,7,mixed,,,,9,,,,1,3,,,,0.00977541,FAIL
1131,475.5560608,28:25.9,32:35.2,0 days 00:04:09.356317,3,32,16,96,3,5,,,,,,,,,,,,,,,,,,,,,6,5,10,9,8,7,8,6,9,,,,,,,,,,,,6,7,normal,normal,mixed,,,,9,,3,7,6,7,,0.001556085,COMPLETE
1132,,32:35.2,36:48.7,0 days 00:04:13.448287,3,8,128,,2,2,,,,,,,,,,,4,7,6,3,5,10,5,6,5,6,6,,,,,,,,,,9,4,5,,,,,,,,5,8,normal,mixed,mixed,mixed,,10,1,3,4,5,1,4,6,0.002778037,FAIL
1133,428.9960632,36:48.7,40:50.9,0 days 00:04:02.202796,2,96,128,,2,4,,,,,,,,,,,,,,,,,,,,,,,,,,,,,,,,,,,,,,,,,7,3,normal,normal,,,,,,,2,5,9,,,0.008329936,COMPLETE
1134,,40:50.9,45:03.9,0 days 00:04:12.986381,3,96,64,16,3,5,9,2,7,5,9,8,5,6,10,3,9,8,6,7,5,6,5,10,6,4,,,,,,,,,,,,,,,,,,,,,4,4,mixed,mixed,normal,normal,10,10,,,4,7,6,10,2,0.009023751,FAIL
1135,,45:03.9,49:12.8,0 days 00:04:08.886178,3,64,64,,2,5,5,5,5,6,3,2,7,8,8,5,,,,,,,,,,,,,,,,,,,,,10,4,2,10,10,7,9,8,,,5,3,mixed,normal,normal,mixed,10,,,8,4,4,2,8,7,0.001790617,FAIL
1136,,49:12.8,53:23.2,0 days 00:04:10.458523,2,128,32,64,3,5,2,4,8,2,2,3,10,7,6,7,8,3,9,4,5,8,,,,,6,,,,,,,,,,,,,,,,,,,,3,3,mixed,mixed,mixed,normal,10,6,1,,4,1,8,2,10,0.00516181,FAIL
1137,,53:23.2,57:32.1,0 days 00:04:08.892276,3,16,128,,2,3,2,2,7,9,9,5,6,7,10,,,,,,,,,,,,,,,,,,,,,,,,,,,,,,,,8,5,mixed,normal,,,9,,,,2,5,6,,,0.00761045,FAIL
1138,,57:32.1,01:41.4,0 days 00:04:09.243509,3,64,96,,2,3,8,5,9,6,,,,,,,6,3,2,9,9,,,,,,,,,,,,,,,,,,,,,,,,,,5,5,mixed,mixed,,,4,5,,,2,10,8,,,0.001723232,FAIL
1139,3578.897461,01:41.4,05:43.6,0 days 00:04:02.215856,2,8,,,1,2,,,,,,,,,,,,,,,,,,,,,,,,,,,,,,,,,,,,,,,,,8,8,normal,normal,,,,,,,2,4,1,,,0.002623172,COMPLETE
1140,388.87854,05:43.6,09:52.4,0 days 00:04:08.766643,4,96,16,16,3,3,5,8,3,9,5,9,,,,,,,,,,,,,,,,,,,,,,,,,,,,,,,,,,,8,3,mixed,normal,normal,,6,,,,3,5,8,7,,0.002675315,COMPLETE
1141,,09:52.4,14:11.7,0 days 00:04:19.354028,4,64,128,16,3,4,7,4,9,8,,,,,,,,,,,,,,,,,7,4,8,8,8,,,,,,,,,,,,,,,,8,6,mixed,normal,mixed,,4,,5,,3,8,5,8,,0.003247839,FAIL
1142,,14:11.7,18:19.4,0 days 00:04:07.635154,1,32,96,128,3,2,4,3,,,,,,,,,,,,,,,,,,,,,,,,,,,,,2,7,,,,,,,,,3,5,mixed,normal,normal,mixed,2,,,2,4,4,5,6,7,0.001149583,FAIL
1143,3899.328857,18:19.4,22:20.6,0 days 00:04:01.199301,1,128,128,64,3,4,6,6,2,,,,,,,,,,,,,,,,,,,,,,,,,,,,,,,,,,,,,,3,4,mixed,normal,,,3,,,,2,8,1,,,0.007894849,COMPLETE
1144,646.5828247,22:20.6,26:21.5,0 days 00:04:00.953440,3,128,64,16,3,3,,,,,,,,,,,,,,,,,,,,,,,,,,,,,,,,,,,,,,,,,4,4,normal,,,,,,,,1,5,,,,0.004847198,COMPLETE
1145,,26:21.5,30:29.8,0 days 00:04:08.275489,2,96,,,1,2,8,4,3,7,,,,,,,,,,,,,,,,,7,6,4,8,,,,,,,,,,,,,,,,,8,7,mixed,normal,mixed,normal,4,,4,,4,9,6,7,2,0.005322253,FAIL
1146,,30:29.8,34:36.6,0 days 00:04:06.773882,1,128,32,,2,2,5,2,8,,,,,,,,4,2,5,4,4,4,8,2,,,2,10,6,10,3,,,,,,,,,,,,,,,,8,7,mixed,mixed,mixed,normal,3,8,5,,4,7,10,3,3,0.001280575,FAIL
1147,,34:36.6,38:40.9,0 days 00:04:04.310602,1,64,8,,2,2,,,,,,,,,,,6,10,4,8,6,2,2,10,,,3,5,8,9,6,10,,,,,,,,,,,,,,,3,6,normal,mixed,mixed,,,8,6,,3,6,1,4,,0.003359106,FAIL
1148,524.7426758,38:40.9,42:39.2,0 days 00:03:58.264164,4,8,,,1,3,,,,,,,,,,,4,5,6,10,9,4,4,4,,,,,,,,,,,,,,,,,,,,,,,7,4,normal,mixed,,,,8,,,2,2,5,,,0.008840906,COMPLETE
1149,3347.491699,42:39.2,46:49.4,0 days 00:04:10.235035,4,128,,,1,4,,,,,,,,,,,,,,,,,,,,,,,,,,,,,,,,,,,,,,,,,6,8,normal,normal,normal,,,,,,3,2,5,4,,0.001491986,COMPLETE
1150,583.5987549,46:49.4,51:02.7,0 days 00:04:13.309875,4,32,96,96,3,5,,,,,,,,,,,,,,,,,,,,,,,,,,,,,,,,,,,,,,,,,5,6,normal,,,,,,,,1,9,,,,0.001991433,COMPLETE
1151,927.1504517,51:02.7,55:04.8,0 days 00:04:02.121824,2,8,32,96,3,3,,,,,,,,,,,,,,,,,,,,,,,,,,,,,,,,,,,,,,,,,5,5,normal,,,,,,,,1,6,,,,0.001339037,COMPLETE
1152,546.4070435,55:04.8,59:04.5,0 days 00:03:59.707599,2,8,,,1,4,,,,,,,,,,,,,,,,,,,,,,,,,,,,,,,,,,,,,,,,,3,4,normal,normal,normal,,,,,,3,4,7,10,,0.006456437,COMPLETE
1153,,59:04.5,03:17.3,0 days 00:04:12.740228,2,32,128,64,3,4,10,2,10,6,3,4,5,,,,5,8,10,8,5,,,,,,3,5,6,7,8,4,,,,,,,,,,,,,,,7,4,mixed,mixed,mixed,,7,5,6,,3,9,5,3,,0.007329553,FAIL
1154,,03:17.3,07:24.9,0 days 00:04:07.583568,3,128,16,,2,3,,,,,,,,,,,9,8,,,,,,,,,,,,,,,,,,,3,2,5,7,8,,,,,,6,3,normal,mixed,normal,mixed,,2,,5,4,5,5,4,7,0.009666596,FAIL
1155,,07:24.9,11:43.3,0 days 00:04:18.452629,4,128,96,16,3,4,9,10,7,9,8,9,9,4,3,,,,,,,,,,,,,,,,,,,,,,,,,,,,,,,,4,7,mixed,,,,9,,,,1,1,,,,0.009260619,FAIL
1156,2229.599365,11:43.3,15:52.7,0 days 00:04:09.357233,4,64,16,64,3,3,,,,,,,,,,,,,,,,,,,,,,,,,,,,,,,,,,,,,,,,,6,7,normal,normal,normal,,,,,,3,7,1,4,,0.003878719,COMPLETE
1157,3899.328857,15:52.7,19:54.3,0 days 00:04:01.651684,4,16,16,32,3,2,,,,,,,,,,,,,,,,,,,,,,,,,,,,,,,,,,,,,,,,,5,6,normal,,,,,,,,1,1,,,,0.009729446,COMPLETE
1158,3307.482422,19:54.3,23:59.2,0 days 00:04:04.823890,1,96,128,128,3,3,,,,,,,,,,,,,,,,,,,,,,,,,,,,,,,,,,,,,,,,,8,8,normal,normal,,,,,,,2,3,1,,,0.003436278,COMPLETE
1159,,23:59.2,28:05.7,0 days 00:04:06.577218,1,16,,,1,3,2,5,4,,,,,,,,3,8,5,10,6,2,3,,,,,,,,,,,,,,,,,,,,,,,,4,5,mixed,mixed,normal,normal,3,7,,,4,3,2,8,6,0.003414892,FAIL
1160,427.0230408,28:05.7,32:05.7,0 days 00:03:59.923407,2,64,,,1,3,5,2,4,,,,,,,,,,,,,,,,,,,,,,,,,,,,,,,,,,,,,,6,5,mixed,,,,3,,,,1,1,,,,0.009396398,COMPLETE
1161,1146.639282,32:05.7,36:07.5,0 days 00:04:01.791809,3,96,,,1,2,,,,,,,,,,,,,,,,,,,,,,,,,,,,,,,,,,,,,,,,,6,6,normal,normal,,,,,,,2,10,4,,,0.002325639,COMPLETE
1162,2159.564697,36:07.5,40:11.8,0 days 00:04:04.330479,4,64,,,1,3,,,,,,,,,,,,,,,,,,,,,,,,,,,,,,,,,,,,,,,,,3,6,normal,normal,normal,normal,,,,,4,5,1,3,7,0.001905718,COMPLETE
1163,2984.158447,40:11.8,44:14.4,0 days 00:04:02.587288,1,8,16,64,3,4,,,,,,,,,,,,,,,,,,,,,,,,,,,,,,,,,,,,,,,,,5,8,normal,normal,,,,,,,2,1,1,,,0.008397999,COMPLETE
1164,,44:14.4,48:17.4,0 days 00:04:02.993717,3,32,,,1,4,7,10,,,,,,,,,4,5,5,,,,,,,,,,,,,,,,,,,,,,,,,,,,7,6,mixed,mixed,,,2,3,,,2,1,6,,,0.005266321,FAIL
1165,474.2523193,48:17.4,52:23.9,0 days 00:04:06.514387,4,16,128,,2,4,,,,,,,,,,,,,,,,,,,,,,,,,,,,,,,,,,,,,,,,,8,8,normal,,,,,,,,1,7,,,,0.005724905,COMPLETE
1166,1532.072266,52:23.9,56:24.7,0 days 00:04:00.827966,2,64,,,1,2,,,,,,,,,,,,,,,,,,,,,,,,,,,,,,,,,,,,,,,,,4,5,normal,normal,,,,,,,2,1,10,,,0.003257199,COMPLETE
1167,634.0598755,56:24.7,00:32.2,0 days 00:04:07.470297,3,8,,,1,3,,,,,,,,,,,6,9,2,7,5,,,,,,10,9,3,,,,,,,,7,5,8,5,4,9,2,2,2,,4,4,normal,mixed,mixed,mixed,,5,3,9,4,2,6,10,3,0.001979442,COMPLETE
1168,595.7667236,00:32.2,04:36.0,0 days 00:04:03.813553,4,64,8,,2,5,,,,,,,,,,,,,,,,,,,,,,,,,,,,,,,,,,,,,,,,,7,5,normal,normal,normal,,,,,,3,4,10,1,,0.002419756,COMPLETE
1169,,04:36.0,08:45.9,0 days 00:04:09.880579,4,128,,,1,2,6,8,8,4,7,4,10,7,2,4,,,,,,,,,,,,,,,,,,,,,,,,,,,,,,,5,5,mixed,normal,,,10,,,,2,2,1,,,0.009818365,FAIL
1170,,08:45.9,12:49.3,0 days 00:04:03.397423,2,64,128,,2,5,10,4,4,3,,,,,,,,,,,,,,,,,,,,,,,,,,,,,,,,,,,,,3,5,mixed,,,,4,,,,1,1,,,,0.001594263,FAIL
1171,,12:49.3,16:55.7,0 days 00:04:06.342296,1,64,64,,2,5,7,4,3,9,4,2,5,,,,10,,,,,,,,,,,,,,,,,,,,,,,,,,,,,,3,3,mixed,mixed,normal,normal,7,1,,,4,10,4,4,6,0.001409253,FAIL
1172,,16:55.7,21:04.6,0 days 00:04:08.953606,4,128,,,1,5,8,4,9,6,3,6,7,10,,,,,,,,,,,,,,,,,,,,,,,,,,,,,,,,,7,5,mixed,normal,,,8,,,,2,10,3,,,0.001036914,FAIL
1173,,21:04.6,25:10.2,0 days 00:04:05.608106,3,32,,,1,4,5,2,3,9,,,,,,,6,10,,,,,,,,,,,,,,,,,,,,,,,,,,,,,4,8,mixed,mixed,,,4,2,,,2,9,2,,,0.008542615,FAIL
1174,,25:10.2,29:23.4,0 days 00:04:13.194279,2,64,96,64,3,4,4,8,9,8,3,3,2,6,7,,8,5,7,,,,,,,,5,4,,,,,,,,,5,2,3,7,,,,,,,5,5,mixed,mixed,mixed,mixed,9,3,2,4,4,10,7,10,1,0.002506248,FAIL
1175,1198.775635,29:23.4,33:13.9,0 days 00:03:50.463620,3,8,16,,2,2,,,,,,,,,,,,,,,,,,,,,,,,,,,,,,,,,,,,,,,,,8,3,normal,,,,,,,,1,6,,,,0.002123967,COMPLETE
1176,,33:13.9,37:20.1,0 days 00:04:06.231384,3,64,64,,2,3,,,,,,,,,,,2,5,3,6,4,9,5,9,,,,,,,,,,,,,8,9,10,8,,,,,,,3,6,normal,mixed,normal,mixed,,8,,4,4,6,4,7,10,0.005284292,FAIL
1177,,37:20.1,41:22.8,0 days 00:04:02.655978,3,96,,,1,5,2,,,,,,,,,,8,10,,,,,,,,,5,10,3,3,8,,,,,,,,,,,,,,,,7,6,mixed,mixed,mixed,,1,2,5,,3,7,5,7,,0.001290858,FAIL
1178,420.3586121,41:22.8,45:28.2,0 days 00:04:05.393979,4,128,64,8,3,3,,,,,,,,,,,,,,,,,,,,,,,,,,,,,,,,,,,,,,,,,3,5,normal,normal,,,,,,,2,3,9,,,0.005614979,COMPLETE
1179,,45:28.2,49:32.9,0 days 00:04:04.696056,2,96,8,,2,4,10,3,2,3,6,5,7,2,,,,,,,,,,,,,,,,,,,,,,,,,,,,,,,,,3,8,mixed,normal,,,8,,,,2,10,4,,,0.003977116,FAIL
1180,3088.207275,49:32.9,53:35.6,0 days 00:04:02.680391,1,128,,,1,5,,,,,,,,,,,,,,,,,,,,,,,,,,,,,,,,,,,,,,,,,8,6,normal,normal,normal,normal,,,,,4,7,3,2,3,0.002261029,COMPLETE
1181,391.7225037,53:35.6,57:39.9,0 days 00:04:04.328645,2,16,96,,2,3,,,,,,,,,,,8,7,6,6,7,6,2,,,,,,,,,,,,,,,,,,,,,,,,6,5,normal,mixed,,,,7,,,2,4,1,,,0.001846169,COMPLETE
1182,3623.225342,57:39.9,01:38.6,0 days 00:03:58.696550,2,16,96,,2,2,,,,,,,,,,,,,,,,,,,,,,,,,,,,,,,,,,,,,,,,,5,4,normal,,,,,,,,1,3,,,,0.002902488,COMPLETE
1183,743.9957886,01:38.6,05:40.4,0 days 00:04:01.818125,4,8,96,,2,4,,,,,,,,,,,,,,,,,,,,,,,,,,,,,,,,,,,,,,,,,5,4,normal,,,,,,,,1,9,,,,0.001643432,COMPLETE
1184,3813.053467,05:40.4,09:43.5,0 days 00:04:03.121652,3,96,96,,2,3,,,,,,,,,,,,,,,,,,,,,,,,,,,,,,,,,,,,,,,,,7,4,normal,,,,,,,,1,3,,,,0.001756131,COMPLETE
1185,,09:43.5,13:58.7,0 days 00:04:15.148737,3,96,128,8,3,3,9,3,10,9,9,3,7,2,3,,8,2,9,,,,,,,,3,9,,,,,,,,,,,,,,,,,,,5,6,mixed,mixed,mixed,,9,3,2,,3,3,10,8,,0.003520575,FAIL
1186,687.496582,13:58.7,18:06.4,0 days 00:04:07.725712,2,16,16,,2,5,,,,,,,,,,,,,,,,,,,,,6,3,5,9,,,,,,,3,8,2,8,4,9,,,,,6,7,normal,normal,mixed,mixed,,,4,6,4,5,9,2,8,0.002053606,COMPLETE
1187,,18:06.4,22:11.7,0 days 00:04:05.263251,4,8,,,1,3,5,3,4,,,,,,,,,,,,,,,,,,5,,,,,,,,,,7,6,5,6,3,,,,,,6,4,mixed,normal,mixed,mixed,3,,1,5,4,8,8,3,1,0.001285807,FAIL
1188,446.1808472,22:11.7,26:14.4,0 days 00:04:02.754161,1,96,,,1,4,,,,,,,,,,,8,4,9,4,6,7,5,5,,,,,,,,,,,,,,,,,,,,,,,7,6,normal,mixed,normal,,,8,,,3,3,10,3,,0.003148496,COMPLETE
1189,,26:14.4,30:15.8,0 days 00:04:01.308961,3,16,,,1,4,10,8,4,4,7,6,2,10,6,,,,,,,,,,,,,,,,,,,,,,8,8,9,8,,,,,,,5,4,mixed,normal,normal,mixed,9,,,4,4,2,4,2,8,0.002022848,FAIL
1190,,30:15.8,34:16.0,0 days 00:04:00.246760,2,32,16,,2,2,2,10,2,6,8,3,5,8,2,,6,,,,,,,,,,,,,,,,,,,,,,,,,,,,,,8,5,mixed,mixed,,,9,1,,,2,6,10,,,0.002155295,FAIL
1191,1055.076904,34:16.0,38:15.4,0 days 00:03:59.415057,3,16,8,,2,4,,,,,,,,,,,10,,,,,,,,,,,,,,,,,,,,,,,,,,,,,,5,6,normal,mixed,normal,,,1,,,3,7,7,4,,0.001125969,COMPLETE
1192,,38:15.4,42:24.6,0 days 00:04:09.196380,4,32,96,16,3,3,,,,,,,,,,,2,3,4,8,6,6,4,10,7,,6,10,,,,,,,,,,,,,,,,,,,8,6,normal,mixed,mixed,,,9,2,,3,2,4,5,,0.001394834,FAIL
1193,,42:24.6,46:31.0,0 days 00:04:06.350044,4,96,,,1,3,,,,,,,,,,,8,3,7,7,5,4,5,2,9,,,,,,,,,,,,7,4,3,7,7,8,9,9,8,,5,3,normal,mixed,normal,mixed,,9,,9,4,3,1,8,7,0.001051931,FAIL
1194,1223.129028,46:31.0,50:27.8,0 days 00:03:56.845581,3,64,,,1,2,,,,,,,,,,,,,,,,,,,,,,,,,,,,,,,,,,,,,,,,,3,7,normal,normal,,,,,,,2,10,7,,,0.001127983,COMPLETE
1195,,50:27.8,54:39.2,0 days 00:04:11.414177,3,128,16,32,3,4,9,7,10,9,7,4,4,5,3,10,7,,,,,,,,,,,,,,,,,,,,,,,,,,,,,,6,4,mixed,mixed,normal,,10,1,,,3,5,6,3,,0.002871762,FAIL
1196,853.5820313,54:39.2,58:37.8,0 days 00:03:58.571860,1,16,,,1,4,7,,,,,,,,,,,,,,,,,,,,,,,,,,,,,,,,,,,,,,,,3,3,mixed,normal,,,1,,,,2,8,7,,,0.002102242,COMPLETE
1197,1396.834839,58:37.8,02:43.7,0 days 00:04:05.926318,4,128,,,1,4,4,,,,,,,,,,,,,,,,,,,,,,,,,,,,,,,,,,,,,,,,6,3,mixed,normal,normal,normal,1,,,,4,10,9,1,4,0.008078619,COMPLETE
1198,,02:43.7,06:47.0,0 days 00:04:03.278467,2,96,,,1,4,4,9,2,2,7,7,,,,,4,4,2,6,9,,,,,,,,,,,,,,,,,,,,,,,,,,6,4,mixed,mixed,normal,normal,6,5,,,4,4,4,1,10,0.003730107,FAIL
1199,,06:47.0,10:56.6,0 days 00:04:09.531440,2,32,,,1,2,8,2,10,8,2,5,7,2,8,,6,8,3,7,5,4,2,8,8,9,,,,,,,,,,,,,,,,,,,,,5,8,mixed,mixed,,,9,10,,,2,9,2,,,0.001319733,FAIL
1200,,10:56.6,15:02.8,0 days 00:04:06.233198,1,128,64,,2,2,7,4,3,4,4,4,3,,,,2,9,2,8,3,,,,,,,,,,,,,,,,,,,,,,,,,,3,7,mixed,mixed,,,7,5,,,2,4,3,,,0.005676362,FAIL
1201,1293.766235,15:02.8,19:05.1,0 days 00:04:02.273833,3,128,8,,2,2,,,,,,,,,,,4,8,8,4,,,,,,,,,,,,,,,,,,,,,,,,,,,3,5,normal,mixed,normal,,,4,,,3,9,5,6,,0.003714181,COMPLETE
1202,,19:05.1,23:10.3,0 days 00:04:05.239397,3,128,32,32,3,5,7,8,3,3,2,,,,,,,,,,,,,,,,,,,,,,,,,,,,,,,,,,,,4,5,mixed,normal,,,5,,,,2,1,2,,,0.003213484,FAIL
1203,713.6842041,23:10.3,27:08.9,0 days 00:03:58.596523,2,32,,,1,4,2,9,8,9,5,3,,,,,,,,,,,,,,,,,,,,,,,,,,,,,,,,,,,7,4,mixed,,,,6,,,,1,8,,,,0.008705865,COMPLETE
1204,584.2302246,27:08.9,31:14.4,0 days 00:04:05.480033,1,16,32,,2,2,,,,,,,,,,,,,,,,,,,,,10,4,6,10,8,5,9,2,7,6,10,3,10,7,7,7,5,3,8,5,4,6,normal,normal,mixed,mixed,,,10,10,4,1,7,4,8,0.002563113,COMPLETE
1205,852.5715332,31:14.4,35:19.3,0 days 00:04:04.932273,1,16,32,96,3,4,,,,,,,,,,,,,,,,,,,,,3,6,8,10,4,2,4,10,,,,,,,,,,,,,5,5,normal,normal,mixed,,,,8,,3,3,9,10,,0.002125959,COMPLETE
1206,1030.320068,35:19.3,39:20.0,0 days 00:04:00.630124,3,64,8,64,3,2,,,,,,,,,,,,,,,,,,,,,,,,,,,,,,,,,,,,,,,,,7,6,normal,normal,,,,,,,2,1,4,,,0.001416792,COMPLETE
1207,1147.880859,39:20.0,43:17.0,0 days 00:03:57.053182,1,96,128,96,3,2,6,8,3,3,10,,,,,,,,,,,,,,,,,,,,,,,,,,,,,,,,,,,,8,4,mixed,,,,5,,,,1,2,,,,0.008193295,COMPLETE
1208,,43:17.0,47:28.8,0 days 00:04:11.743325,2,96,8,16,3,5,9,4,9,6,2,5,3,10,,,3,7,10,6,10,9,10,10,5,5,8,10,2,5,4,10,10,,,,,,,,,,,,,,8,3,mixed,mixed,mixed,normal,8,10,7,,4,9,8,9,10,0.0047803,FAIL
1209,,47:28.8,51:39.1,0 days 00:04:10.309573,2,96,8,16,3,5,10,4,10,6,2,5,2,10,,,3,7,10,6,10,10,10,10,5,5,8,10,4,5,4,10,10,,,,,,,,,,,,,,8,3,mixed,mixed,mixed,normal,8,10,7,,4,9,8,9,10,0.004554891,FAIL
1210,,51:39.1,55:49.5,0 days 00:04:10.414059,2,96,8,16,3,5,10,4,9,6,2,5,2,10,,,3,7,10,6,10,10,10,10,5,5,8,10,2,5,4,10,10,,,,,,,,,,,,,,8,3,mixed,mixed,mixed,normal,8,10,7,,4,9,8,9,10,0.004539117,FAIL
1211,,55:49.5,59:58.3,0 days 00:04:08.778362,2,96,8,16,3,5,10,4,10,6,2,10,2,10,,,3,7,10,6,10,10,10,10,5,5,8,10,2,6,4,10,10,,,,,,,,,,,,,,8,3,mixed,mixed,mixed,normal,8,10,7,,4,9,2,9,10,0.004848146,FAIL
1212,,59:58.3,04:10.6,0 days 00:04:12.328654,2,96,8,16,3,5,10,4,10,6,2,5,2,10,,,3,7,10,6,10,8,9,10,5,4,8,10,2,5,4,10,10,,,,,,,,,,,,,,8,3,mixed,mixed,mixed,normal,8,10,7,,4,9,8,9,10,0.004730476,FAIL
1213,,04:10.6,08:20.2,0 days 00:04:09.615597,2,96,8,16,3,5,10,4,10,6,2,5,2,10,,,3,7,10,6,10,10,10,10,5,5,8,10,2,5,4,10,10,,,,,,,,,,,,,,8,3,mixed,mixed,mixed,normal,8,10,7,,4,9,8,9,10,0.001213458,FAIL
1214,,08:20.2,12:29.2,0 days 00:04:09.003885,2,96,8,16,3,5,10,4,10,6,2,5,2,10,,,3,7,10,6,10,10,10,10,5,5,8,10,2,5,4,10,10,10,,,,,,,,,,,,,8,3,mixed,mixed,mixed,normal,8,10,8,,4,9,8,9,10,0.001240252,FAIL
1215,,12:29.2,16:41.2,0 days 00:04:11.945876,2,96,8,16,3,5,10,4,10,6,2,5,2,10,,,3,7,10,6,10,10,10,10,5,5,8,10,2,5,4,10,10,,,,,,,,,,,,,,8,3,mixed,mixed,mixed,normal,8,10,7,,4,9,8,9,10,0.004832724,FAIL
1216,,16:41.2,20:52.0,0 days 00:04:10.833232,2,96,8,16,3,5,10,4,10,6,2,10,2,10,,,3,7,10,6,10,9,10,10,5,4,8,10,2,5,4,10,10,10,,,,,,,,,,,,,8,3,mixed,mixed,mixed,normal,8,10,8,,4,9,8,9,10,0.001247024,FAIL
1217,,20:52.0,25:06.4,0 days 00:04:14.368735,2,96,8,16,3,5,10,4,10,6,2,5,2,10,,,3,7,5,5,10,10,10,10,5,,8,10,2,5,4,4,10,10,,,,,,,,,,,,,8,3,mixed,mixed,mixed,normal,8,9,8,,4,9,8,9,10,0.004735731,FAIL
1218,,25:06.4,29:20.9,0 days 00:04:14.507032,2,96,8,16,3,5,10,4,10,6,2,5,2,10,,,3,7,10,6,10,9,10,10,5,5,8,10,2,5,4,10,10,,,,,,,,,,,,,,8,3,mixed,mixed,mixed,normal,8,10,7,,4,9,8,9,10,0.001254974,FAIL
1219,,29:20.9,33:35.6,0 days 00:04:14.637565,2,96,8,16,3,5,10,4,10,6,2,5,2,10,,,3,7,10,6,10,10,10,10,5,5,8,10,2,5,4,10,10,,,,,,,,,,,,,,8,3,mixed,mixed,mixed,normal,8,10,7,,4,9,8,9,10,0.001253547,FAIL
1220,,33:35.6,37:47.2,0 days 00:04:11.603236,2,96,8,16,3,5,10,4,9,6,2,5,2,10,,,3,7,10,6,10,9,10,10,5,5,8,10,2,5,4,10,10,,,,,,,,,,,,,,8,3,mixed,mixed,mixed,normal,8,10,7,,4,9,8,9,10,0.00122602,FAIL
1221,,37:47.2,41:58.7,0 days 00:04:11.574742,2,96,8,16,3,5,10,4,10,6,2,5,2,9,,,3,7,10,6,10,9,10,10,5,5,8,10,2,6,4,10,10,,,,,,,,,,,,,,8,3,mixed,mixed,mixed,normal,8,10,7,,4,9,8,9,4,0.004620159,FAIL
1222,,41:58.7,46:12.3,0 days 00:04:13.558814,2,96,8,16,3,5,10,4,10,6,2,5,2,10,,,3,7,10,6,10,10,10,10,5,5,8,10,2,5,4,10,10,,,,,,,,,,,,,,8,3,mixed,mixed,mixed,normal,8,10,7,,4,9,8,9,10,0.00452853,FAIL
1223,,46:12.3,50:23.5,0 days 00:04:11.198108,2,96,8,16,3,5,10,4,10,6,2,5,3,10,,,3,7,10,6,10,10,10,10,6,5,8,10,2,5,4,10,10,,,,,,,,,,,,,,8,3,mixed,mixed,mixed,normal,8,10,7,,4,9,8,9,10,0.004743463,FAIL
1224,,50:23.5,54:37.8,0 days 00:04:14.245734,2,96,8,16,3,5,10,4,10,6,2,5,2,10,,,3,7,10,6,10,10,10,10,5,5,8,10,2,5,4,10,10,,,,,,,,,,,,,,8,3,mixed,mixed,mixed,normal,8,10,7,,4,9,8,9,10,0.001224003,FAIL
1225,,54:37.8,58:51.9,0 days 00:04:14.171435,2,96,8,16,3,5,10,4,10,6,2,5,2,10,,,3,7,10,6,10,10,10,10,5,5,8,10,2,5,4,10,10,,,,,,,,,,,,,,8,3,mixed,mixed,mixed,normal,8,10,7,,4,9,8,9,10,0.004659842,FAIL
1226,,58:51.9,03:05.1,0 days 00:04:13.215344,2,96,8,16,3,5,10,4,10,6,2,5,2,10,,,3,7,10,6,10,10,10,10,5,5,8,10,2,5,4,10,10,,,,,,,,,,,,,,8,3,mixed,mixed,mixed,normal,8,10,7,,4,9,8,9,10,0.004377503,FAIL
1227,,03:05.2,07:13.5,0 days 00:04:08.327982,2,96,8,16,3,5,10,4,10,6,2,5,2,10,,,3,7,10,6,10,10,10,10,5,5,8,10,2,6,4,10,10,,,,,,,,,,,,,,8,3,mixed,mixed,mixed,normal,8,10,7,,4,9,8,9,10,0.004433094,FAIL
1228,,07:13.5,11:25.6,0 days 00:04:12.095025,2,96,8,16,3,5,10,4,10,6,2,5,2,10,,,3,7,10,6,10,10,10,10,5,5,8,10,2,5,4,10,10,,,,,,,,,,,,,,8,3,mixed,mixed,mixed,normal,8,10,7,,4,9,8,9,4,0.004225791,FAIL
1229,,11:25.6,15:37.8,0 days 00:04:12.210103,2,96,8,16,3,5,10,5,10,6,2,5,3,10,,,3,7,5,6,10,10,10,10,5,4,8,10,2,5,4,10,10,,,,,,,,,,,,,,8,3,mixed,mixed,mixed,normal,8,10,7,,4,9,8,9,4,0.004573023,FAIL
1230,,15:37.8,19:49.5,0 days 00:04:11.695497,2,96,8,16,3,5,10,4,10,6,2,5,2,10,10,,3,7,10,6,10,10,10,10,5,5,7,10,2,5,4,10,10,,,,,,,,,,,,,,8,4,mixed,mixed,mixed,normal,9,10,7,,4,9,8,9,10,0.004259951,FAIL
1231,,19:49.5,24:03.2,0 days 00:04:13.711915,2,96,8,16,3,5,10,4,9,6,2,5,2,10,,,3,7,10,6,10,10,10,10,5,5,8,10,2,5,4,10,10,,,,,,,,,,,,,,8,3,mixed,mixed,mixed,normal,8,10,7,,4,9,8,9,10,0.004655072,FAIL
1232,,24:03.2,28:17.4,0 days 00:04:14.235177,2,96,8,16,3,5,10,4,10,6,2,5,2,10,,,3,7,5,6,9,9,10,10,5,5,8,10,2,5,4,10,10,,,,,,,,,,,,,,8,3,mixed,mixed,mixed,normal,8,10,7,,4,9,8,9,10,0.004412437,FAIL
1233,,28:17.5,32:32.4,0 days 00:04:14.922928,2,96,8,16,3,5,10,4,10,6,2,5,3,10,,,3,7,10,6,10,10,10,10,5,5,8,8,2,5,4,5,10,,,,,,,,,,,,,,8,3,mixed,mixed,mixed,normal,8,10,7,,4,9,8,9,10,0.004495087,FAIL
1234,,32:32.4,36:45.4,0 days 00:04:13.004989,2,96,8,16,3,5,9,5,10,6,2,5,3,10,,,3,7,10,6,10,10,10,10,5,5,8,10,2,5,4,10,10,,,,,,,,,,,,,,8,3,mixed,mixed,mixed,normal,8,10,7,,4,9,8,9,10,0.004644247,FAIL
1235,,36:45.4,40:59.3,0 days 00:04:13.932602,2,96,8,16,3,5,10,4,9,6,2,5,2,10,,,3,7,10,6,10,10,10,10,5,5,8,10,2,5,4,10,10,,,,,,,,,,,,,,8,3,mixed,mixed,mixed,normal,8,10,7,,4,9,2,9,4,0.004959644,FAIL
1236,,40:59.3,45:09.0,0 days 00:04:09.721432,2,96,8,16,3,5,10,4,9,6,2,5,2,10,,,3,7,10,6,10,9,10,10,5,5,8,10,2,5,4,10,10,,,,,,,,,,,,,,8,3,mixed,mixed,mixed,normal,8,10,7,,4,9,8,9,10,0.00445725,FAIL
1237,,45:09.0,49:20.0,0 days 00:04:10.972531,2,96,8,16,3,5,10,4,10,6,2,5,2,10,,,3,7,5,6,10,10,10,10,5,5,8,10,2,5,4,10,10,,,,,,,,,,,,,,8,3,mixed,mixed,mixed,normal,8,10,7,,4,9,8,9,10,0.001258064,FAIL
1238,,49:20.0,53:31.3,0 days 00:04:11.290174,2,96,8,16,3,5,10,5,10,6,2,5,2,10,,,3,7,5,6,10,10,10,10,5,5,8,10,2,5,4,4,10,,,,,,,,,,,,,,8,3,mixed,mixed,mixed,normal,8,10,7,,4,9,8,9,10,0.00123549,FAIL
1239,,53:31.3,57:42.6,0 days 00:04:11.260215,2,96,8,16,3,5,10,4,9,6,2,5,2,10,,,3,7,10,6,10,9,10,10,5,5,8,10,2,5,4,10,10,,,,,,,,,,,,,,8,3,mixed,mixed,mixed,normal,8,10,7,,4,9,8,9,10,0.002854989,FAIL
1240,,57:42.6,01:55.4,0 days 00:04:12.840057,2,96,8,16,3,5,10,4,10,6,2,5,2,9,,,3,7,10,6,10,10,10,10,5,5,8,8,2,5,4,10,10,,,,,,,,,,,,,,8,3,mixed,mixed,mixed,normal,8,10,7,,4,9,8,9,10,0.004667564,FAIL
1241,,01:55.4,06:07.7,0 days 00:04:12.248130,2,96,8,16,3,5,10,4,10,6,2,5,2,10,,,3,7,10,6,10,10,10,10,5,5,8,10,2,5,4,10,6,,,,,,,,,,,,,,8,3,mixed,mixed,mixed,normal,8,10,7,,4,9,8,9,10,0.00491856,FAIL
1242,,06:07.7,10:14.9,0 days 00:04:07.228940,2,96,8,16,3,5,10,4,9,6,2,5,4,10,,,3,7,10,6,10,10,10,10,5,5,8,10,2,5,4,10,10,,,,,,,,,,,,,,8,3,mixed,mixed,mixed,normal,8,10,7,,4,9,8,9,10,0.005035523,FAIL
1243,,10:14.9,14:24.7,0 days 00:04:09.807318,2,96,8,16,3,5,10,4,10,6,2,5,2,9,,,3,7,10,6,10,5,10,10,5,5,8,10,2,5,4,10,10,,,,,,,,,,,,,,8,3,mixed,mixed,mixed,normal,8,10,7,,4,9,8,9,4,0.00476548,FAIL
1244,,14:24.7,18:35.0,0 days 00:04:10.238275,2,96,8,16,3,5,10,4,10,6,2,5,2,10,,,3,7,10,6,10,8,10,10,5,5,8,8,2,5,4,10,10,2,,,,,,,,,,,,,8,3,mixed,mixed,mixed,normal,8,10,8,,4,9,8,9,10,0.004432243,FAIL
1245,,18:35.0,22:44.8,0 days 00:04:09.797832,2,96,8,16,3,5,10,4,10,6,2,5,2,10,,,3,7,5,6,10,10,10,10,5,5,8,10,2,5,4,10,10,,,,,,,,,,,,,,8,3,mixed,mixed,mixed,normal,8,10,7,,4,9,8,9,10,0.004596123,FAIL
1246,,22:44.8,26:54.6,0 days 00:04:09.852569,2,96,8,16,3,5,10,4,10,6,2,5,3,10,,,3,7,10,6,10,10,10,10,5,5,8,10,2,5,4,10,10,,,,,,,,,,,,,,8,3,mixed,mixed,mixed,normal,8,10,7,,4,9,8,9,10,0.003015575,FAIL
1247,,26:54.6,31:06.6,0 days 00:04:11.962692,2,96,8,16,3,5,10,5,10,6,2,5,2,10,,,3,7,5,6,10,9,10,10,5,5,8,10,2,5,4,10,10,,,,,,,,,,,,,,8,3,mixed,mixed,mixed,normal,8,10,7,,4,9,8,9,10,0.004439851,FAIL
1248,,31:06.6,35:15.3,0 days 00:04:08.663447,2,96,8,16,3,5,10,4,8,6,2,10,2,10,,,3,7,10,6,10,9,10,10,6,5,8,10,2,5,4,10,10,,,,,,,,,,,,,,8,3,mixed,mixed,mixed,normal,8,10,7,,4,9,8,9,10,0.004472089,FAIL
1249,,35:15.3,39:23.8,0 days 00:04:08.554423,2,96,8,16,3,5,10,4,10,5,2,10,2,10,,,3,7,10,6,10,10,10,10,5,5,8,10,2,5,4,10,10,,,,,,,,,,,,,,8,3,mixed,mixed,mixed,normal,8,10,7,,4,9,8,9,10,0.004615219,FAIL
1250,,39:23.8,43:33.8,0 days 00:04:10.018527,2,96,8,16,3,5,10,4,10,6,2,5,2,10,,,3,7,10,6,10,10,10,10,5,5,8,10,2,5,4,10,10,,,,,,,,,,,,,,8,3,mixed,mixed,mixed,normal,8,10,7,,4,9,8,9,10,0.00124985,FAIL
1251,,43:33.8,47:41.6,0 days 00:04:07.734998,2,96,8,16,3,5,10,4,10,6,2,5,2,10,,,3,7,10,6,10,10,10,10,5,5,8,10,2,5,4,10,10,,,,,,,,,,,,,,8,4,mixed,mixed,mixed,normal,8,10,7,,4,9,8,9,10,0.002967015,FAIL
1252,,47:41.6,51:51.7,0 days 00:04:10.135082,2,96,8,16,3,5,10,4,10,6,2,5,2,10,,,3,7,10,6,10,9,10,10,5,5,8,10,2,5,4,10,10,,,,,,,,,,,,,,8,3,mixed,mixed,mixed,normal,8,10,7,,4,9,8,9,10,0.001238791,FAIL
1253,,51:51.7,56:02.5,0 days 00:04:10.787288,2,96,8,16,3,5,10,5,10,6,2,10,2,10,,,3,7,10,6,10,10,10,10,5,5,8,10,2,5,4,10,10,,,,,,,,,,,,,,8,3,mixed,mixed,mixed,normal,8,10,7,,4,9,8,9,10,0.002867493,FAIL
1254,,56:02.5,00:15.3,0 days 00:04:12.752307,2,96,8,16,3,5,,,,,,,,,,,3,7,10,6,10,9,10,10,5,5,8,10,2,5,4,10,10,,,,,,,,,,,,,,8,3,normal,mixed,mixed,normal,,10,7,,4,9,8,9,10,0.001256429,FAIL
1255,,00:15.3,04:26.9,0 days 00:04:11.626938,2,96,8,16,3,5,10,4,10,6,2,10,2,10,,,3,7,10,6,10,10,10,10,6,5,7,10,2,5,4,10,10,,,,,,,,,,,,,,8,3,mixed,mixed,mixed,normal,8,10,7,,4,9,8,9,10,0.004581131,FAIL
1256,,04:26.9,08:38.1,0 days 00:04:11.169146,2,96,8,16,3,5,10,4,10,6,2,5,2,10,,,3,7,10,6,10,10,10,10,5,5,8,10,2,5,4,10,10,,,,,,,,,,,,,,8,3,mixed,mixed,mixed,normal,8,10,7,,4,9,8,9,10,0.00480164,FAIL
1257,,08:38.1,12:49.1,0 days 00:04:11.061697,2,96,8,16,3,5,10,4,10,6,2,5,2,10,,,3,7,10,6,10,10,10,10,5,5,8,10,2,5,4,10,10,,,,,,,,,,,,,,8,3,mixed,mixed,mixed,normal,8,10,7,,4,9,8,9,10,0.004607443,FAIL
1258,,12:49.1,17:01.0,0 days 00:04:11.864716,2,96,8,16,3,5,9,4,10,6,2,5,2,10,,,3,7,10,6,10,10,10,10,5,5,8,10,2,5,4,10,10,,,,,,,,,,,,,,8,3,mixed,mixed,mixed,normal,8,10,7,,4,9,8,9,4,0.004544779,FAIL
1259,,17:01.0,21:10.9,0 days 00:04:09.904205,2,96,8,16,3,5,10,4,10,6,2,5,2,10,,,3,7,10,6,10,10,10,10,5,5,8,10,2,5,4,10,10,,,,,,,,,,,,,,8,3,mixed,mixed,mixed,normal,8,10,7,,4,9,8,9,10,0.001240224,FAIL
1260,,21:10.9,25:21.5,0 days 00:04:10.630466,2,96,8,16,3,5,10,4,10,6,2,5,2,10,10,,3,7,10,6,10,10,10,10,5,5,8,10,2,6,4,10,10,,,,,,,,,,,,,,8,3,mixed,mixed,mixed,normal,9,10,7,,4,9,8,9,10,0.004399411,FAIL
1261,,25:21.5,29:27.2,0 days 00:04:05.683182,2,96,8,16,3,5,10,4,10,6,2,10,2,10,,,3,7,10,6,10,9,10,10,5,5,8,10,2,5,5,4,10,,,,,,,,,,,,,,8,3,mixed,mixed,mixed,normal,8,10,7,,4,9,2,9,4,0.004474185,FAIL
1262,,29:27.2,33:35.3,0 days 00:04:08.043555,2,96,8,16,3,5,10,4,9,6,2,5,2,10,,,3,7,10,6,10,9,10,10,5,5,8,10,2,5,4,4,10,,,,,,,,,,,,,,8,3,mixed,mixed,mixed,normal,8,10,7,,4,9,8,9,4,0.004707454,FAIL
1263,,33:35.3,37:40.1,0 days 00:04:04.799846,2,96,8,16,3,5,10,5,9,6,2,10,2,10,,,3,7,10,6,10,10,10,10,5,4,8,10,2,5,4,4,10,,,,,,,,,,,,,,8,3,mixed,mixed,mixed,normal,8,10,7,,4,9,8,9,10,0.001259107,FAIL
1264,,37:40.1,41:49.5,0 days 00:04:09.439713,2,96,8,16,3,5,10,4,10,6,2,5,3,10,,,3,7,10,6,10,10,10,10,5,5,8,10,2,5,4,10,10,,,,,,,,,,,,,,8,3,mixed,mixed,mixed,normal,8,10,7,,4,9,8,9,10,0.004694602,FAIL
1265,,41:49.5,45:55.9,0 days 00:04:06.410568,2,96,8,16,3,5,,,,,,,,,,,3,7,10,6,10,10,10,10,5,5,8,10,2,5,4,10,10,,,,,,,,,,,,,,8,3,normal,mixed,mixed,normal,,10,7,,4,9,8,9,4,0.001219969,FAIL
1266,,45:55.9,50:01.7,0 days 00:04:05.774422,2,96,8,16,3,5,10,4,9,6,2,5,2,10,,,3,7,10,6,10,10,10,10,5,5,8,10,2,5,4,10,10,,,,,,,,,,,,,,8,3,mixed,mixed,mixed,normal,8,10,7,,4,9,8,9,10,0.001229359,FAIL
1267,,50:01.7,54:10.4,0 days 00:04:08.647019,2,96,8,16,3,5,10,4,9,6,2,5,3,10,,,3,7,10,6,10,9,10,10,5,5,7,10,2,5,4,4,10,,,,,,,,,,,,,,8,3,mixed,mixed,mixed,normal,8,10,7,,4,9,2,9,10,0.00463476,FAIL
1268,,54:10.4,58:15.6,0 days 00:04:05.256380,2,96,8,16,3,5,9,5,10,6,2,5,4,10,,,3,7,10,6,10,9,10,10,5,5,8,10,2,6,4,10,10,,,,,,,,,,,,,,8,3,mixed,mixed,mixed,normal,8,10,7,,4,9,8,9,10,0.004872325,FAIL
1269,,58:15.6,02:19.0,0 days 00:04:03.353269,2,96,8,16,3,5,9,4,10,6,7,5,2,10,,,3,7,10,6,10,9,10,10,5,5,8,10,2,5,4,10,10,,,,,,,,,,,,,,8,3,mixed,mixed,mixed,normal,8,10,7,,4,9,8,9,10,0.004632581,FAIL
1270,,02:19.0,06:23.6,0 days 00:04:04.649898,2,96,8,16,3,5,10,4,10,6,2,5,3,10,,,3,7,10,6,10,10,10,10,5,5,8,10,2,5,4,10,10,,,,,,,,,,,,,,8,3,mixed,mixed,mixed,normal,8,10,7,,4,9,8,9,10,0.004556718,FAIL
1271,,06:23.6,10:28.3,0 days 00:04:04.700932,2,96,8,16,3,5,10,4,10,6,2,5,2,10,,,3,7,5,6,10,9,10,10,5,5,8,10,2,5,4,4,10,,,,,,,,,,,,,,8,4,mixed,mixed,mixed,normal,8,10,7,,4,9,8,9,10,0.004621622,FAIL
1272,,10:28.3,14:36.6,0 days 00:04:08.241624,2,96,8,16,3,5,10,4,10,6,2,5,2,8,,,3,7,5,6,10,10,10,10,5,5,8,10,2,5,4,10,10,,,,,,,,,,,,,,8,3,mixed,mixed,mixed,normal,8,10,7,,4,9,8,9,10,0.004523398,FAIL
1273,,14:36.6,18:48.5,0 days 00:04:11.942090,2,96,8,16,3,5,10,4,10,6,2,5,2,10,,,3,7,10,6,10,9,10,10,5,,8,10,2,5,4,10,10,,,,,,,,,,,,,,8,3,mixed,mixed,mixed,normal,8,9,7,,4,9,8,9,10,0.004619607,FAIL
1274,,18:48.5,22:58.7,0 days 00:04:10.159908,2,96,8,16,3,5,10,4,10,6,2,5,2,10,,,3,7,5,6,10,10,10,10,5,5,8,10,2,5,4,10,10,,,,,,,,,,,,,,8,3,mixed,mixed,mixed,normal,8,10,7,,4,9,8,9,10,0.004510162,FAIL
1275,,22:58.7,27:07.3,0 days 00:04:08.557412,2,96,8,16,3,5,9,4,10,6,2,5,3,10,,,3,7,10,6,10,10,10,10,5,5,8,10,2,5,4,10,10,,,,,,,,,,,,,,8,3,mixed,mixed,mixed,normal,8,10,7,,4,9,8,9,4,0.004658015,FAIL
1276,,27:07.3,31:11.1,0 days 00:04:03.877663,2,96,8,16,3,5,10,4,10,6,2,5,4,10,,,3,7,10,6,10,10,10,10,5,5,8,10,2,5,4,4,10,,,,,,,,,,,,,,8,4,mixed,mixed,mixed,normal,8,10,7,,4,9,8,9,10,0.001234299,FAIL
1277,,31:11.1,35:18.1,0 days 00:04:07.009801,2,96,8,16,3,5,10,4,8,6,2,5,2,10,,,3,7,10,6,10,10,10,10,5,5,8,10,2,5,4,4,10,,,,,,,,,,,,,,8,3,mixed,mixed,mixed,normal,8,10,7,,4,9,8,9,10,0.00298323,FAIL
1278,,35:18.2,39:28.8,0 days 00:04:10.662797,2,96,8,16,3,5,10,4,10,6,2,5,2,10,,,3,7,10,6,10,10,10,10,5,5,8,10,2,5,4,4,10,,,,,,,,,,,,,,8,3,mixed,mixed,mixed,normal,8,10,7,,4,9,8,9,4,0.004541351,FAIL
1279,,39:28.8,43:36.7,0 days 00:04:07.859611,2,96,8,16,3,5,10,4,10,6,2,5,2,10,,,3,7,10,6,10,10,10,10,5,5,8,10,2,5,4,10,10,,,,,,,,,,,,,,8,3,mixed,mixed,mixed,normal,8,10,7,,4,9,8,9,10,0.002817195,FAIL
1280,,43:36.7,47:44.6,0 days 00:04:07.965430,2,96,8,16,3,5,10,4,9,6,2,5,2,9,,,3,7,10,6,10,10,10,10,5,5,8,8,2,5,4,10,10,,,,,,,,,,,,,,8,3,mixed,mixed,mixed,normal,8,10,7,,4,9,8,9,10,0.004323349,FAIL
1281,,47:44.6,51:52.0,0 days 00:04:07.393192,2,96,8,16,3,5,10,4,10,6,2,5,2,10,,,3,7,5,6,10,10,10,10,5,5,8,10,2,5,4,4,10,,,,,,,,,,,,,,8,4,mixed,mixed,mixed,normal,8,10,7,,4,9,8,9,10,0.002893664,FAIL
1282,,51:52.0,56:03.8,0 days 00:04:11.729309,2,96,8,16,3,5,10,4,10,6,2,5,3,10,,,3,7,10,6,10,10,10,10,5,5,8,10,2,5,4,5,10,,,,,,,,,,,,,,8,3,mixed,mixed,mixed,normal,8,10,7,,4,9,8,9,10,0.00453198,FAIL
1283,,56:03.8,00:17.4,0 days 00:04:13.589097,2,96,8,16,3,5,10,4,10,6,2,5,2,10,,,3,7,5,6,10,10,10,10,5,5,8,10,2,5,4,10,10,,,,,,,,,,,,,,8,3,mixed,mixed,mixed,normal,8,10,7,,4,9,2,9,10,0.00460966,FAIL
1284,,00:17.4,04:28.9,0 days 00:04:11.545669,2,96,8,16,3,5,10,5,10,6,2,5,2,10,,,3,7,10,6,10,10,10,10,6,5,8,10,2,5,4,10,10,,,,,,,,,,,,,,8,3,mixed,mixed,mixed,normal,8,10,7,,4,9,8,9,10,0.00291266,FAIL
1285,,04:28.9,08:42.2,0 days 00:04:13.291202,2,96,8,16,3,5,10,4,10,6,2,5,2,10,,,3,7,10,6,10,10,10,10,5,5,8,10,2,5,4,10,10,,,,,,,,,,,,,,8,3,mixed,mixed,mixed,normal,8,10,7,,4,9,8,9,10,0.004292767,FAIL
1286,,08:42.2,12:54.5,0 days 00:04:12.298740,2,96,8,16,3,5,10,4,10,6,2,5,2,10,,,3,7,10,6,10,10,10,10,5,5,8,10,4,5,4,10,10,,,,,,,,,,,,,,8,3,mixed,mixed,mixed,normal,8,10,7,,4,9,8,9,4,0.004704114,FAIL
1287,,12:54.5,17:08.4,0 days 00:04:13.874513,2,96,8,16,3,5,10,4,10,6,2,5,2,10,,,3,7,10,6,10,10,10,10,5,,8,10,2,5,4,4,10,,,,,,,,,,,,,,8,3,mixed,mixed,mixed,normal,8,9,7,,4,9,8,9,10,0.004562646,FAIL
1288,,17:08.4,21:23.4,0 days 00:04:14.979534,2,96,8,16,3,5,10,4,9,6,2,5,2,10,,,3,7,10,6,10,9,10,10,5,5,8,10,2,5,4,10,10,,,,,,,,,,,,,,8,3,mixed,mixed,mixed,normal,8,10,7,,4,9,2,9,10,0.004754175,FAIL
1289,,21:23.4,25:36.9,0 days 00:04:13.556020,2,96,8,16,3,5,10,4,9,6,2,5,2,10,,,3,7,10,6,10,10,10,10,5,5,8,10,2,5,4,10,10,,,,,,,,,,,,,,8,3,mixed,mixed,mixed,normal,8,10,7,,4,9,8,9,10,0.001261599,FAIL
1290,,25:36.9,29:52.5,0 days 00:04:15.574841,2,96,8,16,3,5,10,4,9,6,2,5,2,9,,,3,7,10,6,10,9,10,10,5,5,8,10,2,5,4,10,10,,,,,,,,,,,,,,8,3,mixed,mixed,mixed,normal,8,10,7,,4,9,8,9,10,0.004280384,FAIL
1291,,29:52.5,34:05.1,0 days 00:04:12.596149,2,96,8,16,3,5,10,4,10,6,2,5,3,10,,,3,7,10,6,10,10,10,10,5,5,8,10,2,5,4,10,10,,,,,,,,,,,,,,8,3,mixed,mixed,mixed,normal,8,10,7,,4,9,8,9,10,0.001217937,FAIL
1292,,34:05.1,38:19.2,0 days 00:04:14.107363,2,96,8,16,3,5,10,4,9,6,2,5,2,9,,,3,7,10,6,10,10,10,10,5,5,8,10,4,5,4,10,10,,,,,,,,,,,,,,8,3,mixed,mixed,mixed,normal,8,10,7,,4,9,8,9,10,0.00125256,FAIL
1293,,38:19.2,42:31.4,0 days 00:04:12.129741,2,96,8,16,3,5,10,4,10,6,2,5,3,10,,,3,7,10,6,10,9,10,10,5,5,8,10,2,5,4,10,10,,,,,,,,,,,,,,8,3,mixed,mixed,mixed,normal,8,10,7,,4,9,8,9,10,0.004642712,FAIL
1294,,42:31.4,46:44.3,0 days 00:04:12.969475,2,96,8,16,3,5,10,4,10,6,2,5,2,10,,,3,7,10,6,10,10,10,10,5,5,8,10,2,5,4,10,10,,,,,,,,,,,,,,8,3,mixed,mixed,mixed,normal,8,10,7,,4,9,8,9,10,0.004728952,FAIL
1295,,46:44.3,50:55.2,0 days 00:04:10.892791,2,96,8,16,3,5,10,4,10,6,2,5,3,10,,,3,7,10,6,10,10,10,10,5,5,8,10,2,5,4,10,10,,,,,,,,,,,,,,8,3,mixed,mixed,mixed,normal,8,10,7,,4,9,8,9,10,0.00470575,FAIL
1296,,50:55.2,55:00.1,0 days 00:04:04.843523,2,96,8,16,3,5,10,4,9,6,2,5,2,10,,,3,7,10,6,10,10,10,10,5,4,8,10,2,5,4,10,10,,,,,,,,,,,,,,8,3,mixed,mixed,mixed,normal,8,10,7,,4,9,8,9,10,0.004282993,FAIL
1297,,55:00.1,59:07.9,0 days 00:04:07.777870,2,96,8,16,3,5,10,4,10,6,2,5,2,9,10,,3,7,10,6,10,9,10,10,5,5,8,10,2,5,4,10,10,,,,,,,,,,,,,,8,4,mixed,mixed,mixed,normal,9,10,7,,4,9,8,9,10,0.001251163,FAIL
1298,,59:07.9,03:12.8,0 days 00:04:04.931848,2,96,8,16,3,5,10,4,10,6,7,5,3,9,,,3,7,10,6,10,10,10,10,5,5,8,10,2,5,4,10,10,,,,,,,,,,,,,,8,3,mixed,mixed,mixed,normal,8,10,7,,4,9,8,9,10,0.00460407,FAIL
1299,,03:12.8,07:18.9,0 days 00:04:06.057914,2,96,8,16,3,5,10,4,9,6,2,5,3,9,,,3,7,5,6,10,9,10,10,5,5,8,10,2,5,4,10,10,,,,,,,,,,,,,,8,3,mixed,mixed,mixed,normal,8,10,7,,4,9,8,9,10,0.004376793,FAIL
1300,,07:18.9,11:27.5,0 days 00:04:08.634493,2,96,8,16,3,5,10,4,8,6,2,5,3,10,,,3,7,10,6,10,10,10,10,5,5,7,10,2,5,4,10,10,,,,,,,,,,,,,,8,3,mixed,mixed,mixed,normal,8,10,7,,4,9,8,9,10,0.001240924,FAIL
1301,,11:27.5,15:36.0,0 days 00:04:08.553147,2,96,8,16,3,5,10,4,10,6,2,5,2,10,,,3,7,10,6,10,10,10,10,5,5,8,10,2,5,4,10,10,,,,,,,,,,,,,,8,3,mixed,mixed,mixed,normal,8,10,7,,4,9,8,9,10,0.004663861,FAIL
1302,,15:36.1,19:46.0,0 days 00:04:09.904672,2,96,8,16,3,5,10,4,10,6,2,5,2,10,,,3,7,10,6,10,10,10,10,5,5,8,10,2,5,4,10,10,,,,,,,,,,,,,,8,3,mixed,mixed,mixed,normal,8,10,7,,4,9,8,9,4,0.001229169,FAIL
1303,,19:46.0,23:56.5,0 days 00:04:10.561906,2,96,8,16,3,5,10,4,9,6,2,5,3,10,,,3,7,5,6,10,10,10,10,5,5,8,10,2,5,4,10,10,,,,,,,,,,,,,,8,3,mixed,mixed,mixed,normal,8,10,7,,4,9,2,9,10,0.001241633,FAIL
1304,,23:56.5,28:07.8,0 days 00:04:11.240025,2,96,8,16,3,5,10,4,10,6,2,10,2,10,,,3,7,10,6,10,10,10,10,6,5,8,10,2,5,4,10,10,,,,,,,,,,,,,,8,3,mixed,mixed,mixed,normal,8,10,7,,4,9,6,9,10,0.004954048,FAIL
1305,,28:07.8,32:17.7,0 days 00:04:09.914536,2,96,8,16,3,5,10,4,10,6,2,5,2,9,,,3,7,10,6,10,10,10,10,5,,8,10,2,5,4,10,10,,,,,,,,,,,,,,8,3,mixed,mixed,mixed,normal,8,9,7,,4,9,2,9,10,0.001231906,FAIL
1306,,32:17.7,36:27.3,0 days 00:04:09.638628,2,96,8,16,3,5,10,4,10,6,2,5,2,10,,,3,7,10,6,10,10,10,10,6,5,8,10,2,5,4,10,10,,,,,,,,,,,,,,8,3,mixed,mixed,mixed,normal,8,10,7,,4,9,8,9,10,0.004808814,FAIL
1307,,36:27.3,40:34.1,0 days 00:04:06.772355,2,96,8,16,3,5,10,4,10,6,2,5,2,10,,,3,7,10,6,10,10,10,10,5,5,8,10,2,5,4,10,10,,,,,,,,,,,,,,8,3,mixed,mixed,mixed,normal,8,10,7,,4,9,8,9,10,0.00289555,FAIL
1308,,40:34.1,44:41.6,0 days 00:04:07.461242,2,96,8,16,3,5,10,4,10,6,8,5,4,10,,,3,7,10,6,10,10,10,10,5,5,8,10,2,5,4,10,10,,,,,,,,,,,,,,8,3,mixed,mixed,mixed,normal,8,10,7,,4,9,8,9,10,0.004942529,FAIL
1309,,44:41.6,48:54.8,0 days 00:04:13.214879,2,96,8,16,3,5,10,5,10,6,2,5,2,10,,,3,7,10,6,10,10,10,10,5,5,8,10,2,5,4,10,10,,,,,,,,,,,,,,8,3,mixed,mixed,mixed,normal,8,10,7,,4,9,8,9,10,0.004815539,FAIL
1310,,48:54.8,53:07.9,0 days 00:04:13.098130,2,96,8,16,3,5,10,4,10,6,2,5,2,9,,,3,7,5,6,10,10,10,10,5,,8,10,4,5,4,10,10,,,,,,,,,,,,,,8,3,mixed,mixed,mixed,normal,8,9,7,,4,9,8,9,10,0.004433486,FAIL
1311,,53:07.9,57:18.7,0 days 00:04:10.767874,2,96,8,16,3,5,10,4,10,6,2,5,2,9,,,3,7,10,6,10,10,10,10,5,5,8,10,2,5,4,10,10,,,,,,,,,,,,,,8,3,mixed,mixed,mixed,normal,8,10,7,,4,9,8,9,10,0.001259691,FAIL
1312,,57:18.7,01:26.1,0 days 00:04:07.407299,2,96,8,16,3,5,10,4,10,6,2,5,2,10,,,3,7,10,6,10,10,10,10,5,5,8,10,2,5,4,4,10,,,,,,,,,,,,,,8,3,mixed,mixed,mixed,normal,8,10,7,,4,9,8,9,10,0.002900345,FAIL
1313,,01:26.1,05:35.0,0 days 00:04:08.884858,2,96,8,16,3,5,10,4,10,6,2,5,3,10,,,3,7,10,6,10,10,10,10,5,5,8,10,2,5,4,10,10,,,,,,,,,,,,,,8,4,mixed,mixed,mixed,normal,8,10,7,,4,9,8,9,10,0.004342642,FAIL
1314,,05:35.0,09:41.8,0 days 00:04:06.801827,2,96,8,16,3,5,10,4,10,6,2,5,2,9,,,3,7,10,6,10,9,10,10,5,5,8,10,4,5,4,10,10,,,,,,,,,,,,,,8,3,mixed,mixed,mixed,normal,8,10,7,,4,9,8,9,10,0.001243234,FAIL
1315,,09:41.8,13:51.1,0 days 00:04:09.354347,2,96,8,16,3,5,10,4,10,6,2,5,2,9,,,3,7,10,6,10,10,10,10,5,5,8,10,2,5,4,10,10,,,,,,,,,,,,,,8,3,mixed,mixed,mixed,normal,8,10,7,,4,9,8,9,10,0.004671844,FAIL
1316,,13:51.1,18:02.4,0 days 00:04:11.242527,2,96,8,16,3,5,10,4,9,6,2,5,2,10,,,3,7,10,6,10,10,10,10,5,5,8,10,2,5,4,10,10,,,,,,,,,,,,,,8,3,mixed,mixed,mixed,normal,8,10,7,,4,9,8,9,4,0.004600121,FAIL
1317,,18:02.4,22:11.6,0 days 00:04:09.190431,2,96,8,16,3,5,10,4,10,6,2,5,3,10,,,3,7,10,6,10,10,10,10,5,5,8,10,2,5,4,10,10,,,,,,,,,,,,,,8,3,mixed,mixed,mixed,normal,8,10,7,,4,9,8,9,10,0.004642295,FAIL
1318,,22:11.6,26:23.6,0 days 00:04:12.063262,2,96,8,16,3,5,10,4,9,6,2,5,3,10,,,3,7,10,6,10,8,10,10,5,5,8,10,2,5,4,4,10,,,,,,,,,,,,,,8,3,mixed,mixed,mixed,normal,8,10,7,,4,9,8,9,4,0.001246084,FAIL
1319,,26:23.6,30:33.6,0 days 00:04:09.961033,2,96,8,16,3,5,10,4,10,6,2,5,3,9,,,3,7,10,6,10,9,10,10,5,5,8,10,2,5,4,10,10,,,,,,,,,,,,,,8,3,mixed,mixed,mixed,normal,8,10,7,,4,9,8,9,10,0.004460321,FAIL
1320,,30:33.6,34:46.2,0 days 00:04:12.643267,2,96,8,16,3,5,9,4,10,6,2,5,2,10,,,3,7,10,6,10,10,10,10,5,5,8,10,2,5,4,4,10,,,,,,,,,,,,,,8,3,mixed,mixed,mixed,normal,8,10,7,,4,9,8,9,10,0.001258262,FAIL
1321,,34:46.2,38:58.3,0 days 00:04:12.022520,2,96,8,16,3,5,10,5,10,6,2,5,2,10,,,3,7,10,6,10,10,10,10,5,5,8,10,2,5,4,10,10,,,,,,,,,,,,,,8,3,mixed,mixed,mixed,normal,8,10,7,,4,9,8,9,10,0.004396026,FAIL
1322,,38:58.3,43:11.0,0 days 00:04:12.688335,2,96,8,16,3,5,10,4,10,6,2,5,2,10,,,3,7,10,6,10,10,10,10,5,5,8,10,2,5,4,10,10,,,,,,,,,,,,,,8,3,mixed,mixed,mixed,normal,8,10,7,,4,9,8,9,4,0.004411184,FAIL
1323,,43:11.0,47:22.3,0 days 00:04:11.308407,2,96,8,16,3,5,10,4,10,6,2,5,3,10,,,3,7,10,6,10,10,10,10,5,5,8,10,2,5,4,10,10,10,,,,,,,,,,,,,8,3,mixed,mixed,mixed,normal,8,10,8,,4,9,8,9,10,0.001253842,FAIL
1324,,47:22.3,51:32.7,0 days 00:04:10.395351,2,96,8,16,3,5,9,4,10,6,2,5,2,10,,,3,7,5,6,10,10,10,10,5,5,8,10,2,5,4,10,10,,,,,,,,,,,,,,8,3,mixed,mixed,mixed,normal,8,10,7,,4,9,8,9,10,0.005039169,FAIL
1325,,51:32.7,55:44.1,0 days 00:04:11.439870,2,96,8,16,3,5,10,4,10,6,2,5,2,10,,,3,7,10,6,10,10,10,10,5,5,8,10,2,5,4,10,10,,,,,,,,,,,,,,8,3,mixed,mixed,mixed,normal,8,10,7,,4,9,8,9,4,0.004458888,FAIL
1326,,55:44.1,59:54.8,0 days 00:04:10.714001,2,96,8,16,3,5,10,4,10,6,2,5,3,10,,,3,7,10,6,10,10,10,10,5,5,8,10,2,5,4,10,10,,,,,,,,,,,,,,8,3,mixed,mixed,mixed,normal,8,10,7,,4,9,8,9,10,0.004659725,FAIL
1327,,59:54.8,04:06.2,0 days 00:04:11.385094,2,96,8,16,3,5,10,4,8,6,2,5,2,10,,,3,7,10,6,10,10,10,10,5,,8,10,2,5,4,10,10,,,,,,,,,,,,,,8,3,mixed,mixed,mixed,normal,8,9,7,,4,9,8,9,4,0.001251187,FAIL
1328,,04:06.2,08:16.5,0 days 00:04:10.307079,2,96,8,16,3,5,10,4,9,6,2,5,3,10,,,3,7,5,6,10,10,10,10,5,5,8,10,2,5,4,10,10,,,,,,,,,,,,,,8,3,mixed,mixed,mixed,normal,8,10,7,,4,9,8,9,10,0.004592823,FAIL
1329,,08:16.5,12:30.1,0 days 00:04:13.529478,2,96,8,16,3,5,10,4,10,6,2,5,4,10,,,3,7,5,6,10,10,10,10,5,5,8,10,2,5,4,4,10,,,,,,,,,,,,,,8,3,mixed,mixed,mixed,normal,8,10,7,,4,9,8,9,10,0.007227811,FAIL
1330,,12:30.1,16:41.3,0 days 00:04:11.214573,2,96,8,16,3,5,10,4,9,6,2,5,3,10,,,3,7,10,6,10,10,10,10,5,5,8,10,2,5,4,10,10,,,,,,,,,,,,,,8,3,mixed,mixed,mixed,normal,8,10,7,,4,9,8,9,10,0.001241671,FAIL
1331,,16:41.3,20:53.7,0 days 00:04:12.410753,2,96,8,16,3,5,10,4,10,6,2,5,4,10,,,3,7,10,6,10,10,10,10,5,5,8,10,2,5,4,10,10,,,,,,,,,,,,,,8,3,mixed,mixed,mixed,normal,8,10,7,,4,9,8,9,10,0.002861418,FAIL
1332,,20:53.7,25:04.4,0 days 00:04:10.654752,2,96,8,16,3,5,10,4,9,6,2,5,2,10,,,3,7,10,6,10,9,10,10,5,5,8,10,2,5,4,10,10,,,,,,,,,,,,,,8,3,mixed,mixed,mixed,normal,8,10,7,,4,9,8,9,10,0.004742825,FAIL
1333,,25:04.4,29:16.5,0 days 00:04:12.177572,2,96,8,16,3,5,10,4,10,6,2,5,2,10,,,3,7,10,6,10,10,10,10,5,5,8,10,2,5,4,10,10,,,,,,,,,,,,,,8,3,mixed,mixed,mixed,normal,8,10,7,,4,9,8,9,10,0.004816941,FAIL
1334,,29:16.5,33:28.2,0 days 00:04:11.616821,2,96,8,16,3,5,10,4,10,6,2,5,2,10,,,3,7,10,6,10,9,10,10,5,5,8,10,2,5,4,10,10,,,,,,,,,,,,,,8,3,mixed,mixed,mixed,normal,8,10,7,,4,9,8,9,10,0.004252132,FAIL
1335,,33:28.2,37:43.0,0 days 00:04:14.868741,2,96,8,16,3,5,10,4,10,6,2,5,2,10,,,3,7,10,6,10,10,10,10,5,,8,10,2,5,4,10,10,10,,,,,,,,,,,,,8,3,mixed,mixed,mixed,normal,8,9,8,,4,9,8,9,10,0.004210715,FAIL
1336,,37:43.0,41:54.8,0 days 00:04:11.773162,2,96,8,16,3,5,10,4,10,6,2,5,2,10,,,3,7,10,6,10,10,10,10,6,5,8,10,2,5,4,10,10,,,,,,,,,,,,,,8,3,mixed,mixed,mixed,normal,8,10,7,,4,9,8,9,10,0.004965838,FAIL
1337,,41:54.8,46:05.3,0 days 00:04:10.444089,2,96,8,16,3,5,10,5,10,6,2,5,2,10,,,3,7,10,6,10,10,10,10,5,5,8,10,2,5,4,10,10,,,,,,,,,,,,,,8,3,mixed,mixed,mixed,normal,8,10,7,,4,9,8,9,10,0.004561637,FAIL
1338,,46:05.3,50:16.3,0 days 00:04:11.075543,2,96,8,16,3,5,10,4,9,6,2,5,2,10,,,3,7,10,6,10,10,10,10,5,5,8,10,2,5,4,10,10,,,,,,,,,,,,,,8,3,mixed,mixed,mixed,normal,8,10,7,,4,9,8,9,10,0.004689229,FAIL
1339,,50:16.3,54:30.5,0 days 00:04:14.149692,2,96,8,16,3,5,10,4,10,6,2,5,2,10,,,3,7,10,6,10,9,10,10,5,5,8,10,2,5,4,4,10,,,,,,,,,,,,,,8,3,mixed,mixed,mixed,normal,8,10,7,,4,9,8,9,10,0.005007331,FAIL
1340,,54:30.5,58:44.8,0 days 00:04:14.267734,2,96,8,16,3,5,10,4,8,6,2,5,2,10,8,,3,7,10,6,10,10,10,10,5,5,8,10,2,5,4,10,10,,,,,,,,,,,,,,8,3,mixed,mixed,mixed,normal,9,10,7,,4,9,8,9,10,0.001238268,FAIL
1341,,58:44.8,02:59.5,0 days 00:04:14.690471,2,96,8,16,3,5,10,4,9,6,2,5,2,10,,,3,7,10,6,10,9,10,10,5,5,8,10,2,5,4,10,10,,,,,,,,,,,,,,8,3,mixed,mixed,mixed,normal,8,10,7,,4,9,8,9,10,0.001259899,FAIL
1342,,02:59.5,07:13.2,0 days 00:04:13.772135,2,96,8,16,3,5,10,4,8,6,2,5,2,10,,,3,7,10,6,10,10,10,10,5,5,8,10,4,5,4,10,10,,,,,,,,,,,,,,8,3,mixed,mixed,mixed,normal,8,10,7,,4,9,8,9,10,0.004646367,FAIL
1343,,07:13.2,11:26.4,0 days 00:04:13.190535,2,96,8,16,3,5,10,4,5,6,2,5,2,10,,,3,7,10,6,10,10,10,10,5,5,8,10,2,5,4,10,10,,,,,,,,,,,,,,8,3,mixed,mixed,mixed,normal,8,10,7,,4,9,2,9,10,0.004492301,FAIL
1344,,11:26.4,15:41.2,0 days 00:04:14.715126,2,96,8,16,3,5,10,4,10,6,2,5,2,10,,,3,7,10,6,10,10,10,10,5,5,8,10,2,5,4,10,10,,,,,,,,,,,,,,8,3,mixed,mixed,mixed,normal,8,10,7,,4,9,8,9,10,0.004652789,FAIL
1345,,15:41.2,19:54.7,0 days 00:04:13.497815,2,96,8,16,3,5,10,4,10,6,2,5,2,10,,,3,7,10,6,10,10,10,10,5,5,8,10,2,5,4,10,10,,,,,,,,,,,,,,8,3,mixed,mixed,mixed,normal,8,10,7,,4,9,8,9,10,0.004712716,FAIL
1346,,19:54.7,24:06.1,0 days 00:04:11.438082,2,96,8,16,3,5,10,4,9,6,2,5,2,10,,,3,7,10,5,10,8,10,10,5,5,8,10,4,5,4,10,10,,,,,,,,,,,,,,8,3,mixed,mixed,mixed,normal,8,10,7,,4,10,2,9,10,0.00122586,FAIL
1347,,24:06.1,28:18.5,0 days 00:04:12.392596,2,96,8,16,3,5,10,4,10,6,2,5,2,10,,,3,7,5,6,10,9,10,10,5,5,8,10,2,5,4,10,10,,,,,,,,,,,,,,8,3,mixed,mixed,mixed,normal,8,10,7,,4,9,8,9,4,0.004375642,FAIL
1348,,28:18.5,32:31.2,0 days 00:04:12.733230,2,96,8,16,3,5,10,4,10,6,2,5,2,10,,,3,7,5,6,10,10,10,10,5,5,8,10,2,5,4,10,10,,,,,,,,,,,,,,8,3,mixed,mixed,mixed,normal,8,10,7,,4,9,8,9,10,0.004712162,FAIL
1349,,32:31.2,36:44.5,0 days 00:04:13.280103,2,96,8,16,3,5,10,4,10,6,2,5,2,10,9,,3,7,10,6,10,10,10,10,5,5,8,10,2,5,4,10,10,,,,,,,,,,,,,,8,4,mixed,mixed,mixed,normal,9,10,7,,4,9,8,9,10,0.0042325,FAIL
1350,,36:44.5,40:58.3,0 days 00:04:13.767453,2,96,8,16,3,5,10,4,10,6,2,5,2,10,,,3,7,10,6,10,10,10,10,5,4,8,10,2,5,4,10,10,,,,,,,,,,,,,,8,3,mixed,mixed,mixed,normal,8,10,7,,4,9,8,9,10,0.004670196,FAIL
1351,,40:58.3,45:10.2,0 days 00:04:11.889995,2,96,8,16,3,5,10,4,10,6,2,5,2,10,,,3,7,10,6,10,10,10,10,5,5,8,10,2,5,4,10,10,,,,,,,,,,,,,,8,3,mixed,mixed,mixed,normal,8,10,7,,4,9,8,9,10,0.004666109,FAIL
1352,,45:10.2,49:25.1,0 days 00:04:14.889970,2,96,8,16,3,5,10,4,10,6,2,10,2,10,,,3,7,10,6,10,10,10,10,5,5,8,10,2,5,4,10,10,,,,,,,,,,,,,,8,3,mixed,mixed,mixed,normal,8,10,7,,4,9,8,9,10,0.00459148,FAIL
1353,,49:25.1,53:39.0,0 days 00:04:13.949158,2,96,8,16,3,5,10,4,10,6,2,5,3,10,,,3,7,10,6,10,10,10,10,5,5,8,10,2,5,4,10,10,,,,,,,,,,,,,,8,3,mixed,mixed,mixed,normal,8,10,7,,4,9,8,9,10,0.004723226,FAIL
1354,,53:39.0,57:53.4,0 days 00:04:14.403852,2,96,8,16,3,5,10,4,9,6,2,5,2,10,,,3,7,10,6,10,10,10,10,5,5,8,10,2,5,4,4,10,,,,,,,,,,,,,,8,3,mixed,mixed,mixed,normal,8,10,7,,4,9,8,9,10,0.004551366,FAIL
1355,,57:53.4,02:10.4,0 days 00:04:16.964402,2,96,8,16,3,5,10,4,10,6,2,5,3,10,,,3,7,5,6,10,10,10,10,5,5,8,10,2,5,4,4,10,,,,,,,,,,,,,,8,3,mixed,mixed,mixed,normal,8,10,7,,4,9,8,9,10,0.004626113,FAIL
1356,,02:10.4,06:22.5,0 days 00:04:12.081691,2,96,8,16,3,5,10,4,10,6,2,5,2,10,,,3,7,10,6,10,9,10,10,5,5,8,10,2,5,4,10,10,,,,,,,,,,,,,,8,3,mixed,mixed,mixed,normal,8,10,7,,4,9,8,9,10,0.001266788,FAIL
1357,,06:22.5,10:34.3,0 days 00:04:11.848054,2,96,8,16,3,5,10,4,10,6,2,5,2,10,,,3,7,10,6,10,10,10,10,5,5,8,10,2,5,4,10,10,,,,,,,,,,,,,,8,3,mixed,mixed,mixed,normal,8,10,7,,4,9,8,9,10,0.004614324,FAIL
1358,,10:34.3,14:45.8,0 days 00:04:11.444932,2,96,8,16,3,5,10,4,10,6,2,5,2,10,,,3,7,7,6,10,9,10,10,5,5,8,10,2,5,4,10,10,,,,,,,,,,,,,,8,3,mixed,mixed,mixed,normal,8,10,7,,4,9,8,9,10,0.004429132,FAIL
1359,,14:45.8,18:58.7,0 days 00:04:12.864014,2,96,8,16,3,5,10,4,9,6,2,5,3,10,,,3,7,10,6,10,10,10,10,5,5,8,10,2,5,4,10,10,,,,,,,,,,,,,,8,3,mixed,mixed,mixed,normal,8,10,7,,4,9,8,9,10,0.004407546,FAIL
1360,,18:58.7,23:12.2,0 days 00:04:13.501428,2,96,8,16,3,5,10,5,8,6,2,5,2,10,8,,3,7,5,6,10,9,10,10,5,5,8,10,2,5,4,10,10,,,,,,,,,,,,,,8,3,mixed,mixed,mixed,normal,9,10,7,,4,9,8,9,10,0.00284187,FAIL
1361,,23:12.2,27:23.7,0 days 00:04:11.526542,2,96,8,16,3,5,10,4,10,6,2,5,3,10,,,3,7,5,5,10,10,10,10,5,5,8,10,2,5,4,10,10,,,,,,,,,,,,,,8,3,mixed,mixed,mixed,normal,8,10,7,,4,9,8,9,10,0.004427932,FAIL
1362,,27:23.7,31:39.5,0 days 00:04:15.845857,4,96,8,16,3,5,10,4,10,6,2,5,2,10,,,3,7,10,6,10,10,10,10,5,5,8,10,2,5,4,10,10,,,,,,,,,,,,,,8,3,mixed,mixed,mixed,normal,8,10,7,,4,9,8,9,10,0.003031207,FAIL
1363,,31:39.5,35:51.1,0 days 00:04:11.580635,2,96,8,16,3,5,10,4,9,6,2,5,2,10,,,3,7,10,6,10,10,10,10,5,5,8,10,2,5,4,10,10,,,,,,,,,,,,,,8,3,mixed,mixed,mixed,normal,8,10,7,,4,9,8,9,10,0.004690272,FAIL
1364,,35:51.1,40:03.6,0 days 00:04:12.442129,2,96,8,16,3,5,10,4,10,6,2,5,3,10,,,3,7,10,6,10,10,10,10,5,5,8,10,2,5,4,10,10,,,,,,,,,,,,,,8,3,mixed,mixed,mixed,normal,8,10,7,,4,9,8,9,10,0.004651219,FAIL
1365,,40:03.6,44:15.6,0 days 00:04:12.019347,2,96,8,16,3,5,10,5,10,6,2,10,2,10,,,3,7,10,6,10,10,10,10,5,5,8,10,2,5,4,4,10,,,,,,,,,,,,,,8,3,mixed,mixed,mixed,normal,8,10,7,,4,9,8,9,10,0.004780175,FAIL
1366,,44:15.6,48:28.2,0 days 00:04:12.590360,2,96,8,16,3,5,10,4,10,6,2,5,2,10,,,3,7,10,6,10,10,10,10,5,5,8,10,2,5,4,4,10,,,,,,,,,,,,,,8,3,mixed,mixed,mixed,normal,8,10,7,,4,9,8,9,10,0.004606682,FAIL
1367,,48:28.2,52:39.5,0 days 00:04:11.324033,2,96,8,16,3,5,10,4,10,6,2,5,2,10,,,3,7,10,6,10,9,10,10,5,5,8,10,2,5,4,10,10,,,,,,,,,,,,,,8,3,mixed,mixed,mixed,normal,8,10,7,,4,9,8,9,10,0.001247123,FAIL
1368,,52:39.5,56:53.0,0 days 00:04:13.523270,2,96,8,16,3,5,10,4,9,6,2,5,4,10,,,3,7,10,6,10,10,10,10,5,5,8,10,2,5,4,5,10,,,,,,,,,,,,,,8,3,mixed,mixed,mixed,normal,8,10,7,,4,9,2,9,10,0.001226899,FAIL
1369,,56:53.0,01:04.7,0 days 00:04:11.673016,2,96,8,16,3,5,10,4,10,6,2,5,2,10,,,3,7,5,6,10,10,10,10,5,5,8,10,4,5,4,10,10,,,,,,,,,,,,,,8,3,mixed,mixed,mixed,normal,8,10,7,,4,9,8,9,10,0.004817012,FAIL
1370,,01:04.7,05:16.9,0 days 00:04:12.136762,2,96,8,16,3,5,10,4,10,6,2,5,2,10,,,3,7,10,6,10,10,10,10,5,5,8,10,2,5,4,10,10,,,,,,,,,,,,,,8,3,mixed,mixed,mixed,normal,8,10,7,,4,9,8,9,10,0.004610368,FAIL
1371,,05:16.9,09:28.8,0 days 00:04:11.911039,2,96,8,16,3,5,10,4,9,6,2,5,2,10,,,3,7,10,6,10,10,10,10,5,5,8,10,2,5,4,4,10,,,,,,,,,,,,,,8,3,mixed,mixed,mixed,normal,8,10,7,,4,9,8,9,10,0.004553881,FAIL
1372,,09:28.8,13:41.1,0 days 00:04:12.345048,2,96,8,16,3,5,10,4,10,6,2,5,2,10,,,3,7,10,6,10,10,10,10,5,5,8,10,2,5,4,10,10,,,,,,,,,,,,,,8,3,mixed,mixed,mixed,normal,8,10,7,,4,9,8,9,10,0.004612022,FAIL
1373,,13:41.1,17:54.0,0 days 00:04:12.868085,2,96,8,16,3,5,9,4,9,6,2,5,2,10,,,3,7,10,6,10,9,10,10,5,5,8,10,2,5,5,10,10,,,,,,,,,,,,,,8,3,mixed,mixed,mixed,normal,8,10,7,,4,9,8,9,10,0.001225463,FAIL
1374,,17:54.0,22:07.0,0 days 00:04:12.953242,2,96,8,16,3,5,10,4,10,6,2,5,2,9,,,3,7,10,6,10,10,10,10,5,5,8,10,2,5,4,10,10,,,,,,,,,,,,,,8,3,mixed,mixed,mixed,normal,8,10,7,,4,9,8,9,10,0.004731716,FAIL
1375,,22:07.0,26:14.3,0 days 00:04:07.375924,2,96,8,16,3,5,10,4,10,6,2,10,3,10,,,3,7,10,6,10,10,10,10,5,5,8,10,2,5,4,10,10,,,,,,,,,,,,,,8,3,mixed,mixed,mixed,normal,8,10,7,,4,9,8,9,10,0.002811895,FAIL
1376,,26:14.3,30:24.8,0 days 00:04:10.502386,2,96,8,16,3,5,10,4,10,6,2,5,2,10,,,3,7,5,6,10,10,10,10,5,5,8,10,2,5,4,10,10,,,,,,,,,,,,,,8,3,mixed,mixed,mixed,normal,8,10,7,,4,9,8,9,10,0.001242816,FAIL
1377,,30:24.8,34:36.5,0 days 00:04:11.693584,2,96,8,16,3,5,10,4,10,6,2,5,2,9,,,3,7,10,6,10,9,10,10,5,5,8,10,2,5,4,10,10,,,,,,,,,,,,,,8,3,mixed,mixed,mixed,normal,8,10,7,,4,9,8,9,10,0.002967456,FAIL
1378,,34:36.5,38:47.4,0 days 00:04:10.900776,2,96,8,16,3,5,10,4,8,6,2,5,2,10,,,3,7,10,6,10,9,10,10,5,5,8,10,2,5,4,10,10,,,,,,,,,,,,,,8,3,mixed,mixed,mixed,normal,8,10,7,,4,9,8,9,10,0.00460663,FAIL
1379,,38:47.4,42:57.2,0 days 00:04:09.710764,2,96,8,16,3,5,10,4,10,6,2,5,2,10,10,,3,7,10,6,10,10,10,10,5,5,8,10,2,5,4,10,10,,,,,,,,,,,,,,8,3,mixed,mixed,mixed,normal,9,10,7,,4,9,8,9,10,0.004705121,FAIL
1380,,42:57.2,47:07.8,0 days 00:04:10.593746,2,96,8,16,3,5,10,4,10,6,2,5,2,9,,,3,7,10,6,10,10,10,10,5,5,8,10,2,5,4,10,10,,,,,,,,,,,,,,8,3,mixed,mixed,mixed,normal,8,10,7,,4,9,8,9,10,0.001247439,FAIL
1381,,47:07.8,51:15.8,0 days 00:04:08.034354,2,96,8,16,3,5,10,4,9,6,2,5,2,10,,,3,7,5,6,10,9,10,10,5,4,8,10,4,5,4,10,10,,,,,,,,,,,,,,8,3,mixed,mixed,mixed,normal,8,10,7,,4,9,8,9,10,0.004439895,FAIL
1382,,51:15.8,55:29.1,0 days 00:04:13.292250,2,96,8,16,3,5,10,4,10,6,2,5,2,10,,,3,7,10,6,10,9,10,10,5,5,8,10,2,5,5,4,10,,,,,,,,,,,,,,8,3,mixed,mixed,mixed,normal,8,10,7,,4,9,8,9,10,0.004631671,FAIL
1383,,55:29.1,59:41.6,0 days 00:04:12.481353,2,96,8,16,3,5,10,4,10,6,2,10,2,10,,,3,7,10,6,10,10,10,10,5,5,8,10,2,5,4,10,10,,,,,,,,,,,,,,8,3,mixed,mixed,mixed,normal,8,10,7,,4,9,8,9,10,0.002861961,FAIL
1384,,59:41.6,03:54.0,0 days 00:04:12.453396,2,96,8,16,3,5,10,4,10,6,2,10,2,10,,,3,7,10,6,10,10,10,9,5,5,8,10,2,5,4,10,10,,,,,,,,,,,,,,8,3,mixed,mixed,mixed,normal,8,10,7,,4,9,8,9,10,0.001226785,FAIL
1385,,03:54.0,08:06.8,0 days 00:04:12.765389,2,96,8,16,3,5,10,4,10,6,2,5,2,10,,,3,7,10,6,10,10,10,10,5,5,8,10,2,5,4,10,10,,,,,,,,,,,,,,8,3,mixed,mixed,mixed,normal,8,10,7,,4,9,8,9,10,0.004531115,FAIL
1386,,08:06.8,12:19.1,0 days 00:04:12.329004,2,96,8,16,3,5,10,5,10,6,2,5,2,10,,,4,7,10,,,,,,,,8,10,2,5,4,10,10,,,,,,,,,,,,,,8,3,mixed,mixed,mixed,normal,8,3,7,,4,9,8,9,10,0.004916839,FAIL
1387,,12:19.1,16:33.1,0 days 00:04:13.994353,2,96,8,16,3,5,10,3,9,6,2,5,2,10,,,3,7,10,6,10,8,10,10,5,5,8,10,2,5,4,10,10,,,,,,,,,,,,,,8,3,mixed,mixed,mixed,normal,8,10,7,,4,9,8,9,10,0.00123577,FAIL
1388,,16:33.1,20:45.6,0 days 00:04:12.425790,2,96,8,16,3,5,10,4,10,6,2,5,2,10,,,3,7,10,6,10,9,10,10,5,5,8,10,2,5,4,10,10,,,,,,,,,,,,,,8,3,mixed,mixed,mixed,normal,8,10,7,,4,9,8,9,10,0.00449168,FAIL
1389,,20:45.6,24:57.4,0 days 00:04:11.841209,2,96,8,16,3,5,10,4,10,6,2,5,2,10,,,3,7,10,6,10,10,10,10,5,5,8,10,2,5,4,10,10,,,,,,,,,,,,,,8,3,mixed,mixed,mixed,normal,8,10,7,,4,9,8,9,10,0.001255524,FAIL
1390,,24:57.4,29:07.6,0 days 00:04:10.199260,2,96,8,16,3,5,10,4,9,6,2,5,2,10,,,3,7,10,6,10,10,10,10,5,5,8,10,2,5,4,10,10,,,,,,,,,,,,,,8,3,mixed,mixed,mixed,normal,8,10,7,,4,9,8,9,10,0.001242094,FAIL
1391,,29:07.6,33:19.5,0 days 00:04:11.891437,2,96,8,16,3,5,10,4,9,6,2,5,2,10,,,3,7,10,6,10,10,10,10,5,5,8,10,2,5,4,10,10,,,,,,,,,,,,,,8,3,mixed,mixed,mixed,normal,8,10,7,,4,9,8,9,10,0.002861616,FAIL
1392,,33:19.5,37:32.7,0 days 00:04:13.220786,2,96,8,16,3,5,9,4,10,6,2,5,2,10,,,3,7,10,6,10,9,10,10,5,5,8,10,4,5,4,10,2,,,,,,,,,,,,,,8,3,mixed,mixed,mixed,normal,8,10,7,,4,9,8,9,10,0.004510161,FAIL
1393,,37:32.7,41:45.0,0 days 00:04:12.282578,2,96,8,16,3,5,10,4,10,6,2,5,2,10,,,3,7,10,6,10,10,9,10,5,5,8,10,2,5,4,10,10,,,,,,,,,,,,,,8,3,mixed,mixed,mixed,normal,8,10,7,,4,9,8,9,10,0.004633767,FAIL
1394,,41:45.0,45:58.9,0 days 00:04:13.916576,2,96,8,16,3,5,10,4,10,6,2,5,2,10,,,3,7,5,6,10,10,10,10,5,5,8,10,2,5,4,4,10,,,,,,,,,,,,,,8,3,mixed,mixed,mixed,normal,8,10,7,,4,9,8,9,10,0.004536114,FAIL
1395,,45:58.9,50:08.2,0 days 00:04:09.275437,2,96,8,16,3,5,10,4,10,6,2,5,2,10,,,3,7,10,6,10,10,10,10,5,5,8,10,2,5,4,10,10,,,,,,,,,,,,,,8,3,mixed,mixed,mixed,normal,8,10,7,,4,9,8,9,10,0.004446274,FAIL
1396,,50:08.2,54:19.9,0 days 00:04:11.715111,2,96,8,16,3,5,10,4,10,6,2,5,2,10,,,3,7,5,6,10,10,10,10,5,5,8,10,2,5,4,10,10,,,,,,,,,,,,,,8,3,mixed,mixed,mixed,normal,8,10,7,,4,9,8,9,10,0.004660962,FAIL
1397,,54:19.9,58:32.7,0 days 00:04:12.791660,2,96,8,16,3,5,10,4,10,5,2,5,2,10,,,3,7,10,5,10,10,10,10,5,5,8,10,2,5,4,10,10,,,,,,,,,,,,,,8,3,mixed,mixed,mixed,normal,8,10,7,,4,9,2,9,10,0.002990575,FAIL
1398,,58:32.7,02:46.2,0 days 00:04:13.488489,2,96,8,16,3,5,10,5,10,6,2,5,2,10,,,3,7,5,6,10,10,10,10,5,5,8,10,2,5,5,10,10,,,,,,,,,,,,,,8,3,mixed,mixed,mixed,normal,8,10,7,,4,9,8,9,10,0.004508343,FAIL
1399,,02:46.2,06:59.7,0 days 00:04:13.450542,2,96,8,16,3,5,10,4,10,5,2,5,2,10,9,,3,7,10,6,10,10,10,10,5,5,8,10,2,5,4,10,10,,,,,,,,,,,,,,8,3,mixed,mixed,mixed,normal,9,10,7,,4,10,8,9,10,0.004679869,FAIL
1400,,06:59.7,11:11.5,0 days 00:04:11.811670,2,96,8,16,3,5,10,4,10,6,2,5,3,10,,,3,7,10,6,10,10,10,10,5,,8,10,2,5,4,10,10,,,,,,,,,,,,,,8,3,mixed,mixed,mixed,normal,8,9,7,,4,9,8,9,4,0.00125732,FAIL
1401,,11:11.5,15:22.0,0 days 00:04:10.534787,2,96,8,16,3,5,10,4,10,6,2,5,2,10,,,3,7,10,6,10,9,10,10,5,5,8,10,2,5,4,10,10,,,,,,,,,,,,,,8,3,mixed,mixed,mixed,normal,8,10,7,,4,9,8,9,10,0.004510474,FAIL
1402,,15:22.0,19:32.0,0 days 00:04:09.948703,2,96,8,16,3,5,10,4,10,6,2,5,2,10,,,3,7,10,6,10,9,10,10,5,5,8,10,2,5,4,10,10,,,,,,,,,,,,,,8,3,mixed,mixed,mixed,normal,8,10,7,,4,9,8,9,10,0.004777615,FAIL
1403,,19:32.0,23:44.3,0 days 00:04:12.308114,2,96,8,16,3,5,9,4,9,6,2,5,2,10,,,3,7,10,6,10,10,10,10,5,5,8,10,2,5,5,10,10,,,,,,,,,,,,,,8,3,mixed,mixed,mixed,normal,8,10,7,,4,9,8,9,10,0.004897519,FAIL
1404,,23:44.3,27:56.3,0 days 00:04:11.943986,2,96,8,16,3,5,10,4,10,6,2,5,2,10,,,3,7,10,6,10,10,10,10,5,5,8,10,2,5,4,10,10,,,,,,,,,,,,,,8,3,mixed,mixed,mixed,normal,8,10,7,,4,9,8,9,10,0.004545246,FAIL
1405,,27:56.3,32:08.5,0 days 00:04:12.267994,2,96,8,16,3,5,10,4,9,6,2,5,2,10,,,3,7,10,6,10,10,10,10,5,5,8,10,2,5,4,10,10,,,,,,,,,,,,,,8,4,mixed,mixed,mixed,normal,8,10,7,,4,9,8,9,10,0.001240805,FAIL
1406,,32:08.5,36:14.7,0 days 00:04:06.155925,2,96,8,16,3,5,10,5,10,6,2,5,2,10,,,3,7,10,6,10,10,10,10,5,5,8,10,2,5,4,10,10,,,,,,,,,,,,,,8,3,mixed,mixed,mixed,normal,8,10,7,,4,9,8,9,10,0.004633129,FAIL
1407,,36:14.7,40:21.6,0 days 00:04:06.880215,2,96,8,16,3,5,9,4,10,6,2,5,2,10,,,3,7,10,6,10,9,10,10,5,5,8,10,2,5,4,10,10,,,,,,,,,,,,,,8,3,mixed,mixed,mixed,normal,8,10,7,,4,9,8,9,10,0.004528183,FAIL
1408,,40:21.6,44:29.0,0 days 00:04:07.475055,2,96,8,16,3,5,10,4,9,6,2,5,2,10,,,3,7,10,6,10,8,10,10,5,5,8,10,2,5,4,10,10,,,,,,,,,,,,,,8,3,mixed,mixed,mixed,normal,8,10,7,,4,9,8,9,10,0.002951266,FAIL
1409,,44:29.1,48:36.0,0 days 00:04:06.941968,2,96,8,16,3,5,9,4,10,6,2,5,2,10,,,3,7,10,6,10,10,10,10,5,5,8,10,2,5,4,4,10,,,,,,,,,,,,,,8,3,mixed,mixed,mixed,normal,8,10,7,,4,9,8,9,10,0.004706367,FAIL
1410,,48:36.0,52:49.6,0 days 00:04:13.582394,2,96,8,16,3,5,10,4,10,6,2,5,2,10,,,3,7,5,6,10,8,10,10,5,5,8,10,2,5,4,4,10,,,,,,,,,,,,,,8,3,mixed,mixed,mixed,normal,8,10,7,,4,9,8,9,4,0.004766614,FAIL
1411,,52:49.6,56:59.2,0 days 00:04:09.645457,2,96,8,16,3,5,10,4,10,6,2,5,2,10,,,3,7,10,6,10,10,10,10,5,5,8,10,2,5,4,10,10,,,,,,,,,,,,,,8,3,mixed,mixed,mixed,normal,8,10,7,,4,9,8,9,10,0.001253943,FAIL
1412,,56:59.2,01:12.0,0 days 00:04:12.739927,2,96,8,16,3,5,10,4,10,6,2,5,2,10,,,3,7,10,6,10,9,10,10,5,,8,10,2,5,4,10,10,,,,,,,,,,,,,,8,3,mixed,mixed,mixed,normal,8,9,7,,4,9,8,9,10,0.001219984,FAIL
1413,,01:12.0,05:25.3,0 days 00:04:13.363148,2,96,8,16,3,5,10,5,10,6,2,5,2,10,,,3,7,10,6,10,10,10,10,5,5,8,10,2,5,4,10,10,,,,,,,,,,,,,,8,3,mixed,mixed,mixed,normal,8,10,7,,4,9,8,9,10,0.002887882,FAIL
1414,,05:25.3,09:38.1,0 days 00:04:12.779462,2,96,8,16,3,5,10,4,10,6,2,5,3,10,,,3,7,10,6,10,10,10,10,5,5,8,10,2,5,4,10,10,,,,,,,,,,,,,,8,3,mixed,mixed,mixed,normal,8,10,7,,4,9,8,9,10,0.00452785,FAIL
1415,,09:38.1,13:48.8,0 days 00:04:10.684493,2,96,8,16,3,5,10,4,10,5,2,5,2,7,,,3,7,10,6,10,10,10,10,5,5,8,10,2,5,4,10,10,,,,,,,,,,,,,,8,3,mixed,mixed,mixed,normal,8,10,7,,4,9,8,9,10,0.004673449,FAIL
1416,,13:48.8,18:00.8,0 days 00:04:11.977414,2,96,8,16,3,5,10,4,10,6,2,10,2,10,,,3,7,10,6,10,9,10,10,5,5,8,10,2,5,4,10,10,,,,,,,,,,,,,,8,3,mixed,mixed,mixed,normal,8,10,7,,4,9,8,9,10,0.001240941,FAIL
1417,,18:00.8,22:12.5,0 days 00:04:11.748205,2,96,8,16,3,5,10,4,10,6,2,5,2,10,,,3,7,10,6,10,10,10,10,5,5,8,10,2,5,4,10,10,,,,,,,,,,,,,,8,3,mixed,mixed,mixed,normal,8,10,7,,4,9,2,9,4,0.001242931,FAIL
1418,,22:12.5,26:27.9,0 days 00:04:15.342177,2,96,8,16,3,5,10,4,10,6,2,5,2,10,,,3,7,10,6,10,9,10,10,5,,8,10,2,5,4,4,10,,,,,,,,,,,,,,8,3,mixed,mixed,mixed,normal,8,9,7,,4,9,8,9,10,0.004574126,FAIL
1419,,26:27.9,30:41.3,0 days 00:04:13.433707,2,96,8,16,3,5,10,4,10,6,2,5,2,9,10,,3,7,10,6,10,10,10,10,5,5,8,10,2,5,4,4,10,,,,,,,,,,,,,,8,3,mixed,mixed,mixed,normal,9,10,7,,4,9,8,9,10,0.00452003,FAIL
1420,,30:41.3,34:51.6,0 days 00:04:10.280756,2,96,8,16,3,5,9,4,10,5,2,5,2,10,,,3,7,10,6,10,10,10,10,6,5,8,10,2,5,4,10,10,,,,,,,,,,,,,,8,3,mixed,mixed,mixed,normal,8,10,7,,4,9,8,9,10,0.002884147,FAIL
1421,,34:51.6,39:00.9,0 days 00:04:09.327072,2,96,8,16,3,5,10,4,10,6,2,5,2,10,,,3,7,10,6,10,9,10,10,5,5,8,10,2,5,4,10,10,,,,,,,,,,,,,,8,3,mixed,mixed,mixed,normal,8,10,7,,4,9,8,9,10,0.004522728,FAIL
1422,,39:01.0,43:08.5,0 days 00:04:07.540664,2,96,8,16,3,5,10,4,9,6,2,5,2,10,,,3,7,10,6,10,10,10,10,5,5,8,10,2,5,4,10,10,,,,,,,,,,,,,,8,3,mixed,mixed,mixed,normal,8,10,7,,4,9,8,9,10,0.001234781,FAIL
1423,,43:08.5,47:17.7,0 days 00:04:09.206935,2,96,8,16,3,5,10,4,10,6,2,5,3,10,,,3,7,10,6,10,9,10,10,5,5,8,10,2,5,4,10,10,,,,,,,,,,,,,,8,3,mixed,mixed,mixed,normal,8,10,7,,4,9,8,9,10,0.001252348,FAIL
1424,,47:17.7,51:30.3,0 days 00:04:12.616829,2,96,8,16,3,5,10,4,10,6,2,5,2,10,,,4,7,10,6,10,9,10,10,5,4,8,10,4,5,4,4,10,,,,,,,,,,,,,,8,3,mixed,mixed,mixed,normal,8,10,7,,4,9,8,9,4,0.004739019,FAIL
1425,,51:30.3,55:45.0,0 days 00:04:14.697369,2,96,8,16,3,5,10,4,10,6,2,5,2,10,,,3,7,5,6,10,10,10,10,5,5,7,8,2,5,4,10,10,,,,,,,,,,,,,,8,3,mixed,mixed,mixed,normal,8,10,7,,4,9,8,9,10,0.006978593,FAIL
1426,,55:45.0,59:57.1,0 days 00:04:12.049213,2,96,8,16,3,5,10,4,9,6,2,5,2,10,,,3,7,10,6,10,10,10,10,5,5,8,10,2,5,4,10,10,,,,,,,,,,,,,,8,3,mixed,mixed,mixed,normal,8,10,7,,4,9,8,9,10,0.001234573,FAIL
1427,,59:57.1,04:09.3,0 days 00:04:12.264656,2,96,8,16,3,5,10,4,10,6,2,5,2,10,,,3,7,10,6,10,10,10,10,6,4,8,10,2,5,4,10,10,,,,,,,,,,,,,,8,3,mixed,mixed,mixed,normal,8,10,7,,4,9,8,9,10,0.004626817,FAIL
1428,,04:09.3,08:22.1,0 days 00:04:12.721790,2,96,8,16,3,5,10,4,10,6,2,5,2,10,,,3,7,10,6,10,10,10,10,5,5,8,10,2,5,4,10,10,,,,,,,,,,,,,,8,3,mixed,mixed,mixed,normal,8,10,7,,4,9,8,9,4,0.004644377,FAIL
1429,,08:22.1,12:34.6,0 days 00:04:12.476389,2,96,8,16,3,5,10,4,10,6,2,5,2,10,,,3,7,10,6,10,9,10,10,5,5,8,10,2,5,4,10,10,,,,,,,,,,,,,,8,3,mixed,mixed,mixed,normal,8,10,7,,4,9,8,9,10,0.004606681,FAIL
1430,,12:34.6,16:44.8,0 days 00:04:10.257392,2,96,8,16,3,5,10,4,10,6,2,5,2,10,,,3,7,10,6,10,9,10,10,5,4,8,8,2,5,4,10,10,,,,,,,,,,,,,,8,3,mixed,mixed,mixed,normal,8,10,7,,4,9,8,9,10,0.004477912,FAIL
1431,,16:44.8,20:53.7,0 days 00:04:08.869930,2,96,8,16,3,5,10,4,10,6,2,5,3,10,,,3,7,10,6,10,10,10,10,5,5,8,10,2,5,4,5,10,,,,,,,,,,,,,,8,3,mixed,mixed,mixed,normal,8,10,7,,4,9,2,9,10,0.004711173,FAIL
1432,,20:53.7,25:02.4,0 days 00:04:08.684017,2,96,8,16,3,5,10,4,10,6,2,10,2,10,,,3,7,10,6,10,10,10,10,5,5,8,8,2,5,4,10,10,,,,,,,,,,,,,,8,3,mixed,mixed,mixed,normal,8,10,7,,4,9,8,9,10,0.004634308,FAIL
1433,,25:02.4,29:13.2,0 days 00:04:10.777287,2,96,8,16,3,5,10,4,9,6,2,5,4,10,,,3,7,10,6,10,9,10,10,5,5,8,10,2,5,4,10,2,,,,,,,,,,,,,,8,3,mixed,mixed,mixed,normal,8,10,7,,4,9,8,9,10,0.004406471,FAIL
1434,,29:13.2,33:26.8,0 days 00:04:13.681035,2,96,8,16,3,5,10,4,10,6,2,10,2,10,,,3,7,10,6,10,9,10,10,5,5,8,10,2,5,4,4,10,,,,,,,,,,,,,,8,3,mixed,mixed,mixed,normal,8,10,7,,4,9,8,9,10,0.004733776,FAIL
1435,,33:26.8,37:38.4,0 days 00:04:11.533951,2,96,8,16,3,5,10,4,10,6,2,5,2,10,,,3,7,10,6,10,10,10,10,5,5,8,10,2,6,4,4,10,,,,,,,,,,,,,,8,3,mixed,mixed,mixed,normal,8,10,7,,4,9,2,9,10,0.004563544,FAIL
1436,,37:38.4,41:46.6,0 days 00:04:08.241713,2,96,8,16,3,5,10,4,9,6,7,5,2,10,,,3,7,10,6,10,10,10,10,5,5,8,10,2,5,4,10,10,,,,,,,,,,,,,,8,3,mixed,mixed,mixed,normal,8,10,7,,4,9,2,9,10,0.004557445,FAIL
1437,,41:46.6,45:53.2,0 days 00:04:06.611977,2,96,8,16,3,5,10,4,10,6,2,5,2,10,,,3,7,5,5,10,10,10,10,5,5,8,10,2,5,4,10,10,,,,,,,,,,,,,,8,3,mixed,mixed,mixed,normal,8,10,7,,4,9,8,9,10,0.004526773,FAIL
1438,,45:53.2,50:04.2,0 days 00:04:10.953820,2,96,8,16,3,5,10,4,10,6,2,5,2,10,,,3,7,10,6,10,10,10,10,5,5,8,10,2,5,4,10,10,,,,,,,,,,,,,,8,3,mixed,mixed,mixed,normal,8,10,7,,4,9,8,9,10,0.004582614,FAIL
1439,,50:04.2,54:14.4,0 days 00:04:10.208908,2,96,8,16,3,5,10,4,10,5,2,5,2,10,,,3,7,10,6,10,9,10,10,5,5,7,10,2,5,4,10,10,,,,,,,,,,,,,,8,3,mixed,mixed,mixed,normal,8,10,7,,4,9,8,9,10,0.004365679,FAIL
1440,,54:14.4,58:22.2,0 days 00:04:07.771097,2,96,8,16,3,5,10,4,10,6,2,5,2,10,,,3,7,10,6,10,10,10,9,5,5,8,10,2,5,4,10,10,,,,,,,,,,,,,,8,3,mixed,mixed,mixed,normal,8,10,7,,4,9,8,9,10,0.004414573,FAIL
1441,,58:22.2,02:33.8,0 days 00:04:11.656089,2,96,8,16,3,5,10,4,9,6,2,5,2,10,,,3,7,10,6,10,10,10,10,5,5,8,10,2,5,4,10,10,,,,,,,,,,,,,,8,3,mixed,mixed,mixed,normal,8,10,7,,4,9,8,9,10,0.001262967,FAIL
1442,,02:33.9,06:45.1,0 days 00:04:11.251467,2,96,8,16,3,5,10,4,9,6,2,5,2,10,,,3,7,10,6,10,9,10,10,5,5,8,10,2,5,4,10,10,,,,,,,,,,,,,,8,3,mixed,mixed,mixed,normal,8,10,7,,4,9,8,9,10,0.004588771,FAIL
1443,,06:45.1,10:57.0,0 days 00:04:11.928742,2,96,8,16,3,5,10,4,10,6,2,5,2,10,,,3,7,10,6,10,10,10,10,5,5,8,10,2,5,4,10,10,,,,,,,,,,,,,,8,3,mixed,mixed,mixed,normal,8,10,7,,4,9,8,9,10,0.001221871,FAIL
1444,,10:57.0,15:08.6,0 days 00:04:11.516894,2,96,8,16,3,5,10,4,10,6,2,5,2,10,,,3,7,10,6,10,10,10,10,5,5,8,10,2,5,4,10,10,,,,,,,,,,,,,,8,3,mixed,mixed,mixed,normal,8,10,7,,4,9,8,9,10,0.001235784,FAIL
1445,,15:08.6,19:23.2,0 days 00:04:14.641233,2,96,96,16,3,5,10,4,10,6,2,5,2,10,,,3,7,10,6,10,10,10,10,5,5,8,10,2,5,4,10,10,,,,,,,,,,,,,,8,3,mixed,mixed,mixed,normal,8,10,7,,4,9,8,9,4,0.004585449,FAIL
1446,,19:23.2,23:34.9,0 days 00:04:11.645711,2,96,8,16,3,5,10,4,10,6,2,5,2,10,,,3,7,10,6,10,9,10,10,5,5,8,10,2,5,4,10,10,,,,,,,,,,,,,,8,3,mixed,mixed,mixed,normal,8,10,7,,4,9,8,9,10,0.004659022,FAIL
1447,,23:34.9,27:48.8,0 days 00:04:13.984021,2,96,8,16,3,5,10,4,10,6,2,5,2,10,,,3,7,10,6,10,10,10,10,5,5,8,10,2,5,4,10,10,,,,,,,,,,,,,,8,3,mixed,mixed,mixed,normal,8,10,7,,4,9,8,9,4,0.004415843,FAIL
1448,,27:48.8,31:59.0,0 days 00:04:10.116655,2,96,8,16,3,5,10,4,10,6,2,5,2,10,,,3,7,10,6,10,10,10,10,5,5,8,10,2,5,4,10,10,,,,,,,,,,,,,,8,3,mixed,mixed,mixed,normal,8,10,7,,4,9,8,9,10,0.004583187,FAIL
1449,,31:59.0,36:10.1,0 days 00:04:11.090778,2,96,8,16,3,5,10,4,10,6,2,5,2,10,,,3,7,10,6,10,10,10,10,5,5,8,10,2,5,4,10,10,,,,,,,,,,,,,,8,3,mixed,mixed,mixed,normal,8,10,7,,4,9,8,9,10,0.004554081,FAIL
1450,,36:10.1,40:22.6,0 days 00:04:12.522256,2,96,8,16,3,5,10,4,10,6,2,5,2,10,,,3,7,10,6,10,10,10,10,5,5,8,10,2,5,4,10,10,,,,,,,,,,,,,,8,3,mixed,mixed,mixed,normal,8,10,7,,4,9,8,9,4,0.004547016,FAIL
1451,,40:22.6,44:36.3,0 days 00:04:13.738298,2,96,8,16,3,5,9,4,10,6,2,5,2,9,,,3,7,10,6,10,10,10,10,5,4,7,10,2,5,4,10,10,,,,,,,,,,,,,,8,3,mixed,mixed,mixed,normal,8,10,7,,4,9,8,9,10,0.004505469,FAIL
1452,,44:36.3,48:48.4,0 days 00:04:12.060893,2,96,8,16,3,5,10,4,9,6,2,5,3,10,,,3,7,10,6,10,10,10,10,5,5,8,10,2,5,4,10,10,,,,,,,,,,,,,,8,3,mixed,mixed,mixed,normal,8,10,7,,4,9,8,9,10,0.004483209,FAIL
1453,,48:48.4,52:59.4,0 days 00:04:11.046814,2,96,8,16,3,5,10,4,10,6,2,5,2,10,,,3,7,10,6,10,10,10,10,5,5,8,10,4,5,4,10,10,,,,,,,,,,,,,,8,3,mixed,mixed,mixed,normal,8,10,7,,4,9,2,9,10,0.004563806,FAIL
1454,,52:59.4,57:13.8,0 days 00:04:14.380246,2,96,8,16,3,5,10,4,10,6,2,10,2,10,,,3,7,10,6,10,10,10,10,5,5,8,10,2,5,4,10,10,,,,,,,,,,,,,,8,3,mixed,mixed,mixed,normal,8,10,7,,4,9,8,9,10,0.004898359,FAIL
1455,,57:13.8,01:22.6,0 days 00:04:08.818934,2,96,8,16,3,5,10,4,10,6,2,5,3,10,,,3,7,10,6,10,10,10,10,5,,8,10,2,5,4,10,10,,,,,,,,,,,,,,8,3,mixed,mixed,mixed,normal,8,9,7,,4,9,8,9,10,0.002998018,FAIL
1456,,01:22.7,05:29.7,0 days 00:04:07.066345,2,96,8,16,3,5,10,4,10,6,2,10,2,10,,,3,7,10,6,10,10,10,10,5,5,8,10,2,5,4,10,10,,,,,,,,,,,,,,8,3,mixed,mixed,mixed,normal,8,10,7,,4,9,8,9,10,0.00451772,FAIL
1457,,05:29.7,09:41.9,0 days 00:04:12.183412,2,96,8,16,3,5,10,4,9,6,2,5,3,10,10,,3,7,10,6,10,10,10,10,5,5,8,10,2,5,4,4,10,,,,,,,,,,,,,,8,3,mixed,mixed,mixed,normal,9,10,7,,4,9,8,9,10,0.004429032,FAIL
1458,,09:41.9,13:54.3,0 days 00:04:12.418154,2,96,8,16,3,5,10,4,9,6,2,5,2,10,,,3,7,10,6,10,10,10,10,5,5,8,10,2,5,4,10,10,,,,,,,,,,,,,,8,3,mixed,mixed,mixed,normal,8,10,7,,4,9,8,9,10,0.004483092,FAIL
1459,,13:54.3,18:07.8,0 days 00:04:13.441742,2,96,8,16,3,5,10,4,10,6,2,5,2,10,,,3,7,10,6,10,10,10,10,5,5,8,10,2,6,4,10,10,,,,,,,,,,,,,,8,3,mixed,mixed,mixed,normal,8,10,7,,4,9,8,9,10,0.00495303,FAIL
1460,,18:07.8,22:19.3,0 days 00:04:11.564707,2,96,8,16,3,5,10,4,10,6,2,5,2,9,,,3,7,10,6,10,9,10,10,5,5,8,10,4,5,4,10,10,,,,,,,,,,,,,,8,3,mixed,mixed,mixed,normal,8,10,7,,4,9,8,9,4,0.004293875,FAIL
1461,,22:19.3,26:28.6,0 days 00:04:09.294183,2,96,8,16,3,5,9,4,10,6,2,5,3,10,,,3,7,5,6,10,10,10,10,5,5,8,10,2,5,4,10,10,,,,,,,,,,,,,,8,3,mixed,mixed,mixed,normal,8,10,7,,4,9,8,9,10,0.00453956,FAIL
1462,,26:28.6,30:36.1,0 days 00:04:07.424688,2,96,8,16,3,5,10,4,10,6,2,5,2,10,,,3,7,5,6,10,10,10,10,5,5,8,10,2,5,4,10,10,,,,,,,,,,,,,,8,3,mixed,mixed,mixed,normal,8,10,7,,4,9,8,9,10,0.004415676,FAIL
1463,,30:36.1,34:47.6,0 days 00:04:11.575493,2,96,8,16,3,5,10,4,10,6,2,5,2,10,,,3,7,5,6,10,10,10,10,5,5,8,10,2,5,4,10,10,,,,,,,,,,,,,,8,3,mixed,mixed,mixed,normal,8,10,7,,4,9,8,9,4,0.004309563,FAIL
1464,,34:47.7,38:58.0,0 days 00:04:10.382015,2,96,8,16,3,5,10,4,10,6,2,5,2,10,,,3,7,10,6,10,10,10,10,5,5,8,10,2,5,4,10,10,,,,,,,,,,,,,,8,3,mixed,mixed,mixed,normal,8,10,7,,4,9,8,9,10,0.001247958,FAIL
1465,,38:58.0,43:05.5,0 days 00:04:07.474088,2,96,8,16,3,5,10,4,10,6,2,5,3,10,,,3,7,10,6,10,10,10,10,5,5,8,10,2,5,4,10,10,,,,,,,,,,,,,,8,3,mixed,mixed,mixed,normal,8,10,7,,4,9,8,9,10,0.004397967,FAIL
1466,,43:05.5,47:18.6,0 days 00:04:13.067077,2,96,8,16,3,5,10,4,10,5,2,5,2,10,,,3,7,10,,,,,,,,8,10,2,5,4,10,10,,,,,,,,,,,,,,8,3,mixed,mixed,mixed,normal,8,3,7,,4,9,8,9,10,0.002802583,FAIL
1467,,47:18.6,51:30.8,0 days 00:04:12.251556,2,96,8,16,3,5,9,4,10,6,2,5,3,9,,,3,7,10,6,10,9,10,10,5,4,8,8,2,5,4,10,10,,,,,,,,,,,,,,8,3,mixed,mixed,mixed,normal,8,10,7,,4,9,2,9,10,0.004762932,FAIL
1468,,51:30.8,55:44.7,0 days 00:04:13.813549,2,96,8,16,3,5,10,4,9,6,2,5,3,10,,,3,7,10,6,10,10,10,10,5,5,8,8,2,5,4,10,10,,,,,,,,,,,,,,8,3,mixed,mixed,mixed,normal,8,10,7,,4,9,8,9,10,0.00440468,FAIL
1469,,55:44.7,59:57.3,0 days 00:04:12.686959,2,96,8,16,3,5,10,4,10,6,2,5,2,10,,,3,7,10,6,10,10,10,10,5,5,8,10,2,6,4,10,10,,,,,,,,,,,,,,8,3,mixed,mixed,mixed,normal,8,10,7,,4,9,8,9,10,0.001264903,FAIL
1470,,59:57.3,04:09.5,0 days 00:04:12.139716,2,96,8,16,3,5,10,4,10,6,2,5,2,10,,,3,7,10,6,10,8,10,10,5,5,8,10,2,5,4,10,10,,,,,,,,,,,,,,8,3,mixed,mixed,mixed,normal,8,10,7,,4,9,8,9,10,0.004519845,FAIL
1471,,04:09.5,08:17.2,0 days 00:04:07.753824,2,96,8,16,3,5,9,4,9,6,2,5,2,10,,,3,5,10,6,10,10,10,10,5,5,8,10,2,5,4,10,10,,,,,,,,,,,,,,8,3,mixed,mixed,mixed,normal,8,10,7,,4,9,2,9,10,0.004632006,FAIL
1472,,08:17.3,12:29.2,0 days 00:04:11.975844,2,96,8,16,3,5,10,4,10,6,2,5,2,10,,,3,7,10,6,10,10,10,10,5,5,8,10,2,5,4,10,10,2,,,,,,,,,,,,,8,3,mixed,mixed,mixed,normal,8,10,8,,4,9,8,9,4,0.004520849,FAIL
1473,,12:29.2,16:42.5,0 days 00:04:13.255834,2,96,8,16,3,5,10,4,10,6,2,5,2,10,,,3,7,5,6,10,10,10,10,5,5,8,10,2,5,4,10,10,,,,,,,,,,,,,,8,3,mixed,mixed,mixed,normal,8,10,7,,4,9,8,9,10,0.004353149,FAIL
1474,,16:42.5,20:50.5,0 days 00:04:07.963648,2,96,8,16,3,5,10,4,9,6,2,5,3,10,10,,3,7,10,6,10,10,10,10,5,5,8,10,2,5,4,10,10,,,,,,,,,,,,,,8,3,mixed,mixed,mixed,normal,9,10,7,,4,9,8,9,10,0.004233117,FAIL
1475,,20:50.5,24:58.7,0 days 00:04:08.227981,2,96,8,16,3,5,10,4,10,6,7,5,2,10,,,3,7,10,6,10,10,10,10,5,5,8,10,2,5,4,4,10,,,,,,,,,,,,,,8,3,mixed,mixed,mixed,normal,8,10,7,,4,9,8,9,10,0.001240738,FAIL
1476,,24:58.7,29:08.3,0 days 00:04:09.637394,2,96,8,16,3,5,10,4,10,6,2,10,2,10,,,3,7,10,6,10,9,10,10,5,5,8,10,2,5,4,10,10,,,,,,,,,,,,,,8,3,mixed,mixed,mixed,normal,8,10,7,,4,9,8,9,10,0.004244691,FAIL
1477,,29:08.3,33:21.5,0 days 00:04:13.183666,2,96,8,16,3,5,10,4,10,6,2,5,3,10,,,3,7,10,6,10,10,10,10,5,5,8,10,2,5,4,10,10,,,,,,,,,,,,,,8,3,mixed,mixed,mixed,normal,8,10,7,,4,9,8,9,10,0.00125472,FAIL
1478,,33:21.5,37:35.2,0 days 00:04:13.730338,2,96,8,16,3,5,10,4,10,6,2,5,2,10,,,3,7,10,6,10,10,10,10,5,5,8,10,2,5,4,4,10,,,,,,,,,,,,,,8,3,mixed,mixed,mixed,normal,8,10,7,,4,9,8,9,10,0.004524208,FAIL
1479,,37:35.3,41:44.1,0 days 00:04:08.834898,2,96,8,16,3,5,10,4,10,5,2,5,2,10,,,3,7,10,6,10,9,10,10,5,5,8,10,2,5,4,10,10,,,,,,,,,,,,,,8,3,mixed,mixed,mixed,normal,8,10,7,,4,9,8,9,10,0.004759765,FAIL
1480,,41:44.1,45:53.5,0 days 00:04:09.439294,2,96,8,16,3,5,10,5,10,6,7,5,3,10,,,3,7,10,6,10,10,10,10,5,5,8,10,2,5,4,10,10,,,,,,,,,,,,,,8,3,mixed,mixed,mixed,normal,8,10,7,,4,9,8,9,4,0.004422488,FAIL
1481,,45:53.5,50:01.9,0 days 00:04:08.399447,2,96,8,16,3,5,10,4,10,6,2,5,3,10,9,,3,7,5,6,10,9,10,10,5,5,8,10,2,5,4,10,10,,,,,,,,,,,,,,8,3,mixed,mixed,mixed,normal,9,10,7,,4,9,8,9,10,0.004402342,FAIL
1482,,50:01.9,54:15.2,0 days 00:04:13.216908,2,96,8,16,3,5,10,4,10,6,2,5,2,10,,,3,7,10,6,10,10,10,10,5,5,8,10,2,5,4,10,2,,,,,,,,,,,,,,8,3,mixed,mixed,mixed,normal,8,10,7,,4,9,8,9,10,0.004773894,FAIL
1483,,54:15.2,58:27.6,0 days 00:04:12.408725,2,96,8,16,3,5,8,5,10,6,2,5,2,10,,,3,7,10,6,10,10,10,10,5,,7,10,2,5,4,10,10,,,,,,,,,,,,,,8,3,mixed,mixed,mixed,normal,8,9,7,,4,9,8,9,10,0.004867173,FAIL
1484,,58:27.6,02:37.4,0 days 00:04:09.844325,2,96,8,16,3,5,10,5,9,6,2,5,2,10,,,3,7,10,6,10,10,10,10,6,5,8,10,2,5,4,10,10,,,,,,,,,,,,,,8,3,mixed,mixed,mixed,normal,8,10,7,,4,9,8,9,10,0.004473558,FAIL
1485,,02:37.4,06:46.8,0 days 00:04:09.371264,2,96,8,16,3,5,10,4,10,6,2,5,2,10,,,3,7,10,6,10,9,10,10,5,5,8,10,2,5,4,10,10,,,,,,,,,,,,,,8,3,mixed,mixed,mixed,normal,8,10,7,,4,9,8,9,4,0.004949547,FAIL
1486,,06:46.8,10:56.2,0 days 00:04:09.395079,2,96,8,16,3,5,10,4,10,6,2,5,3,10,,,3,7,10,6,10,10,10,10,5,5,8,10,2,6,4,10,10,,,,,,,,,,,,,,8,3,mixed,mixed,mixed,normal,8,10,7,,4,9,8,9,10,0.004575882,FAIL
1487,,10:56.2,15:09.3,0 days 00:04:13.150388,2,96,8,16,3,5,10,4,10,6,2,5,2,10,,,3,7,10,6,10,10,10,10,6,5,7,10,2,5,4,10,10,,,,,,,,,,,,,,8,3,mixed,mixed,mixed,normal,8,10,7,,4,9,8,9,10,0.00497362,FAIL
1488,,15:09.4,19:16.6,0 days 00:04:07.265596,2,96,8,16,3,5,10,4,10,6,2,5,2,10,,,3,7,10,6,10,10,10,10,5,5,8,10,2,5,4,10,10,,,,,,,,,,,,,,8,3,mixed,mixed,mixed,normal,8,10,7,,4,9,8,9,4,0.004378483,FAIL
1489,,19:16.6,23:23.9,0 days 00:04:07.270923,2,96,8,16,3,5,10,4,10,6,2,5,4,10,,,3,7,10,6,10,10,10,10,5,5,8,10,4,5,4,10,10,,,,,,,,,,,,,,8,3,mixed,mixed,mixed,normal,8,10,7,,4,9,8,9,10,0.001264683,FAIL
1490,,23:23.9,27:32.7,0 days 00:04:08.774961,2,96,8,16,3,5,10,4,10,5,2,5,2,10,,,3,7,10,6,9,10,10,10,6,5,8,10,2,5,4,10,10,,,,,,,,,,,,,,8,3,mixed,mixed,mixed,normal,8,10,7,,4,9,8,9,10,0.00287753,FAIL
1491,,27:32.7,31:42.9,0 days 00:04:10.269482,2,96,8,16,3,5,10,4,10,6,2,5,2,10,,,3,7,10,6,10,10,10,10,5,5,8,10,2,5,4,10,10,,,,,,,,,,,,,,8,3,mixed,mixed,mixed,normal,8,10,7,,4,9,8,9,10,0.001223363,FAIL
1492,,31:42.9,35:53.0,0 days 00:04:10.008909,2,96,8,16,3,5,10,4,10,6,2,5,2,10,,,3,7,10,6,10,10,10,10,5,5,8,10,2,5,4,10,10,,,,,,,,,,,,,,8,3,mixed,mixed,mixed,normal,8,10,7,,4,9,8,9,10,0.001255716,FAIL
1493,,35:53.0,40:02.0,0 days 00:04:08.994201,2,96,8,16,3,5,10,4,9,6,2,5,3,10,,,3,7,10,6,10,10,10,10,5,5,8,10,2,5,4,10,10,,,,,,,,,,,,,,8,3,mixed,mixed,mixed,normal,8,10,7,,4,9,8,9,10,0.002883799,FAIL
1494,,40:02.0,44:15.3,0 days 00:04:13.358573,2,96,8,16,3,5,10,4,9,6,2,10,2,10,,,3,7,10,6,10,10,10,10,5,5,8,10,4,5,4,10,10,,,,,,,,,,,,,,8,3,mixed,mixed,mixed,normal,8,10,7,,4,9,8,9,10,0.004761347,FAIL
1495,,44:15.3,48:29.2,0 days 00:04:13.914675,2,96,8,16,3,5,10,4,10,6,2,5,2,10,,,3,7,5,6,10,10,10,10,5,5,8,10,2,5,4,10,10,,,,,,,,,,,,,,8,3,mixed,mixed,mixed,normal,8,10,7,,4,9,8,9,10,0.004652393,FAIL
1496,,48:29.2,52:42.5,0 days 00:04:13.250842,2,96,8,16,3,5,10,4,9,5,2,5,2,10,,,3,7,10,6,10,9,10,10,5,5,8,10,2,5,4,10,10,,,,,,,,,,,,,,8,3,mixed,mixed,mixed,normal,8,10,7,,4,9,8,9,10,0.004533743,FAIL
1497,,52:42.5,56:55.6,0 days 00:04:13.105073,2,96,8,16,3,5,9,4,10,6,2,5,3,10,9,,3,7,10,6,10,10,9,10,5,5,8,10,2,5,4,10,10,,,,,,,,,,,,,,8,3,mixed,mixed,mixed,normal,9,10,7,,4,9,8,9,10,0.004982949,FAIL
1498,,56:55.6,01:08.4,0 days 00:04:12.770862,2,96,8,16,3,5,10,4,10,6,2,5,3,10,,,3,7,5,6,10,10,10,10,5,5,8,10,2,6,4,10,10,,,,,,,,,,,,,,8,3,mixed,mixed,mixed,normal,8,10,7,,4,9,8,9,10,0.004558922,FAIL
1499,,01:08.4,05:16.5,0 days 00:04:08.087048,2,96,8,16,3,5,10,4,10,6,2,5,2,10,,,3,7,10,6,10,10,10,10,5,5,8,10,2,5,4,4,10,,,,,,,,,,,,,,8,3,mixed,mixed,mixed,normal,8,10,7,,4,9,8,9,10,0.00474488,FAIL
1500,,05:16.5,09:27.4,0 days 00:04:10.883016,2,96,8,16,3,5,10,4,10,6,2,5,3,10,,,3,7,10,6,10,10,10,10,5,5,8,10,2,5,4,10,10,,,,,,,,,,,,,,8,3,mixed,mixed,mixed,normal,8,10,7,,4,9,8,9,10,0.004327674,FAIL
1501,,09:27.4,13:40.0,0 days 00:04:12.644037,2,96,8,16,3,5,10,4,10,6,7,5,2,10,,,3,7,10,6,10,10,10,10,5,5,8,10,2,5,4,10,10,,,,,,,,,,,,,,8,3,mixed,mixed,mixed,normal,8,10,7,,4,9,8,9,10,0.00486282,FAIL
1502,,13:40.0,17:51.2,0 days 00:04:11.149335,2,96,8,16,3,5,10,4,10,6,2,5,2,10,,,3,7,5,6,10,10,10,10,5,5,8,10,2,5,4,10,10,,,,,,,,,,,,,,8,3,mixed,mixed,mixed,normal,8,10,7,,4,9,8,9,10,0.00439424,FAIL
1503,,17:51.2,22:04.4,0 days 00:04:13.275258,2,96,8,16,3,5,10,4,10,6,2,5,2,10,,,3,7,10,6,10,10,10,10,5,5,8,10,2,5,4,10,10,,,,,,,,,,,,,,8,3,mixed,mixed,mixed,normal,8,10,7,,4,9,8,9,4,0.002944233,FAIL
1504,,22:04.4,26:17.7,0 days 00:04:13.278805,2,96,8,16,3,5,10,4,10,6,2,5,3,10,,,3,7,10,6,10,9,10,10,5,4,8,10,2,5,4,10,10,,,,,,,,,,,,,,8,3,mixed,mixed,mixed,normal,8,10,7,,4,9,8,9,4,0.001256223,FAIL
1505,,26:17.7,30:31.2,0 days 00:04:13.513091,2,96,8,16,3,5,10,4,8,6,2,5,2,10,,,3,7,10,6,10,10,10,10,5,5,8,10,2,5,4,10,10,,,,,,,,,,,,,,8,3,mixed,mixed,mixed,normal,8,10,7,,4,9,8,9,10,0.004508121,FAIL
1506,,30:31.2,34:45.7,0 days 00:04:14.423254,2,96,8,16,3,5,,,,,,,,,,,3,7,10,6,10,10,10,10,5,5,8,10,2,5,4,10,10,,,,,,,,,,,,,,8,3,normal,mixed,mixed,normal,,10,7,,4,9,8,9,10,0.001239463,FAIL
1507,,34:45.7,39:00.3,0 days 00:04:14.630562,2,96,8,16,3,5,10,4,10,6,2,5,2,10,10,,3,7,10,6,10,10,10,10,5,5,8,10,2,5,4,10,10,,,,,,,,,,,,,,8,3,mixed,mixed,mixed,normal,9,10,7,,4,9,8,9,10,0.001247558,FAIL
1508,,39:00.3,43:14.2,0 days 00:04:13.948154,2,96,8,16,3,5,10,4,10,6,2,10,2,10,,,3,7,10,6,10,10,10,10,5,5,8,10,2,5,4,10,10,,,,,,,,,,,,,,8,3,mixed,mixed,mixed,normal,8,10,7,,4,9,8,9,4,0.00488401,FAIL
1509,,43:14.3,47:27.4,0 days 00:04:13.137027,2,96,8,16,3,5,10,4,10,6,2,5,2,10,,,3,7,10,6,10,10,10,10,5,5,8,10,2,6,4,10,10,,,,,,,,,,,,,,8,3,mixed,mixed,mixed,normal,8,10,7,,4,9,8,9,10,0.004791386,FAIL
1510,,47:27.4,51:39.6,0 days 00:04:12.193162,2,96,8,16,3,5,10,4,10,6,2,5,3,10,,,3,7,5,6,10,9,10,10,5,5,8,10,2,5,5,10,10,,,,,,,,,,,,,,8,3,mixed,mixed,mixed,normal,8,10,7,,4,9,8,9,10,0.00439046,FAIL
1511,,51:39.6,55:54.2,0 days 00:04:14.604513,2,96,8,16,3,5,10,4,10,5,2,5,2,10,,,3,7,5,6,10,10,10,10,5,5,8,10,2,5,4,10,10,,,,,,,,,,,,,,8,4,mixed,mixed,mixed,normal,8,10,7,,4,9,8,9,10,0.001250831,FAIL
1512,,55:54.2,00:06.7,0 days 00:04:12.533246,2,96,8,16,3,5,10,4,10,6,2,5,2,10,10,,3,7,10,6,10,10,10,10,5,5,8,10,4,5,5,10,10,,,,,,,,,,,,,,8,3,mixed,mixed,mixed,normal,9,10,7,,4,9,8,9,10,0.002810733,FAIL
1513,,00:06.7,04:20.7,0 days 00:04:13.917834,2,96,8,16,3,5,10,4,10,5,2,5,2,10,,,3,7,10,6,10,10,10,10,5,5,8,10,2,5,4,10,10,,,,,,,,,,,,,,8,3,mixed,mixed,mixed,normal,8,10,7,,4,9,8,9,10,0.00479591,FAIL
1514,,04:20.7,08:28.1,0 days 00:04:07.467352,2,96,8,16,3,5,10,4,10,6,2,5,2,10,,,3,7,5,6,10,10,10,10,5,5,8,10,2,5,4,10,10,,,,,,,,,,,,,,8,3,mixed,mixed,mixed,normal,8,10,7,,4,9,8,9,10,0.001244808,FAIL
1515,,08:28.1,12:37.8,0 days 00:04:09.696257,2,96,8,16,3,5,10,4,10,6,2,5,2,10,,,3,7,10,6,10,10,10,10,6,5,8,10,2,5,4,10,10,,,,,,,,,,,,,,8,3,mixed,mixed,mixed,normal,8,10,7,,4,9,8,9,10,0.001224746,FAIL
1516,,12:37.8,16:46.2,0 days 00:04:08.367238,2,96,8,16,3,5,10,4,10,6,2,5,4,9,,,3,7,10,6,10,10,10,10,5,5,8,10,2,5,4,10,10,,,,,,,,,,,,,,8,3,mixed,mixed,mixed,normal,8,10,7,,4,9,2,9,4,0.004418156,FAIL
1517,,16:46.2,20:58.3,0 days 00:04:12.052330,2,96,8,16,3,5,10,4,9,6,2,5,2,10,,,3,7,10,6,10,9,10,10,5,,8,10,2,5,4,4,10,,,,,,,,,,,,,,8,3,mixed,mixed,mixed,normal,8,9,7,,4,9,8,9,10,0.001243756,FAIL
1518,,20:58.3,25:07.0,0 days 00:04:08.772839,2,96,8,16,3,5,10,4,10,6,2,5,2,10,,,3,7,10,6,10,9,10,10,5,5,8,10,2,5,4,10,10,,,,,,,,,,,,,,8,3,mixed,mixed,mixed,normal,8,10,7,,4,9,8,9,10,0.004343586,FAIL
1519,,25:07.0,29:16.6,0 days 00:04:09.589721,2,96,8,16,3,5,10,4,10,6,2,5,2,9,,,3,7,10,6,10,10,10,10,5,4,8,10,2,5,4,10,10,,,,,,,,,,,,,,8,3,mixed,mixed,mixed,normal,8,10,7,,4,9,8,9,10,0.0012306,FAIL
1520,,29:16.6,33:24.4,0 days 00:04:07.776413,2,96,8,16,3,5,10,4,10,6,2,5,2,10,,,3,7,10,6,10,10,10,10,5,5,8,10,2,5,4,10,10,,,,,,,,,,,,,,8,3,mixed,mixed,mixed,normal,8,10,7,,4,9,8,9,10,0.004710489,FAIL
1521,,33:24.4,37:28.8,0 days 00:04:04.359268,2,96,8,16,3,5,10,4,9,6,2,5,2,10,,,3,7,10,6,10,9,10,10,5,5,8,10,2,5,4,10,10,,,,,,,,,,,,,,8,3,mixed,mixed,mixed,normal,8,10,7,,4,9,8,9,10,0.001267458,FAIL
1522,,37:28.8,41:33.7,0 days 00:04:04.918472,2,96,8,16,3,5,10,4,10,6,2,5,2,10,,,3,7,10,6,10,10,10,10,5,5,8,8,2,5,4,10,10,,,,,,,,,,,,,,8,3,mixed,mixed,mixed,normal,8,10,7,,4,9,8,9,10,0.004783232,FAIL
1523,,41:33.7,45:40.3,0 days 00:04:06.629218,2,96,8,16,3,5,10,4,10,6,2,5,2,10,,,3,7,10,6,9,10,10,10,5,5,8,10,2,5,4,10,10,10,,,,,,,,,,,,,8,3,mixed,mixed,mixed,normal,8,10,8,,4,9,8,9,4,0.004772762,FAIL
1524,,45:40.3,49:49.7,0 days 00:04:09.415787,2,96,8,16,3,5,10,4,10,6,2,5,3,10,,,3,7,5,6,10,10,10,10,5,5,8,10,2,5,4,10,10,,,,,,,,,,,,,,8,3,mixed,mixed,mixed,normal,8,10,7,,4,9,2,9,10,0.00124332,FAIL
1525,,49:49.7,53:59.1,0 days 00:04:09.334796,2,96,8,16,3,5,10,4,10,6,2,5,3,9,,,3,7,10,6,10,10,10,10,5,5,8,10,4,5,4,10,10,,,,,,,,,,,,,,8,3,mixed,mixed,mixed,normal,8,10,7,,4,9,8,9,10,0.004513874,FAIL
1526,,53:59.1,58:05.9,0 days 00:04:06.792045,2,96,8,16,3,5,10,4,10,6,2,5,2,10,,,3,7,10,6,10,10,10,10,5,5,8,10,2,5,4,10,10,,,,,,,,,,,,,,8,3,mixed,mixed,mixed,normal,8,10,7,,4,9,8,9,10,0.004806155,FAIL
1527,,58:05.9,02:11.7,0 days 00:04:05.841692,2,96,8,16,3,5,10,4,10,6,2,5,3,10,,,3,7,10,6,10,10,10,10,5,5,8,10,2,5,4,10,10,,,,,,,,,,,,,,8,3,mixed,mixed,mixed,normal,8,10,7,,4,9,8,9,10,0.004211369,FAIL
1528,,02:11.7,06:17.6,0 days 00:04:05.887726,2,96,8,16,3,5,10,4,10,6,2,10,2,10,,,3,7,10,6,10,10,10,10,5,5,8,10,2,5,4,10,10,,,,,,,,,,,,,,8,3,mixed,mixed,mixed,normal,8,10,7,,4,9,8,9,10,0.00438325,FAIL
1529,,06:17.6,10:23.3,0 days 00:04:05.727950,2,96,8,16,3,5,9,4,9,6,2,5,2,10,,,3,7,10,6,10,10,10,10,5,5,8,10,2,6,4,10,10,,,,,,,,,,,,,,8,4,mixed,mixed,mixed,,8,10,7,,3,9,8,9,,0.00126341,FAIL
1530,,10:23.4,14:30.5,0 days 00:04:07.126030,2,96,8,16,3,5,10,4,10,5,2,5,2,10,,,3,7,10,6,10,10,10,10,5,5,8,10,2,5,4,10,10,2,,,,,,,,,,,,,8,3,mixed,mixed,mixed,normal,8,10,8,,4,9,2,9,10,0.004461013,FAIL
1531,,14:30.5,18:37.1,0 days 00:04:06.574575,2,96,8,16,3,5,10,4,10,6,2,5,2,10,,,3,7,10,6,10,10,10,10,5,,8,10,2,5,4,10,10,,,,,,,,,,,,,,8,3,mixed,mixed,mixed,normal,8,9,7,,4,9,8,9,4,0.00454481,FAIL
1532,,18:37.1,22:41.8,0 days 00:04:04.692881,2,96,8,16,3,5,10,4,10,6,2,5,2,10,,,3,7,10,6,10,10,10,10,5,5,8,10,2,5,4,10,10,,,,,,,,,,,,,,8,3,mixed,mixed,mixed,normal,8,10,7,,4,9,8,9,10,0.004652637,FAIL
1533,,22:41.8,26:48.6,0 days 00:04:06.888987,2,96,8,16,3,5,10,4,10,6,2,5,2,10,,,3,7,10,6,10,9,10,10,5,5,8,10,2,5,4,10,10,,,,,,,,,,,,,,8,3,mixed,mixed,mixed,normal,8,10,7,,4,9,8,9,10,0.004673079,FAIL
1534,,26:48.7,30:56.0,0 days 00:04:07.391976,2,96,8,16,3,5,10,4,10,6,2,5,2,10,,,3,7,10,6,10,10,10,10,5,5,8,10,2,5,4,10,2,,,,,,,,,,,,,,8,3,mixed,mixed,mixed,normal,8,10,7,,4,9,8,9,10,0.00472103,FAIL
1535,,30:56.0,35:01.8,0 days 00:04:05.722537,2,96,8,16,3,5,10,4,10,6,2,5,2,10,,,3,7,10,6,10,9,10,10,6,5,8,8,2,5,4,10,10,,,,,,,,,,,,,,8,3,mixed,mixed,mixed,normal,8,10,7,,4,9,8,9,10,0.00427263,FAIL
1536,,35:01.8,39:12.2,0 days 00:04:10.468736,2,96,8,16,3,5,10,4,10,6,2,5,3,10,,,3,7,10,6,10,10,10,9,5,5,8,10,2,5,4,10,10,,,,,,,,,,,,,,8,3,mixed,mixed,mixed,normal,8,10,7,,4,9,8,9,10,0.00294212,FAIL
1537,,39:12.2,43:22.7,0 days 00:04:10.496926,2,96,8,16,3,5,10,4,9,6,2,5,2,10,,,3,7,10,6,10,10,10,10,5,5,8,10,2,5,4,10,10,,,,,,,,,,,,,,8,3,mixed,mixed,mixed,normal,8,10,7,,4,9,8,9,10,0.004732251,FAIL
1538,,43:22.7,47:31.4,0 days 00:04:08.644695,2,96,8,16,3,5,10,4,10,6,2,5,2,10,,,3,7,10,6,10,10,10,10,5,5,8,10,4,5,4,10,10,,,,,,,,,,,,,,8,3,mixed,mixed,mixed,normal,8,10,7,,4,9,8,9,10,0.004438774,FAIL
1539,,47:31.4,51:41.2,0 days 00:04:09.828182,2,96,8,16,3,5,10,5,10,6,2,5,2,10,,,3,7,10,6,10,9,10,10,5,5,8,10,4,5,4,10,10,,,,,,,,,,,,,,8,3,mixed,mixed,mixed,normal,8,10,7,,4,9,8,9,4,0.004680769,FAIL
1540,,51:41.2,55:47.1,0 days 00:04:05.869612,2,96,8,16,3,5,10,4,10,6,2,5,2,10,,,3,7,10,6,10,9,10,10,5,5,8,10,2,5,4,10,10,,,,,,,,,,,,,,8,3,mixed,mixed,mixed,normal,8,10,7,,4,9,8,9,10,0.00445406,FAIL
1541,,55:47.1,59:55.9,0 days 00:04:08.794543,2,96,8,16,3,5,10,4,9,6,2,10,3,10,,,3,7,5,6,10,9,10,10,5,5,8,10,2,5,4,10,10,,,,,,,,,,,,,,8,3,mixed,mixed,mixed,normal,8,10,7,,4,9,8,9,10,0.004582531,FAIL
1542,,59:55.9,04:07.3,0 days 00:04:11.400722,2,96,8,16,3,5,10,4,10,6,2,5,3,10,,,3,7,10,6,10,10,10,10,5,5,8,10,2,5,5,10,10,,,,,,,,,,,,,,8,3,mixed,mixed,mixed,normal,8,10,7,,4,9,8,9,10,0.004660539,FAIL
1543,,04:07.3,08:15.3,0 days 00:04:07.963752,2,96,8,16,3,5,10,4,9,6,2,10,2,10,,,3,7,10,6,10,10,10,10,5,5,8,10,2,5,4,4,10,,,,,,,,,,,,,,8,3,mixed,mixed,mixed,normal,8,10,7,,4,9,8,9,10,0.004447923,FAIL
1544,,08:15.3,12:27.8,0 days 00:04:12.504024,2,96,8,16,3,5,10,4,10,6,2,5,2,10,,,3,7,10,6,10,9,10,10,5,5,8,10,2,5,4,10,10,,,,,,,,,,,,,,8,3,mixed,mixed,mixed,normal,8,10,7,,4,9,8,9,10,0.001233121,FAIL
1545,,12:27.8,16:35.3,0 days 00:04:07.507036,2,96,8,16,3,5,10,4,9,5,2,5,2,10,,,3,7,10,6,10,10,10,10,5,,8,10,2,5,4,10,10,,,,,,,,,,,,,,8,3,mixed,mixed,mixed,normal,8,9,7,,4,9,8,9,10,0.002924039,FAIL
1546,,16:35.3,20:44.6,0 days 00:04:09.317247,2,96,8,16,3,5,10,4,10,6,2,5,2,10,,,3,7,10,6,10,10,10,10,5,5,7,10,2,5,4,10,10,,,,,,,,,,,,,,8,3,mixed,mixed,mixed,normal,8,10,7,,4,9,8,9,10,0.001216817,FAIL
1547,,20:44.6,24:53.8,0 days 00:04:09.196917,2,96,8,16,3,5,10,4,9,6,2,5,3,10,,,3,7,5,6,10,10,10,10,5,5,8,10,2,5,5,10,10,,,,,,,,,,,,,,8,3,mixed,mixed,mixed,normal,8,10,7,,4,9,8,9,10,0.004949069,FAIL
1548,,24:53.8,29:02.1,0 days 00:04:08.240037,2,96,8,16,3,5,10,4,10,6,2,10,4,10,,,3,7,10,6,10,10,10,10,5,5,8,10,2,5,5,10,10,,,,,,,,,,,,,,8,3,mixed,mixed,mixed,normal,8,10,7,,4,9,8,9,10,0.007307432,FAIL
1549,,29:02.1,33:09.6,0 days 00:04:07.528338,2,96,8,16,3,5,10,4,9,6,2,5,2,10,,,3,7,5,6,10,10,10,10,5,5,8,10,2,5,4,10,10,,,,,,,,,,,,,,8,3,mixed,mixed,mixed,normal,8,10,7,,4,9,8,9,10,0.004482747,FAIL
1550,,33:09.6,37:18.9,0 days 00:04:09.267356,2,96,8,16,3,5,10,5,10,6,2,5,3,10,,,3,7,10,6,10,10,10,10,5,5,8,10,2,5,4,4,10,,,,,,,,,,,,,,8,3,mixed,mixed,mixed,normal,8,10,7,,4,9,8,9,10,0.004497415,FAIL
1551,,37:18.9,41:25.0,0 days 00:04:06.177600,2,96,8,16,3,5,10,4,10,6,2,5,2,10,,,3,7,10,6,10,10,10,10,5,5,8,10,2,5,4,10,10,,,,,,,,,,,,,,8,3,mixed,mixed,mixed,normal,8,10,7,,4,9,8,9,10,0.001232065,FAIL
1552,,41:25.0,45:31.5,0 days 00:04:06.467523,2,96,8,16,3,5,10,4,10,6,2,5,3,10,,,3,7,10,6,10,10,10,10,5,5,8,10,2,5,4,10,10,,,,,,,,,,,,,,8,3,mixed,mixed,mixed,normal,8,10,7,,4,9,8,9,10,0.004642767,FAIL
1553,,45:31.5,49:40.3,0 days 00:04:08.785503,2,96,8,16,3,5,10,4,10,6,2,5,3,10,,,3,7,10,6,10,10,10,10,5,4,8,10,2,5,4,10,10,,,,,,,,,,,,,,8,3,mixed,mixed,mixed,normal,8,10,7,,4,9,8,9,10,0.001254612,FAIL
1554,,49:40.3,53:51.6,0 days 00:04:11.266160,2,96,8,16,3,5,9,4,10,6,2,5,2,10,,,3,7,10,6,10,10,10,10,5,5,8,10,2,5,4,10,10,,,,,,,,,,,,,,8,3,mixed,mixed,mixed,normal,8,10,7,,4,9,8,9,10,0.004572839,FAIL
1555,,53:51.6,57:58.9,0 days 00:04:07.321851,2,96,8,16,3,5,10,4,10,6,2,5,2,10,,,3,7,10,6,10,10,10,10,5,5,8,10,2,5,4,10,10,,,,,,,,,,,,,,8,3,mixed,mixed,mixed,normal,8,10,7,,4,9,8,9,10,0.001236257,FAIL
1556,,57:58.9,02:01.4,0 days 00:04:02.539568,2,96,8,16,3,5,10,4,10,6,2,5,2,10,,,3,7,10,6,10,10,10,10,5,5,8,10,2,5,4,10,10,,,,,,,,,,,,,,8,3,mixed,mixed,mixed,normal,8,10,7,,4,9,8,9,4,0.001252926,FAIL
1557,,02:01.4,06:09.5,0 days 00:04:08.073434,2,96,8,16,3,5,10,5,10,6,2,5,3,10,,,3,7,5,6,10,10,10,10,6,5,8,10,2,5,4,10,10,,,,,,,,,,,,,,8,3,mixed,mixed,mixed,normal,8,10,7,,4,9,8,9,10,0.005042088,FAIL
1558,,06:09.5,10:15.6,0 days 00:04:06.122279,2,96,8,16,3,5,10,4,10,6,2,5,2,10,,,3,7,10,6,10,9,10,10,5,,8,10,4,5,4,10,10,,,,,,,,,,,,,,8,3,mixed,mixed,mixed,normal,8,9,7,,4,9,8,9,10,0.001223754,FAIL
1559,,10:15.6,14:22.5,0 days 00:04:06.869083,2,96,8,16,3,5,10,4,9,6,2,5,2,10,,,3,7,10,6,10,9,10,10,5,5,8,10,2,5,4,10,10,,,,,,,,,,,,,,8,3,mixed,mixed,mixed,normal,8,10,7,,4,9,8,9,10,0.004386171,FAIL
1560,,14:22.5,18:33.8,0 days 00:04:11.238438,2,96,8,16,3,5,10,4,9,6,2,5,2,10,,,3,7,10,6,10,10,10,10,5,5,8,10,2,5,4,10,10,,,,,,,,,,,,,,8,3,mixed,mixed,mixed,normal,8,10,7,,4,9,8,9,10,0.004564414,FAIL
1561,,18:33.8,22:39.0,0 days 00:04:05.272140,2,96,8,16,3,5,10,4,10,6,2,5,2,10,,,3,7,10,6,10,10,10,10,5,,8,10,2,5,4,10,10,,,,,,,,,,,,,,8,3,mixed,mixed,mixed,normal,8,9,7,,4,9,8,9,10,0.004360794,FAIL
1562,,22:39.0,26:47.2,0 days 00:04:08.134446,2,96,8,16,3,5,10,4,10,6,2,5,2,10,,,3,7,5,,,,,,,,8,10,2,5,4,10,10,,,,,,,,,,,,,,8,3,mixed,mixed,mixed,normal,8,3,7,,4,9,8,9,10,0.002791736,FAIL
1563,,26:47.2,30:58.8,0 days 00:04:11.640176,2,96,8,16,3,5,10,4,10,6,2,5,2,10,,,3,7,10,6,10,10,10,10,5,5,8,10,2,5,4,10,10,,,,,,,,,,,,,,8,3,mixed,mixed,mixed,normal,8,10,7,,4,9,8,9,10,0.004351149,FAIL
1564,,30:58.8,35:06.2,0 days 00:04:07.346240,2,96,8,16,3,5,10,4,9,6,2,5,2,10,,,3,7,10,6,10,9,10,10,5,,8,10,2,5,4,10,10,,,,,,,,,,,,,,8,3,mixed,mixed,mixed,normal,8,9,7,,4,9,8,9,10,0.004251906,FAIL
1565,,35:06.2,39:16.2,0 days 00:04:10.064696,2,96,8,16,3,5,10,4,9,6,2,5,2,10,,,3,7,10,6,10,10,10,10,5,5,8,8,2,5,4,10,10,,,,,,,,,,,,,,8,3,mixed,mixed,mixed,normal,8,10,7,,4,9,8,9,10,0.004847152,FAIL
1566,,39:16.2,43:26.7,0 days 00:04:10.492799,2,96,8,16,3,5,10,4,10,6,2,5,2,10,,,3,7,10,6,10,10,10,10,5,5,8,10,2,5,4,10,10,,,,,,,,,,,,,,8,3,mixed,mixed,mixed,normal,8,10,7,,4,9,8,9,4,0.004811452,FAIL
1567,,43:26.7,47:36.9,0 days 00:04:10.179916,2,96,8,16,3,5,10,4,10,6,2,5,2,10,,,3,7,10,6,10,10,10,10,5,5,8,10,2,5,4,10,10,,,,,,,,,,,,,,8,3,mixed,mixed,mixed,normal,8,10,7,,4,9,8,9,10,0.004982432,FAIL
1568,,47:36.9,51:47.5,0 days 00:04:10.549979,2,96,8,16,3,5,10,4,10,6,2,5,2,9,10,,3,7,10,6,10,10,10,10,5,5,8,10,2,5,4,10,10,,,,,,,,,,,,,,8,3,mixed,mixed,mixed,normal,9,10,7,,4,9,8,9,10,0.002901835,FAIL
1569,,51:47.5,55:56.9,0 days 00:04:09.406344,2,96,8,16,3,5,10,4,10,6,2,5,2,10,,,3,7,10,6,10,10,10,10,5,5,8,10,2,5,4,10,10,,,,,,,,,,,,,,8,3,mixed,mixed,mixed,normal,8,10,7,,4,9,8,9,10,0.004750611,FAIL
1570,,55:56.9,00:03.5,0 days 00:04:06.615893,2,96,8,16,3,5,10,4,10,6,2,5,3,10,,,3,7,10,5,10,10,10,10,5,5,8,10,2,5,4,10,10,,,,,,,,,,,,,,8,3,mixed,mixed,mixed,normal,8,10,7,,4,9,8,9,10,0.001226068,FAIL
1571,,00:03.5,04:13.2,0 days 00:04:09.663551,2,96,8,16,3,5,10,4,10,6,2,5,2,10,,,3,7,10,6,10,10,10,10,5,5,8,10,4,5,5,10,10,,,,,,,,,,,,,,8,3,mixed,mixed,mixed,normal,8,10,7,,4,9,8,9,10,0.004297944,FAIL
1572,,04:13.2,08:22.8,0 days 00:04:09.610941,2,96,8,16,3,5,10,5,10,6,2,10,2,10,,,3,7,10,6,10,10,10,10,5,5,8,10,2,5,4,10,10,,,,,,,,,,,,,,8,3,mixed,mixed,mixed,normal,8,10,7,,4,9,8,9,10,0.005046257,FAIL
1573,,08:22.8,12:32.3,0 days 00:04:09.492874,2,96,8,16,3,5,10,4,8,6,2,5,2,10,,,3,7,10,6,10,8,10,10,5,5,8,10,2,5,4,10,10,10,,,,,,,,,,,,,8,3,mixed,mixed,mixed,normal,8,10,8,,4,9,8,9,10,0.004378729,FAIL
1574,,12:32.3,16:39.9,0 days 00:04:07.577771,2,96,8,16,3,5,10,4,10,6,2,5,2,10,,,3,7,10,6,10,9,10,10,6,5,8,10,2,5,4,10,10,,,,,,,,,,,,,,8,3,mixed,mixed,mixed,normal,8,10,7,,4,9,8,9,10,0.004756936,FAIL
1575,,16:39.9,20:52.0,0 days 00:04:12.125538,2,96,8,16,3,5,10,4,10,6,2,5,2,10,,,3,7,10,6,10,10,10,10,5,5,8,10,2,5,4,10,10,,,,,,,,,,,,,,8,3,mixed,mixed,mixed,,8,10,7,,3,9,8,9,,0.004396185,FAIL
1576,,20:52.0,24:59.7,0 days 00:04:07.702398,2,96,8,16,3,5,9,4,10,6,2,5,2,10,,,3,7,10,6,10,10,10,10,5,5,8,10,2,5,4,10,10,,,,,,,,,,,,,,8,3,mixed,mixed,mixed,normal,8,10,7,,4,9,6,9,10,0.004423919,FAIL
1577,,24:59.7,29:11.0,0 days 00:04:11.287555,2,96,8,16,3,5,10,4,10,6,2,5,3,10,,,3,7,10,6,10,10,10,10,5,5,8,10,2,5,4,10,10,,,,,,,,,,,,,,8,3,mixed,mixed,mixed,normal,8,10,7,,4,9,8,9,10,0.001218653,FAIL
1578,,29:11.0,33:18.4,0 days 00:04:07.451632,2,96,8,16,3,5,10,4,10,6,2,5,2,10,,,3,7,10,6,10,10,10,10,5,5,8,10,2,5,4,10,10,,,,,,,,,,,,,,8,3,mixed,mixed,mixed,normal,8,10,7,,4,9,8,9,10,0.002895085,FAIL
1579,,33:18.5,37:25.2,0 days 00:04:06.703739,2,96,8,16,3,5,10,4,9,6,2,5,2,10,,,3,7,10,6,10,10,10,10,5,5,8,10,2,5,4,4,10,,,,,,,,,,,,,,8,3,mixed,mixed,mixed,normal,8,10,7,,4,9,8,9,10,0.004598279,FAIL
1580,,37:25.2,41:34.6,0 days 00:04:09.411207,2,96,8,16,3,5,10,4,10,6,2,5,2,10,,,3,7,10,6,10,10,10,10,5,,8,10,2,5,4,10,10,,,,,,,,,,,,,,8,3,mixed,mixed,mixed,normal,8,9,7,,4,9,8,9,10,0.001264128,FAIL
1581,,41:34.6,45:44.8,0 days 00:04:10.217095,2,96,8,16,3,5,10,4,10,6,2,5,2,10,,,3,7,10,5,10,9,10,10,5,5,8,10,2,5,4,10,10,,,,,,,,,,,,,,8,3,mixed,mixed,mixed,normal,8,10,7,,4,9,8,9,10,0.004505346,FAIL
1582,,45:44.8,49:49.4,0 days 00:04:04.591499,2,96,8,16,3,5,10,4,10,6,2,5,2,10,,,3,7,10,6,10,10,10,10,6,5,8,8,2,5,4,10,10,,,,,,,,,,,,,,8,3,mixed,mixed,mixed,normal,8,10,7,,4,9,8,9,4,0.004629977,FAIL
1583,,49:49.4,53:59.2,0 days 00:04:09.781266,2,96,8,16,3,5,10,4,10,6,2,5,2,10,,,3,7,10,6,10,10,10,10,5,5,8,10,4,5,4,10,10,,,,,,,,,,,,,,8,3,mixed,mixed,mixed,normal,8,10,7,,4,9,8,9,10,0.004414738,FAIL
1584,,53:59.2,58:07.4,0 days 00:04:08.194388,2,96,8,16,3,5,10,4,10,6,2,5,2,10,,,3,7,10,6,9,10,10,10,5,5,8,10,2,5,4,10,10,,,,,,,,,,,,,,8,3,mixed,mixed,mixed,normal,8,10,7,,4,9,8,9,10,0.004370004,FAIL
1585,,58:07.4,02:18.9,0 days 00:04:11.475068,2,96,8,16,3,5,10,4,9,6,2,5,2,10,,,3,7,7,6,10,10,10,10,5,5,8,10,2,5,4,5,10,,,,,,,,,,,,,,8,3,mixed,mixed,mixed,normal,8,10,7,,4,9,8,9,10,0.004257824,FAIL
1586,,02:18.9,06:27.6,0 days 00:04:08.761659,2,96,8,16,3,5,10,4,10,6,2,5,4,10,,,3,7,10,6,10,10,10,10,5,5,8,10,2,5,4,10,10,,,,,,,,,,,,,,8,3,mixed,mixed,mixed,normal,8,10,7,,4,9,8,9,10,0.004422395,FAIL
1587,,06:27.6,10:34.0,0 days 00:04:06.378311,2,96,8,16,3,5,10,4,10,6,2,5,2,10,,,3,7,10,6,10,10,10,10,5,4,8,10,2,5,4,10,10,,,,,,,,,,,,,,8,3,mixed,mixed,mixed,normal,8,10,7,,4,9,8,9,10,0.00459995,FAIL
1588,,10:34.0,14:42.4,0 days 00:04:08.434361,2,96,8,16,3,5,10,4,9,6,2,5,2,10,,,3,7,10,6,10,10,10,10,5,5,8,10,2,5,4,10,10,,,,,,,,,,,,,,8,3,mixed,mixed,mixed,normal,8,10,7,,4,9,8,9,10,0.004683014,FAIL
1589,,14:42.4,18:54.9,0 days 00:04:12.487187,2,96,8,16,3,5,10,4,10,6,2,5,3,10,,,3,7,10,6,10,10,10,10,6,4,8,10,4,5,4,10,10,,,,,,,,,,,,,,8,3,mixed,mixed,mixed,normal,8,10,7,,4,9,8,9,10,0.001264765,FAIL
1590,,18:54.9,23:05.6,0 days 00:04:10.652134,2,96,8,16,3,5,10,4,10,6,2,5,4,10,,,3,7,10,6,10,10,10,10,5,5,8,10,2,5,4,10,10,,,,,,,,,,,,,,8,3,mixed,mixed,mixed,normal,8,10,7,,4,9,8,9,10,0.004514678,FAIL
1591,,23:05.6,27:14.3,0 days 00:04:08.684615,2,96,8,16,3,5,10,4,10,6,2,5,2,10,,,3,7,10,6,10,9,10,10,5,5,8,10,2,5,4,10,10,,,,,,,,,,,,,,8,3,mixed,mixed,mixed,normal,8,10,7,,4,9,8,9,10,0.00290804,FAIL
1592,,27:14.3,31:24.5,0 days 00:04:10.179696,2,96,8,16,3,5,10,4,10,6,2,5,2,10,,,3,7,10,6,10,10,10,10,5,5,8,10,2,5,4,10,10,,,,,,,,,,,,,,8,3,mixed,mixed,mixed,normal,8,10,7,,4,9,8,9,10,0.004833443,FAIL
1593,,31:24.5,35:34.3,0 days 00:04:09.868066,2,96,8,16,3,5,10,4,10,6,2,5,2,10,,,3,7,10,6,10,10,10,10,5,,8,10,2,5,4,10,10,,,,,,,,,,,,,,8,3,mixed,mixed,mixed,normal,8,9,7,,4,9,8,9,10,0.004612404,FAIL
1594,,35:34.3,39:44.7,0 days 00:04:10.390477,2,96,8,16,3,5,10,4,10,6,2,5,2,10,,,3,7,10,6,10,10,10,10,5,5,8,10,2,5,4,10,10,,,,,,,,,,,,,,8,3,mixed,mixed,mixed,normal,8,10,7,,4,9,8,9,10,0.001247142,FAIL
1595,,39:44.7,43:54.4,0 days 00:04:09.703057,2,96,8,16,3,5,9,4,10,6,2,5,2,10,,,3,7,5,6,10,10,10,10,5,5,7,10,2,5,4,10,10,,,,,,,,,,,,,,8,3,mixed,mixed,mixed,normal,8,10,7,,4,9,8,9,10,0.002914846,FAIL
1596,,43:54.4,48:02.5,0 days 00:04:08.095411,2,96,8,16,3,5,10,4,10,6,2,5,2,10,,,3,7,10,6,10,10,10,10,5,5,8,10,2,5,4,10,10,,,,,,,,,,,,,,8,3,mixed,mixed,mixed,normal,8,10,7,,4,9,8,9,10,0.002826278,FAIL
1597,,48:02.5,52:08.3,0 days 00:04:05.788812,2,96,8,16,3,5,10,4,10,6,2,5,2,10,,,3,7,10,6,10,10,10,10,5,5,8,10,2,5,4,10,10,,,,,,,,,,,,,,8,3,mixed,mixed,mixed,normal,8,10,7,,4,9,8,9,4,0.004839627,FAIL
1598,,52:08.3,56:15.0,0 days 00:04:06.683840,2,96,8,16,3,5,10,4,10,6,2,5,2,10,,,3,7,10,6,10,10,10,10,5,5,8,10,2,5,4,10,10,,,,,,,,,,,,,,8,3,mixed,mixed,mixed,normal,8,10,7,,4,9,8,9,10,0.002923911,FAIL
1599,,56:15.0,01:16.5,0 days 00:05:01.449844,2,96,8,16,3,5,10,4,10,6,2,10,2,10,,,3,7,10,6,10,10,10,10,5,5,8,10,2,5,4,10,10,,,,,,,,,,,,,,8,3,mixed,mixed,mixed,normal,8,10,7,,4,9,8,9,10,0.004617185,FAIL
1600,,01:16.5,05:38.2,0 days 00:04:21.686476,4,96,8,16,3,5,10,4,10,5,7,5,2,10,,,3,7,10,6,10,10,10,10,5,5,8,10,2,5,4,10,10,,,,,,,,,,,,,,8,3,mixed,mixed,mixed,normal,8,10,7,,4,9,8,9,4,0.00460569,FAIL
1601,,05:38.2,09:48.8,0 days 00:04:10.621917,2,96,8,16,3,5,10,4,10,6,2,5,2,10,,,3,7,10,6,10,10,10,10,5,5,8,10,2,5,4,10,10,,,,,,,,,,,,,,8,3,mixed,mixed,mixed,normal,8,10,7,,4,9,8,9,10,0.004802343,FAIL
1602,,09:48.8,14:03.0,0 days 00:04:14.230107,2,96,8,16,3,5,10,4,10,6,2,5,2,10,,,3,7,10,6,10,10,10,10,5,5,8,10,2,5,4,10,2,,,,,,,,,,,,,,8,3,mixed,mixed,mixed,normal,8,10,7,,4,9,8,9,10,0.004424779,FAIL
1603,,14:03.0,19:27.0,0 days 00:05:23.944397,2,96,8,16,3,5,10,4,10,6,2,5,2,10,,,3,7,10,6,10,10,10,10,5,5,8,10,2,5,4,10,10,,,,,,,,,,,,,,8,3,mixed,mixed,mixed,normal,8,10,7,,4,9,8,9,10,0.004489096,FAIL
1604,,19:27.0,25:41.1,0 days 00:06:14.146264,2,96,8,16,3,5,10,4,9,6,2,5,3,10,,,3,7,10,6,10,10,10,10,5,5,8,10,2,5,4,4,10,,,,,,,,,,,,,,8,3,mixed,mixed,mixed,normal,8,10,7,,4,9,8,9,10,0.002969578,FAIL
1605,,25:41.1,32:27.6,0 days 00:06:46.473960,2,96,8,16,3,5,10,4,9,6,2,5,2,10,,,3,7,10,6,10,10,10,10,5,5,8,10,2,5,4,10,10,,,,,,,,,,,,,,8,3,mixed,mixed,mixed,normal,8,10,7,,4,9,8,9,10,0.004517231,FAIL
1606,,32:27.6,38:52.7,0 days 00:06:25.064146,2,96,8,16,3,5,10,4,9,6,2,5,2,10,,,3,7,10,6,10,10,10,10,5,5,8,8,2,5,4,10,10,,,,,,,,,,,,,,8,3,mixed,mixed,mixed,normal,8,10,7,,4,9,8,9,4,0.004792607,FAIL
1607,,38:52.7,44:55.1,0 days 00:06:02.429279,2,96,8,16,3,5,10,4,10,6,2,5,2,10,,,3,7,10,6,10,10,10,10,5,5,8,10,2,5,4,4,10,,,,,,,,,,,,,,8,3,mixed,mixed,mixed,normal,8,10,7,,4,9,8,9,10,0.004611231,FAIL
1608,,44:55.1,50:48.3,0 days 00:05:53.166260,2,96,8,16,3,5,10,4,10,6,2,10,2,10,,,3,7,10,6,10,10,10,10,5,5,8,10,2,5,4,10,10,,,,,,,,,,,,,,8,3,mixed,mixed,mixed,normal,8,10,7,,4,9,8,9,10,0.001217392,FAIL
1609,,50:48.3,57:07.6,0 days 00:06:19.335979,2,96,8,16,3,5,10,4,10,6,2,5,4,9,,,3,7,10,6,10,9,10,10,5,5,8,10,2,5,4,10,10,,,,,,,,,,,,,,8,3,mixed,mixed,mixed,normal,8,10,7,,4,9,8,9,10,0.002861361,FAIL
1610,,57:07.6,03:17.5,0 days 00:06:09.852945,2,96,8,16,3,5,10,4,10,6,2,5,2,10,,,3,7,10,6,10,10,10,10,5,5,8,10,2,5,4,10,10,,,,,,,,,,,,,,8,3,mixed,mixed,mixed,normal,8,10,7,,4,9,8,9,10,0.002906282,FAIL
1611,,03:17.5,09:57.6,0 days 00:06:40.060709,2,96,8,16,3,5,10,4,10,6,2,5,2,10,,,3,7,10,6,10,9,10,10,5,5,8,10,2,5,4,10,10,,,,,,,,,,,,,,8,3,mixed,mixed,mixed,normal,8,10,7,,4,9,8,9,10,0.004538088,FAIL
1612,,09:57.6,16:15.0,0 days 00:06:17.446306,2,96,8,16,3,5,10,4,8,6,2,5,2,10,,,3,7,10,6,10,10,10,10,5,5,8,10,4,5,4,4,10,,,,,,,,,,,,,,8,3,mixed,mixed,mixed,normal,8,10,7,,4,9,8,9,10,0.0045625,FAIL
1613,,16:15.0,22:35.5,0 days 00:06:20.514349,2,96,8,16,3,5,10,4,10,6,2,5,2,10,,,3,7,10,6,10,10,10,10,5,5,8,10,2,5,4,10,10,,,,,,,,,,,,,,8,3,mixed,mixed,mixed,normal,8,10,7,,4,9,8,9,10,0.004569754,FAIL
1614,,22:35.6,29:27.8,0 days 00:06:52.225916,2,96,8,16,3,5,10,4,10,5,2,5,2,10,,,3,7,10,6,10,10,10,10,5,5,8,10,2,5,4,10,10,,,,,,,,,,,,,,8,3,mixed,mixed,mixed,normal,8,10,7,,4,9,8,9,10,0.004552761,FAIL
1615,,29:27.8,35:39.2,0 days 00:06:11.368559,2,96,8,16,3,5,10,4,10,6,2,10,2,10,9,,3,7,10,6,10,10,10,10,5,5,8,10,2,5,4,4,10,,,,,,,,,,,,,,8,3,mixed,mixed,mixed,normal,9,10,7,,4,9,8,9,10,0.004562925,FAIL
1616,,35:39.2,41:59.3,0 days 00:06:20.164262,2,96,8,16,3,5,10,4,10,6,2,5,2,10,,,3,7,10,6,10,10,10,10,5,,8,10,2,5,4,5,10,,,,,,,,,,,,,,8,3,mixed,mixed,mixed,normal,8,9,7,,4,9,8,9,10,0.001250592,FAIL
1617,,41:59.3,48:48.9,0 days 00:06:49.619743,2,96,8,16,3,5,10,4,10,6,2,5,3,10,,,3,7,10,6,10,8,10,10,5,5,8,10,2,5,4,10,10,,,,,,,,,,,,,,8,3,mixed,mixed,mixed,normal,8,10,7,,4,9,8,9,10,0.005049793,FAIL
1618,,48:49.0,55:13.8,0 days 00:06:24.845063,2,96,8,16,3,5,10,4,10,6,2,5,2,10,,,3,7,10,6,10,10,10,10,6,5,8,10,2,5,4,10,10,,,,,,,,,,,,,,8,3,mixed,mixed,mixed,normal,8,10,7,,4,9,8,9,10,0.00441316,FAIL
1619,,55:13.8,02:04.4,0 days 00:06:50.615352,2,96,8,16,3,5,10,4,10,6,2,5,3,10,,,3,7,5,6,10,10,10,10,5,5,8,10,2,5,4,10,10,,,,,,,,,,,,,,8,3,mixed,mixed,mixed,normal,8,10,7,,4,9,8,9,10,0.004370106,FAIL
1620,,02:04.4,08:18.2,0 days 00:06:13.823947,2,96,8,16,3,5,10,4,10,6,2,5,2,10,,,3,7,10,6,10,10,10,10,5,5,8,10,4,5,4,10,10,,,,,,,,,,,,,,8,3,mixed,mixed,mixed,normal,8,10,7,,4,9,8,9,4,0.00125469,FAIL
1621,,08:18.3,14:40.6,0 days 00:06:22.317119,2,96,8,16,3,5,10,5,10,6,2,5,2,10,,,3,7,10,6,10,10,10,10,5,5,8,10,2,5,4,10,10,,,,,,,,,,,,,,8,3,mixed,mixed,mixed,normal,8,10,7,,4,9,8,9,10,0.001250531,FAIL
1622,,14:40.6,20:45.9,0 days 00:06:05.347584,2,96,8,16,3,5,10,4,9,6,2,5,3,10,,,3,7,10,6,10,10,10,10,5,4,8,10,2,5,4,10,10,,,,,,,,,,,,,,8,3,mixed,mixed,mixed,normal,8,10,7,,4,9,8,9,10,0.004796544,FAIL
1623,,20:45.9,27:21.6,0 days 00:06:35.705164,2,96,8,16,3,5,10,4,10,6,2,5,3,10,,,3,7,10,6,10,10,10,10,5,,8,10,2,5,4,10,10,,,,,,,,,,,,,,8,3,mixed,mixed,mixed,normal,8,9,7,,4,9,8,9,10,0.004689026,FAIL
1624,,27:21.6,33:51.0,0 days 00:06:29.401588,2,96,8,16,3,5,10,4,10,6,2,5,2,10,,,3,7,10,6,10,10,10,10,5,5,8,10,2,5,4,4,10,,,,,,,,,,,,,,8,3,mixed,mixed,mixed,normal,8,10,7,,4,9,8,9,10,0.004574664,FAIL
1625,,33:51.0,40:43.0,0 days 00:06:51.932581,2,96,8,16,3,5,10,4,10,6,2,5,2,10,,,3,7,10,6,10,10,10,10,5,5,8,10,2,5,4,10,10,,,,,,,,,,,,,,8,3,mixed,mixed,mixed,normal,8,10,7,,4,9,8,9,4,0.0012704,FAIL
1626,,40:43.0,47:30.4,0 days 00:06:47.451311,2,96,8,16,3,5,10,4,9,6,2,5,2,10,,,3,7,10,6,10,10,10,10,5,5,8,10,2,5,4,10,10,,,,,,,,,,,,,,8,3,mixed,mixed,mixed,normal,8,10,7,,4,9,6,9,10,0.004715197,FAIL
1627,,47:30.4,53:56.4,0 days 00:06:25.969154,2,96,8,16,3,5,10,5,10,6,2,5,2,10,,,3,7,10,6,10,10,10,10,5,5,8,10,2,5,4,4,10,,,,,,,,,,,,,,8,3,mixed,mixed,mixed,normal,8,10,7,,4,9,8,9,10,0.001218235,FAIL
1628,,53:56.4,00:33.5,0 days 00:06:37.098879,2,96,8,16,3,5,10,4,10,6,2,5,3,10,,,3,7,10,6,10,9,10,10,5,5,8,10,2,5,4,10,10,,,,,,,,,,,,,,8,3,mixed,mixed,mixed,normal,8,10,7,,4,9,8,9,10,0.004537883,FAIL
1629,,00:33.5,07:03.2,0 days 00:06:29.677971,2,96,8,16,3,5,10,4,9,5,2,5,4,10,,,3,7,10,6,10,10,10,10,5,4,8,10,2,5,4,4,10,,,,,,,,,,,,,,8,4,mixed,mixed,mixed,normal,8,10,7,,4,9,8,9,10,0.004692406,FAIL
1630,,07:03.2,13:17.4,0 days 00:06:14.191125,2,96,8,16,3,5,10,4,10,6,2,5,2,10,,,3,7,10,6,10,9,10,10,5,5,8,10,2,5,4,10,10,,,,,,,,,,,,,,8,3,mixed,mixed,mixed,normal,8,10,7,,4,9,8,9,10,0.00483247,FAIL
1631,,13:17.4,20:10.3,0 days 00:06:52.923420,2,96,8,16,3,5,10,4,9,6,2,5,3,10,,,3,7,5,6,10,10,10,10,5,5,8,10,2,5,4,10,10,,,,,,,,,,,,,,8,3,mixed,mixed,mixed,normal,8,10,7,,4,9,8,9,10,0.001225639,FAIL
1632,,20:10.3,26:17.1,0 days 00:06:06.718101,2,96,8,16,3,5,10,4,10,6,2,5,2,10,,,3,7,10,6,10,10,10,10,5,5,8,10,2,5,4,4,10,,,,,,,,,,,,,,8,3,mixed,mixed,mixed,normal,8,10,7,,4,9,8,9,10,0.004537138,FAIL
1633,,26:17.1,33:30.3,0 days 00:07:13.203327,2,96,8,16,3,5,10,4,10,6,2,5,2,10,,,3,7,5,6,10,10,10,10,5,5,8,10,2,5,4,10,10,,,,,,,,,,,,,,8,3,mixed,mixed,mixed,normal,8,10,7,,4,9,8,9,10,0.004625234,FAIL
1634,,33:30.3,40:08.1,0 days 00:06:37.838559,2,96,8,16,3,5,10,4,10,6,2,5,3,10,,,3,7,10,6,10,10,10,10,5,5,8,10,2,5,4,10,10,,,,,,,,,,,,,,8,3,mixed,mixed,mixed,normal,8,10,7,,4,9,8,9,10,0.004639193,FAIL
1635,,40:08.1,46:43.9,0 days 00:06:35.802596,2,96,8,16,3,5,10,4,10,6,2,5,2,10,,,3,7,10,6,10,10,10,10,5,5,8,10,2,5,4,10,10,,,,,,,,,,,,,,8,3,mixed,mixed,mixed,normal,8,10,7,,4,9,8,9,10,0.004533322,FAIL
1636,,46:43.9,52:54.1,0 days 00:06:10.163110,2,96,8,16,3,5,10,4,10,6,2,5,2,9,,,3,7,10,6,10,10,10,10,5,5,8,10,2,5,4,10,10,,,,,,,,,,,,,,8,3,mixed,mixed,mixed,normal,8,10,7,,4,9,8,9,10,0.004474211,FAIL
1637,,52:54.1,59:23.5,0 days 00:06:29.401998,2,96,8,16,3,5,10,4,10,6,2,5,2,9,,,3,5,10,6,10,10,10,10,5,5,8,10,2,5,4,10,10,,,,,,,,,,,,,,8,3,mixed,mixed,mixed,normal,8,10,7,,4,9,8,9,10,0.004566399,FAIL
1638,,59:23.5,05:49.8,0 days 00:06:26.284380,2,96,8,16,3,5,10,4,10,6,2,10,3,10,,,3,7,10,6,10,10,10,10,5,5,8,10,2,5,4,10,10,,,,,,,,,,,,,,8,3,mixed,mixed,mixed,normal,8,10,7,,4,9,8,9,4,0.00297612,FAIL
1639,,05:49.8,12:39.9,0 days 00:06:50.084107,2,96,8,16,3,5,10,5,10,6,2,5,4,9,10,,3,7,10,6,10,10,10,10,5,5,8,10,2,5,4,10,10,,,,,,,,,,,,,,8,3,mixed,mixed,mixed,normal,9,10,7,,4,9,8,9,10,0.004478729,FAIL
1640,,12:39.9,19:12.3,0 days 00:06:32.451471,2,96,8,16,3,5,10,4,10,6,2,5,2,10,,,3,7,10,6,10,10,10,10,5,5,8,10,2,5,4,10,10,,,,,,,,,,,,,,8,3,mixed,mixed,mixed,normal,8,10,7,,4,9,8,9,10,0.004397698,FAIL
1641,,19:12.3,26:25.7,0 days 00:07:13.342721,2,96,8,16,3,5,10,4,9,6,2,5,2,10,,,3,7,10,6,10,9,10,10,5,5,8,10,2,5,4,4,10,,,,,,,,,,,,,,8,3,mixed,mixed,mixed,normal,8,10,7,,4,9,8,9,10,0.004587595,FAIL
1642,,26:25.7,32:57.2,0 days 00:06:31.479040,2,96,8,16,3,5,10,4,10,6,2,5,2,10,,,3,7,10,6,10,9,10,10,5,5,7,10,2,5,4,10,10,,,,,,,,,,,,,,8,3,mixed,mixed,mixed,normal,8,10,7,,4,9,8,9,10,0.001232265,FAIL
1643,,32:57.2,39:58.1,0 days 00:07:00.965069,2,96,8,16,3,5,10,4,10,6,2,5,3,10,,,3,7,10,6,10,10,10,10,5,5,8,10,2,5,4,10,10,,,,,,,,,,,,,,8,3,mixed,mixed,mixed,normal,8,10,7,,4,9,8,9,10,0.004490259,FAIL
1644,,39:58.1,46:35.8,0 days 00:06:37.638342,2,96,8,16,3,5,10,4,10,6,2,5,2,10,,,3,7,10,6,10,10,10,10,5,5,8,10,2,5,4,10,10,,,,,,,,,,,,,,8,3,mixed,mixed,mixed,normal,8,10,7,,4,9,8,9,10,0.004584733,FAIL
1645,,46:35.8,53:10.8,0 days 00:06:34.983121,2,96,8,16,3,5,10,4,10,6,2,5,2,10,,,3,7,10,6,10,10,10,10,5,5,8,10,4,5,4,10,10,,,,,,,,,,,,,,8,3,mixed,mixed,mixed,normal,8,10,7,,4,9,8,9,10,0.002866957,FAIL
1646,,53:10.8,59:25.8,0 days 00:06:14.990443,2,96,8,16,3,5,10,4,10,6,2,5,2,9,,,3,7,10,6,10,9,10,10,6,5,8,10,2,5,4,10,10,,,,,,,,,,,,,,8,3,mixed,mixed,mixed,normal,8,10,7,,4,9,8,9,10,0.001261001,FAIL
1647,,59:25.8,05:49.9,0 days 00:06:24.171356,2,96,8,16,3,5,10,4,10,6,2,5,2,10,,,3,7,10,6,10,10,10,10,5,4,8,10,2,5,4,4,6,,,,,,,,,,,,,,8,3,mixed,mixed,mixed,normal,8,10,7,,4,9,8,9,10,0.004652596,FAIL
1648,,05:49.9,12:10.2,0 days 00:06:20.260437,2,96,8,16,3,5,9,4,10,6,2,5,4,9,,,3,7,10,6,10,10,10,10,5,5,8,10,4,5,4,10,10,,,,,,,,,,,,,,8,3,mixed,mixed,mixed,normal,8,10,7,,4,9,8,9,10,0.001261176,FAIL
1649,,12:10.2,18:55.6,0 days 00:06:45.398009,2,96,8,16,3,5,10,4,10,6,2,10,2,10,,,3,7,10,6,10,10,10,10,5,5,8,10,2,5,4,10,10,,,,,,,,,,,,,,8,3,mixed,mixed,mixed,normal,8,10,7,,4,9,8,9,10,0.001261385,FAIL
1650,,18:55.6,25:59.9,0 days 00:07:04.325201,2,96,8,16,3,5,10,4,10,6,2,5,2,10,,,3,7,10,6,10,10,10,10,5,5,8,10,2,5,4,4,10,,,,,,,,,,,,,,8,3,mixed,mixed,mixed,normal,8,10,7,,4,9,8,9,10,0.004642939,FAIL
1651,,26:00.0,32:31.5,0 days 00:06:31.563383,2,96,8,16,3,5,10,4,10,6,2,5,2,10,,,3,7,10,6,10,10,10,10,5,5,8,10,2,5,4,4,10,,,,,,,,,,,,,,8,3,mixed,mixed,mixed,normal,8,10,7,,4,9,8,9,10,0.001213276,FAIL
1652,,32:31.5,39:33.2,0 days 00:07:01.685563,2,96,8,16,3,5,10,4,10,6,2,5,2,10,,,3,7,10,6,10,10,10,10,5,5,8,10,2,5,4,10,10,,,,,,,,,,,,,,8,3,mixed,mixed,mixed,normal,8,10,7,,4,9,8,9,10,0.004528466,FAIL
1653,,39:33.2,46:07.3,0 days 00:06:34.042381,2,96,8,16,3,5,10,4,10,6,2,10,2,10,,,3,7,10,6,10,9,10,10,5,5,8,10,2,5,4,10,10,,,,,,,,,,,,,,8,3,mixed,mixed,mixed,normal,8,10,7,,4,9,8,9,10,0.004422194,FAIL
1654,,46:07.3,52:55.4,0 days 00:06:48.117785,2,96,8,16,3,5,10,4,9,6,2,5,2,10,,,3,7,10,6,10,9,10,10,5,5,8,10,2,5,4,10,10,,,,,,,,,,,,,,8,3,mixed,mixed,mixed,normal,8,10,7,,4,9,8,9,10,0.004758582,FAIL
1655,,52:55.4,59:49.1,0 days 00:06:53.681216,2,96,8,16,3,5,10,4,10,5,2,5,2,10,,,3,7,10,6,10,10,10,10,5,5,8,8,2,5,4,10,10,,,,,,,,,,,,,,8,3,mixed,mixed,mixed,normal,8,10,7,,4,9,8,9,10,0.00456254,FAIL
1656,,59:49.1,07:03.3,0 days 00:07:14.216259,2,96,8,16,3,5,10,4,10,6,2,5,2,10,10,,3,7,10,6,10,10,10,10,5,5,7,10,2,5,4,10,10,,,,,,,,,,,,,,8,3,mixed,mixed,mixed,normal,9,10,7,,4,9,8,9,10,0.004445863,FAIL
1657,,07:03.3,13:36.2,0 days 00:06:32.869933,2,96,8,16,3,5,9,4,9,6,2,5,2,10,,,3,7,10,6,10,10,10,10,5,5,7,10,2,5,4,10,10,,,,,,,,,,,,,,8,3,mixed,mixed,mixed,normal,8,10,7,,4,9,8,9,10,0.00483497,FAIL
1658,,13:36.2,20:31.8,0 days 00:06:55.669148,2,96,8,16,3,5,10,4,9,6,2,5,2,10,,,3,7,10,6,10,10,10,10,5,5,8,10,2,5,4,10,10,,,,,,,,,,,,,,8,3,mixed,mixed,mixed,normal,8,10,7,,4,9,8,9,10,0.004883933,FAIL
1659,,20:31.9,27:10.4,0 days 00:06:38.570030,2,96,8,16,3,5,10,4,10,6,2,5,2,10,,,3,7,10,6,10,10,10,10,5,5,8,10,4,5,4,10,10,,,,,,,,,,,,,,8,3,mixed,mixed,mixed,normal,8,10,7,,4,9,8,9,10,0.002941222,FAIL
1660,,27:10.4,33:20.5,0 days 00:06:10.022545,2,96,8,16,3,5,10,4,10,6,2,10,2,10,,,3,7,5,6,10,10,10,10,5,5,8,10,2,5,4,4,10,,,,,,,,,,,,,,8,3,mixed,mixed,mixed,normal,8,10,7,,4,9,8,9,10,0.004404919,FAIL
1661,,33:20.5,39:29.0,0 days 00:06:08.502537,2,96,8,16,3,5,10,4,9,6,2,5,3,10,,,3,7,10,6,10,9,10,10,5,5,8,10,2,5,4,10,10,,,,,,,,,,,,,,8,3,mixed,mixed,mixed,normal,8,10,7,,4,9,8,9,4,0.007381913,FAIL
1662,,39:29.0,45:57.0,0 days 00:06:27.993156,2,96,8,16,3,5,9,5,10,6,2,5,2,10,,,3,7,10,6,10,10,10,10,5,5,8,8,2,5,4,10,10,,,,,,,,,,,,,,8,3,mixed,mixed,mixed,normal,8,10,7,,4,9,8,9,10,0.004416418,FAIL
1663,,45:57.0,52:23.3,0 days 00:06:26.301388,2,96,8,16,3,5,10,4,10,6,2,5,2,10,,,3,7,10,6,10,10,10,10,5,5,8,10,2,5,4,10,10,,,,,,,,,,,,,,8,3,mixed,mixed,mixed,normal,8,10,7,,4,9,8,9,4,0.001231066,FAIL
1664,,52:23.3,58:46.4,0 days 00:06:23.121131,2,96,8,16,3,5,10,4,10,6,2,5,4,10,,,3,7,10,6,10,10,10,10,5,5,8,10,2,5,4,10,10,,,,,,,,,,,,,,8,3,mixed,mixed,mixed,normal,8,10,7,,4,9,8,9,10,0.004474675,FAIL
1665,,58:46.4,05:02.1,0 days 00:06:15.664968,2,96,8,16,3,5,9,4,10,6,2,5,2,10,,,3,7,10,6,10,9,10,10,5,5,8,10,2,5,4,10,10,,,,,,,,,,,,,,8,3,mixed,mixed,mixed,normal,8,10,7,,4,9,8,9,10,0.004857329,FAIL
1666,,05:02.1,11:09.6,0 days 00:06:07.504149,2,96,8,16,3,5,10,4,10,6,2,5,2,10,,,3,7,10,6,10,10,10,10,5,5,8,10,2,5,4,10,10,,,,,,,,,,,,,,8,3,mixed,mixed,mixed,normal,8,10,7,,4,9,8,9,10,0.004401937,FAIL
1667,,11:09.6,17:38.9,0 days 00:06:29.326331,2,96,8,16,3,5,10,4,10,6,2,5,2,10,,,3,7,10,6,10,10,10,10,5,5,8,10,2,5,4,10,10,,,,,,,,,,,,,,8,3,mixed,mixed,mixed,normal,8,10,7,,4,9,8,9,10,0.004497811,FAIL
1668,,17:38.9,24:08.4,0 days 00:06:29.456212,2,96,8,16,3,5,10,4,10,6,2,5,2,10,,,3,7,10,6,10,10,10,10,5,5,8,10,2,5,4,10,10,,,,,,,,,,,,,,8,3,mixed,mixed,mixed,normal,8,10,7,,4,9,8,9,10,0.004752775,FAIL
1669,,24:08.4,31:15.0,0 days 00:07:06.579988,2,96,8,16,3,5,10,4,10,6,2,10,3,10,,,3,7,10,6,10,10,10,10,5,5,8,10,4,5,4,10,10,,,,,,,,,,,,,,8,3,mixed,mixed,mixed,normal,8,10,7,,4,9,2,9,10,0.001212866,FAIL
1670,,31:15.0,37:56.8,0 days 00:06:41.847189,2,96,8,16,3,5,10,4,10,6,2,5,2,10,,,3,7,10,6,10,10,10,10,5,5,8,10,2,5,4,10,10,,,,,,,,,,,,,,8,3,mixed,mixed,mixed,normal,8,10,7,,4,9,8,9,10,0.004747765,FAIL
1671,,37:56.8,45:03.7,0 days 00:07:06.833675,2,96,8,16,3,5,10,4,10,6,2,5,2,10,,,3,7,10,6,10,9,10,10,5,5,8,10,2,5,4,10,10,,,,,,,,,,,,,,8,3,mixed,mixed,mixed,normal,8,10,7,,4,9,8,9,10,0.002958814,FAIL
1672,,45:03.7,51:58.0,0 days 00:06:54.311894,2,96,8,16,3,5,10,4,10,6,2,5,2,10,,,3,7,10,,,,,,,,8,10,2,5,4,10,10,,,,,,,,,,,,,,8,3,mixed,mixed,mixed,normal,8,3,7,,4,9,2,9,10,0.001228845,FAIL
1673,,51:58.0,58:44.9,0 days 00:06:46.856630,2,96,8,16,3,5,10,4,9,6,2,5,2,10,,,3,7,10,6,10,9,10,10,5,5,8,10,2,5,4,10,10,,,,,,,,,,,,,,8,3,mixed,mixed,mixed,normal,8,10,7,,4,9,8,9,10,0.004518223,FAIL
1674,,58:44.9,05:16.4,0 days 00:06:31.510239,2,96,8,16,3,5,10,4,10,6,2,5,3,10,,,3,7,10,6,10,10,10,10,5,5,8,10,2,5,4,10,10,,,,,,,,,,,,,,8,3,mixed,mixed,mixed,normal,8,10,7,,4,9,8,9,10,0.001260075,FAIL
1675,,05:16.4,11:52.2,0 days 00:06:35.769986,2,96,8,16,3,5,10,4,10,6,2,5,2,10,,,3,7,10,5,10,10,10,10,5,5,8,10,2,5,4,10,10,,,,,,,,,,,,,,8,3,mixed,mixed,mixed,normal,8,10,7,,4,9,8,9,10,0.004550533,FAIL
1676,,11:52.2,18:12.5,0 days 00:06:20.313905,2,96,8,16,3,5,10,4,10,6,2,5,2,10,,,3,7,10,6,10,10,10,10,5,5,8,10,2,5,4,10,10,,,,,,,,,,,,,,8,3,mixed,mixed,mixed,normal,8,10,7,,4,9,8,9,10,0.004470917,FAIL
1677,,18:12.5,24:26.3,0 days 00:06:13.761822,2,96,8,16,3,5,10,4,10,6,2,5,2,10,,,3,7,10,6,10,10,10,10,5,5,8,10,2,5,4,10,10,,,,,,,,,,,,,,8,3,mixed,mixed,mixed,normal,8,10,7,,4,9,8,9,10,0.004478881,FAIL
1678,,24:26.3,30:30.1,0 days 00:06:03.879325,2,96,8,16,3,5,10,4,10,6,2,5,2,10,,,3,7,10,6,10,10,10,10,5,5,8,10,2,5,4,10,10,,,,,,,,,,,,,,8,3,mixed,mixed,mixed,normal,8,10,7,,4,9,8,9,10,0.001271251,FAIL
1679,,30:30.1,36:05.8,0 days 00:05:35.615791,2,96,8,16,3,5,10,4,10,6,2,5,2,10,,,3,7,10,6,10,10,10,9,6,5,8,10,2,5,4,4,10,,,,,,,,,,,,,,8,3,mixed,mixed,mixed,normal,8,10,7,,4,9,2,9,10,0.004527217,FAIL
1680,,36:05.8,42:40.6,0 days 00:06:34.851325,2,96,8,16,3,5,10,4,10,6,2,5,2,10,,,3,7,10,6,10,9,10,10,5,5,8,10,2,5,4,10,10,,,,,,,,,,,,,,8,3,mixed,mixed,mixed,normal,8,10,7,,4,9,8,9,10,0.004405357,FAIL
1681,,42:40.6,49:34.6,0 days 00:06:54.028806,2,96,8,16,3,5,10,4,10,6,2,5,2,10,,,3,7,10,6,10,10,10,10,5,4,8,10,2,5,4,10,2,,,,,,,,,,,,,,8,3,mixed,mixed,mixed,normal,8,10,7,,4,9,8,9,10,0.004831974,FAIL
1682,,49:34.7,55:47.8,0 days 00:06:13.129139,2,96,8,16,3,5,10,4,10,6,2,5,2,10,,,3,7,10,6,10,9,10,10,5,5,8,10,2,5,4,10,10,,,,,,,,,,,,,,8,3,mixed,mixed,mixed,normal,8,10,7,,4,9,8,9,10,0.004562545,FAIL
1683,,55:47.8,02:33.7,0 days 00:06:45.873681,2,96,8,16,3,5,10,4,10,6,2,5,2,10,,,3,7,10,6,10,10,10,10,5,5,8,10,2,5,4,10,10,,,,,,,,,,,,,,8,3,mixed,mixed,mixed,normal,8,10,7,,4,9,8,9,10,0.004425279,FAIL
1684,,02:33.7,09:31.5,0 days 00:06:57.827525,2,96,8,16,3,5,10,4,10,6,2,5,2,10,,,3,7,10,6,10,10,10,10,5,4,8,10,2,5,4,10,10,,,,,,,,,,,,,,8,3,mixed,mixed,mixed,normal,8,10,7,,4,9,8,9,10,0.004876644,FAIL
1685,,09:31.5,15:19.7,0 days 00:05:48.177354,2,96,8,16,3,5,10,4,10,6,2,5,2,10,,,3,7,10,6,10,10,10,10,5,5,8,10,2,5,4,10,10,,,,,,,,,,,,,,8,3,mixed,mixed,mixed,normal,8,10,7,,4,9,8,9,10,0.004546967,FAIL
1686,,15:19.7,20:01.8,0 days 00:04:42.102179,2,96,8,16,3,5,10,4,10,6,2,5,2,10,,,3,7,10,6,10,10,10,10,5,5,8,10,2,5,4,10,10,,,,,,,,,,,,,,8,4,mixed,mixed,mixed,normal,8,10,7,,4,9,8,9,10,0.001252671,FAIL
1687,,20:01.8,24:26.3,0 days 00:04:24.501190,2,96,8,16,3,5,10,4,10,6,2,5,3,10,,,3,7,10,6,10,10,10,10,5,5,8,10,2,5,4,10,10,,,,,,,,,,,,,,8,3,mixed,mixed,mixed,normal,8,10,7,,4,9,8,9,10,0.004567016,FAIL
1688,,24:26.3,28:46.2,0 days 00:04:19.868517,2,96,8,16,3,5,10,4,10,6,2,5,3,10,,,3,7,10,6,10,10,10,10,5,,8,10,2,5,4,4,10,,,,,,,,,,,,,,8,3,mixed,mixed,mixed,normal,8,9,7,,4,9,8,9,10,0.004653314,FAIL
1689,,28:46.2,33:06.6,0 days 00:04:20.450186,2,96,8,16,3,5,,,,,,,,,,,3,7,10,6,10,10,10,10,5,5,8,10,2,5,4,4,10,,,,,,,,,,,,,,8,3,normal,mixed,mixed,normal,,10,7,,4,9,8,9,4,0.001256999,FAIL
1690,,33:06.6,37:26.9,0 days 00:04:20.220120,2,96,8,16,3,5,10,4,10,6,2,5,2,10,,,3,7,10,6,10,10,10,10,6,5,8,10,2,5,4,10,10,,,,,,,,,,,,,,8,3,mixed,mixed,mixed,normal,8,10,7,,4,9,8,9,10,0.001219348,FAIL
1691,,37:26.9,41:49.0,0 days 00:04:22.166865,2,96,8,16,3,5,9,5,10,6,2,5,2,10,,,3,7,10,6,10,10,10,10,5,5,8,10,2,5,4,10,10,,,,,,,,,,,,,,8,3,mixed,mixed,mixed,normal,8,10,7,,4,9,8,9,4,0.004466958,FAIL
1692,,41:49.0,46:14.0,0 days 00:04:25.007850,2,96,8,16,3,5,10,4,10,6,2,5,2,10,,,3,7,10,6,10,10,10,10,5,5,8,10,2,5,4,10,10,,,,,,,,,,,,,,8,3,mixed,mixed,mixed,normal,8,10,7,,4,9,8,9,10,0.004448142,FAIL
1693,,46:14.1,50:39.3,0 days 00:04:25.292149,2,96,8,16,3,5,10,4,9,6,2,5,2,10,,,3,7,10,6,10,10,10,10,5,5,8,10,2,5,4,10,10,,,,,,,,,,,,,,8,3,mixed,mixed,mixed,normal,8,10,7,,4,9,8,9,10,0.004548361,FAIL
1694,,50:39.3,55:01.9,0 days 00:04:22.565677,2,96,8,16,3,5,10,4,10,6,2,5,2,10,,,3,7,10,6,10,10,10,10,5,5,8,10,2,5,4,10,10,,,,,,,,,,,,,,8,3,mixed,mixed,mixed,normal,8,10,7,,4,9,8,9,10,0.004433438,FAIL
1695,,55:01.9,59:31.7,0 days 00:04:29.738612,2,96,8,16,3,5,10,4,10,6,2,5,3,10,,,3,7,10,6,10,10,10,10,5,5,8,10,2,5,4,10,10,,,,,,,,,,,,,,8,3,mixed,mixed,mixed,normal,8,10,7,,4,9,8,9,10,0.004874779,FAIL
1696,,59:31.7,03:53.4,0 days 00:04:21.775063,2,96,8,16,3,5,10,4,10,6,2,5,3,10,,,3,7,10,6,10,10,10,10,5,5,8,10,2,5,4,4,10,,,,,,,,,,,,,,8,3,mixed,mixed,mixed,normal,8,10,7,,4,9,8,9,10,0.004418562,FAIL
1697,,03:53.4,08:22.2,0 days 00:04:28.794487,2,96,8,16,3,5,10,4,10,6,2,5,2,10,,,3,7,10,6,10,10,10,10,5,5,8,10,4,5,4,10,10,,,,,,,,,,,,,,8,3,mixed,mixed,mixed,normal,8,10,7,,4,9,8,8,10,0.004687434,FAIL
1698,,08:22.2,12:49.0,0 days 00:04:26.714004,2,96,8,16,3,5,10,5,10,6,2,5,2,10,,,3,7,10,6,10,9,10,10,5,5,8,10,2,5,4,10,10,,,,,,,,,,,,,,8,3,mixed,mixed,mixed,normal,8,10,7,,4,9,8,9,10,0.007262944,FAIL
1699,,12:49.0,17:17.2,0 days 00:04:28.270735,2,96,8,16,3,5,10,4,9,6,2,5,3,10,,,3,7,10,6,10,10,10,10,5,5,8,10,2,5,4,10,10,,,,,,,,,,,,,,8,3,mixed,mixed,mixed,normal,8,10,7,,4,9,8,9,10,0.004867926,FAIL
1700,,17:17.2,21:38.5,0 days 00:04:21.302932,2,96,8,16,3,5,10,4,10,6,2,5,2,10,,,3,7,10,6,10,10,10,10,5,5,8,10,2,5,4,10,10,,,,,,,,,,,,,,8,3,mixed,mixed,mixed,normal,8,10,7,,4,9,8,9,10,0.004656353,FAIL
1701,,21:38.5,25:59.5,0 days 00:04:20.981349,2,96,8,16,3,5,10,4,10,6,2,5,2,10,,,3,7,10,6,10,9,10,10,5,5,8,10,2,5,4,4,10,,,,,,,,,,,,,,8,3,mixed,mixed,mixed,normal,8,10,7,,4,9,8,9,10,0.004462326,FAIL
1702,,25:59.5,30:25.2,0 days 00:04:25.689360,2,96,8,16,3,5,10,4,8,6,2,5,2,10,,,3,7,10,6,10,10,10,10,5,5,8,10,2,5,4,10,10,,,,,,,,,,,,,,8,3,mixed,mixed,mixed,normal,8,10,7,,4,9,8,9,10,0.002929916,FAIL
1703,,30:25.2,34:49.9,0 days 00:04:24.680053,2,96,8,16,3,5,10,4,10,5,2,5,2,10,,,3,7,10,6,10,10,10,10,5,5,8,10,2,5,4,10,10,,,,,,,,,,,,,,8,3,mixed,mixed,mixed,normal,8,10,7,,4,9,8,9,10,0.002879305,FAIL
1704,,34:49.9,39:20.6,0 days 00:04:30.738866,2,96,8,16,3,5,10,4,10,6,2,5,2,10,,,3,7,10,6,10,9,10,10,5,5,8,10,2,5,4,10,10,,,,,,,,,,,,,,8,3,mixed,mixed,mixed,normal,8,10,7,,4,9,8,9,10,0.004601119,FAIL
1705,,39:20.6,43:45.5,0 days 00:04:24.846239,2,96,8,16,3,5,10,4,10,6,7,10,2,10,,,3,7,10,6,10,9,10,10,5,5,8,10,2,5,4,10,10,,,,,,,,,,,,,,8,3,mixed,mixed,mixed,normal,8,10,7,,4,9,8,9,10,0.004677211,FAIL
1706,,43:45.5,48:11.9,0 days 00:04:26.452086,2,96,8,16,3,5,10,4,9,6,2,5,2,10,,,3,7,10,6,10,9,10,10,5,5,8,10,2,5,4,4,10,,,,,,,,,,,,,,8,3,mixed,mixed,mixed,normal,8,10,7,,4,9,8,9,10,0.004330391,FAIL
1707,,48:12.0,52:35.0,0 days 00:04:23.062231,2,96,8,16,3,5,10,4,10,6,2,5,2,10,,,3,7,10,6,10,10,10,10,5,5,8,10,2,5,4,10,10,,,,,,,,,,,,,,8,3,mixed,mixed,mixed,normal,8,10,7,,4,9,8,9,10,0.001224505,FAIL
1708,,52:35.0,56:58.2,0 days 00:04:23.200016,2,96,8,16,3,5,10,4,10,6,2,5,2,10,,,3,7,10,6,10,10,10,10,5,5,8,10,2,5,4,10,10,,,,,,,,,,,,,,8,3,mixed,mixed,mixed,normal,8,10,7,,4,9,8,9,10,0.004471377,FAIL
1709,,56:58.2,01:19.9,0 days 00:04:21.705237,2,96,8,16,3,5,10,4,9,6,2,5,4,9,,,3,7,10,6,10,9,10,10,5,5,8,10,2,5,4,10,10,,,,,,,,,,,,,,8,3,mixed,mixed,mixed,normal,8,10,7,,4,9,2,9,10,0.004459571,FAIL
1710,,01:19.9,05:42.6,0 days 00:04:22.630506,2,96,8,16,3,5,10,4,10,6,2,10,2,10,,,3,7,10,6,10,10,10,10,5,5,8,10,2,5,4,10,10,,,,,,,,,,,,,,8,3,mixed,mixed,mixed,normal,8,10,7,,4,9,8,9,10,0.002891911,FAIL
1711,,05:42.6,10:07.1,0 days 00:04:24.549066,2,96,8,16,3,5,10,4,10,6,2,5,2,10,,,3,7,10,6,10,10,10,10,5,5,8,10,2,5,4,10,10,,,,,,,,,,,,,,8,3,mixed,mixed,mixed,normal,8,10,7,,4,9,8,9,10,0.001236925,FAIL
1712,,10:07.1,14:28.1,0 days 00:04:20.977131,2,96,8,16,3,5,10,4,9,6,2,5,4,10,,,3,7,10,6,10,10,10,10,5,5,8,10,4,5,4,10,10,,,,,,,,,,,,,,8,3,mixed,mixed,mixed,normal,8,10,7,,4,9,8,9,10,0.004614815,FAIL
1713,,14:28.1,18:51.7,0 days 00:04:23.644023,2,96,8,16,3,5,10,4,10,6,7,5,2,10,,,3,7,5,6,10,10,10,10,5,5,8,10,2,5,4,10,10,,,,,,,,,,,,,,8,3,mixed,mixed,mixed,normal,8,10,7,,4,9,8,9,10,0.002867871,FAIL
1714,,18:51.7,23:16.4,0 days 00:04:24.689024,2,96,8,16,3,5,9,4,10,6,2,5,2,10,,,3,7,10,6,10,10,10,10,5,5,8,10,2,5,4,10,10,,,,,,,,,,,,,,8,3,mixed,mixed,mixed,normal,8,10,7,,4,9,8,9,10,0.00294573,FAIL
1715,,23:16.4,27:39.9,0 days 00:04:23.503131,2,96,8,16,3,5,10,4,10,6,2,5,2,10,,,3,7,5,6,10,10,10,10,5,5,8,10,2,5,4,10,10,,,,,,,,,,,,,,8,3,mixed,mixed,mixed,normal,8,10,7,,4,9,8,9,10,0.004395914,FAIL
1716,,27:39.9,32:07.4,0 days 00:04:27.450286,2,96,8,16,3,5,10,4,10,6,2,5,2,10,,,3,7,10,6,10,10,10,10,5,5,8,10,2,5,4,10,10,,,,,,,,,,,,,,8,3,mixed,mixed,mixed,normal,8,10,7,,4,9,8,9,4,0.001244229,FAIL
1717,,32:07.4,36:27.5,0 days 00:04:20.081640,2,96,8,16,3,5,10,4,10,6,2,5,2,10,,,3,7,10,6,10,10,10,10,5,5,8,10,2,5,4,10,10,,,,,,,,,,,,,,8,3,mixed,mixed,mixed,normal,8,10,7,,4,9,8,9,10,0.00490679,FAIL
1718,,36:27.5,40:52.4,0 days 00:04:24.863625,2,96,8,16,3,5,10,4,10,6,2,5,2,10,,,3,7,10,6,10,8,10,10,5,5,8,10,2,5,4,4,10,,,,,,,,,,,,,,8,3,mixed,mixed,mixed,normal,8,10,7,,4,9,8,9,10,0.004443971,FAIL
1719,,40:52.4,45:19.3,0 days 00:04:26.985757,2,96,8,16,3,5,10,4,10,6,2,5,2,10,,,3,7,10,6,10,9,10,10,5,5,8,10,2,5,4,10,10,,,,,,,,,,,,,,8,3,mixed,mixed,mixed,normal,8,10,7,,4,9,8,9,10,0.001230272,FAIL
1720,,45:19.3,49:47.4,0 days 00:04:28.054744,2,96,8,16,3,5,10,4,10,6,2,5,2,10,,,3,7,10,6,10,10,10,10,5,5,8,10,4,5,4,10,10,,,,,,,,,,,,,,8,3,mixed,mixed,mixed,normal,8,10,7,,4,9,8,9,4,0.004372098,FAIL
1721,,49:47.4,54:01.0,0 days 00:04:13.630529,2,96,8,16,3,5,10,4,9,6,2,5,2,10,,,3,7,10,6,10,10,10,10,5,5,8,10,2,5,4,10,10,10,,,,,,,,,,,,,8,3,mixed,mixed,mixed,normal,8,10,8,,4,9,8,9,5,0.001250581,FAIL
1722,,54:01.0,58:09.9,0 days 00:04:08.823695,2,96,8,16,3,5,10,4,10,6,2,5,2,9,,,3,7,10,6,10,9,10,10,5,5,8,10,2,5,4,10,10,,,,,,,,,,,,,,8,3,mixed,mixed,mixed,normal,8,10,7,,4,9,8,9,10,0.001233753,FAIL
1723,,58:09.9,02:19.2,0 days 00:04:09.312736,2,96,8,16,3,5,10,4,10,6,2,10,2,10,,,3,7,10,6,10,10,10,10,5,5,8,10,2,5,4,10,10,,,,,,,,,,,,,,8,3,mixed,mixed,mixed,normal,8,10,7,,4,9,8,9,10,0.004672518,FAIL
1724,,02:19.2,06:28.4,0 days 00:04:09.197914,2,96,8,16,3,5,10,4,10,6,2,5,2,10,,,3,7,5,6,10,10,10,10,5,5,8,8,2,5,4,10,10,,,,,,,,,,,,,,8,3,mixed,mixed,mixed,normal,8,10,7,,4,9,8,9,10,0.007072089,FAIL
1725,,06:28.4,10:37.3,0 days 00:04:08.884443,2,96,8,16,3,5,10,4,10,6,2,10,4,10,,,3,7,10,6,10,9,10,10,5,5,8,10,2,5,4,10,10,,,,,,,,,,,,,,8,3,mixed,mixed,mixed,normal,8,10,7,,4,9,8,9,4,0.001242965,FAIL
1726,,10:37.3,14:45.8,0 days 00:04:08.540197,2,96,8,16,3,5,10,4,10,6,2,5,2,10,,,3,7,10,6,10,10,10,10,5,5,8,10,2,5,4,10,10,,,,,,,,,,,,,,8,3,mixed,mixed,mixed,normal,8,10,7,,4,9,8,9,10,0.002943805,FAIL
1727,,14:45.8,18:54.5,0 days 00:04:08.633775,2,96,8,16,3,5,10,4,10,6,2,5,2,10,,,3,7,10,6,10,9,10,10,5,5,8,10,2,5,4,10,10,,,,,,,,,,,,,,8,3,mixed,mixed,mixed,normal,8,10,7,,4,9,8,9,10,0.004643791,FAIL
1728,,18:54.5,23:01.9,0 days 00:04:07.442761,2,96,8,16,3,5,10,4,10,6,2,5,2,10,,,3,7,10,6,10,10,10,10,5,,8,10,2,5,4,10,10,,,,,,,,,,,,,,8,3,mixed,mixed,mixed,normal,8,9,7,,4,9,8,9,10,0.001256048,FAIL
1729,,23:01.9,27:11.6,0 days 00:04:09.708181,2,96,8,16,3,5,9,5,10,6,2,5,3,10,,,3,7,10,6,10,9,10,9,5,5,8,10,2,5,4,10,10,,,,,,,,,,,,,,8,4,mixed,mixed,mixed,normal,8,10,7,,4,9,8,9,4,0.004725476,FAIL
1730,,27:11.6,31:20.6,0 days 00:04:09.016540,2,96,8,16,3,5,10,4,9,6,2,5,2,10,,,3,7,10,6,10,10,10,10,5,5,8,10,2,5,4,10,10,,,,,,,,,,,,,,8,3,mixed,mixed,mixed,normal,8,10,7,,4,9,8,9,10,0.001229657,FAIL
1731,,31:20.6,35:29.3,0 days 00:04:08.664104,2,96,8,16,3,5,10,4,9,6,2,5,3,10,,,3,7,10,6,10,10,10,10,5,5,8,10,2,5,4,10,10,,,,,,,,,,,,,,8,3,mixed,mixed,mixed,normal,8,10,7,,4,9,8,9,10,0.004246867,FAIL
1732,,35:29.3,39:39.5,0 days 00:04:10.237278,2,96,8,16,3,5,,,,,,,,,,,3,7,10,6,10,10,10,10,5,5,8,8,2,5,4,10,10,,,,,,,,,,,,,,8,3,normal,mixed,mixed,normal,,10,7,,4,9,8,9,10,0.004646234,FAIL
1733,,39:39.5,43:49.0,0 days 00:04:09.431658,2,96,8,16,3,5,10,5,10,6,2,5,2,10,,,3,7,5,6,10,10,10,10,5,5,8,10,2,5,4,10,10,,,,,,,,,,,,,,7,3,mixed,mixed,mixed,normal,8,10,7,,4,9,8,9,10,0.004659191,FAIL
1734,,43:49.0,47:58.2,0 days 00:04:09.240171,2,96,8,16,3,5,10,5,10,6,2,10,3,10,,,3,7,10,5,10,10,10,10,5,5,8,10,2,5,4,10,10,,,,,,,,,,,,,,8,3,mixed,mixed,mixed,normal,8,10,7,,4,9,8,9,4,0.004398398,FAIL
1735,,47:58.2,52:06.4,0 days 00:04:08.200553,2,96,8,16,3,5,9,4,9,6,2,5,3,10,,,3,7,10,6,10,10,10,10,5,5,8,10,2,5,4,10,10,,,,,,,,,,,,,,8,3,mixed,mixed,mixed,normal,8,10,7,,4,9,8,9,10,0.00441331,FAIL
1736,,52:06.4,56:15.5,0 days 00:04:09.080297,2,96,8,16,3,5,10,4,10,6,2,10,2,10,,,3,7,10,6,10,10,10,10,5,5,8,10,2,5,4,10,10,,,,,,,,,,,,,,8,3,mixed,mixed,mixed,normal,8,10,7,,4,9,8,9,10,0.003553787,FAIL
1737,,56:15.5,00:24.5,0 days 00:04:08.998261,2,96,8,16,3,5,10,5,10,6,2,5,2,10,,,3,7,10,6,10,9,10,10,5,5,8,10,2,5,4,10,10,,,,,,,,,,,,,,8,3,mixed,mixed,mixed,normal,8,10,7,,4,9,8,9,10,0.004474351,FAIL
1738,,00:24.5,04:32.1,0 days 00:04:07.531465,2,96,8,16,3,5,10,4,10,6,2,5,2,10,,,3,7,10,6,10,10,10,10,5,5,8,10,2,5,4,10,10,,,,,,,,,,,,,,8,3,mixed,mixed,mixed,normal,8,10,7,,4,9,8,9,4,0.004529427,FAIL
1739,,04:32.1,08:42.7,0 days 00:04:10.610456,2,96,8,16,3,5,10,4,10,6,2,5,2,10,,,3,7,5,6,10,10,10,10,5,5,8,10,2,5,4,4,10,,,,,,,,,,,,,,8,3,mixed,mixed,mixed,normal,8,10,7,,4,9,8,9,10,0.004538144,FAIL
1740,,08:42.7,12:55.2,0 days 00:04:12.571956,2,96,8,16,3,5,10,4,9,5,2,5,2,10,,,3,7,10,6,10,10,10,10,5,,8,10,2,5,4,4,10,,,,,,,,,,,,,,8,3,mixed,mixed,mixed,normal,8,9,7,,4,9,8,9,10,0.001224273,FAIL
1741,,12:55.2,17:04.0,0 days 00:04:08.801792,2,96,8,16,3,5,10,4,10,6,2,5,3,10,,,3,7,10,6,10,9,10,10,5,5,8,10,2,5,4,10,10,,,,,,,,,,,,,,8,3,mixed,mixed,mixed,normal,8,10,7,,4,9,8,9,10,0.004437601,FAIL
1742,,17:04.1,21:12.7,0 days 00:04:08.683827,2,96,8,16,3,5,10,4,10,6,2,5,2,10,,,3,7,10,6,10,10,10,10,5,5,8,10,2,5,4,10,10,,,,,,,,,,,,,,8,3,mixed,mixed,mixed,normal,8,10,7,,4,9,8,9,10,0.002897676,FAIL
1743,,21:12.7,25:21.5,0 days 00:04:08.787292,2,96,8,16,3,5,10,4,10,6,2,5,3,10,,,3,7,10,6,10,10,10,10,5,5,8,10,2,5,4,10,10,,,,,,,,,,,,,,8,3,mixed,mixed,mixed,normal,8,10,7,,4,9,8,9,10,0.004581612,FAIL
1744,,25:21.5,29:32.7,0 days 00:04:11.131062,2,96,8,16,3,5,10,4,10,6,2,5,2,9,,,3,7,10,6,10,10,10,10,5,,8,10,2,5,4,10,10,,,,,,,,,,,,,,8,3,mixed,mixed,mixed,normal,8,9,7,,4,9,8,9,10,0.001246879,FAIL
1745,,29:32.7,33:45.2,0 days 00:04:12.508731,2,96,8,16,3,5,10,4,10,6,2,5,2,10,,,4,7,10,6,10,10,10,10,6,5,8,10,2,5,4,4,10,,,,,,,,,,,,,,8,3,mixed,mixed,mixed,normal,8,10,7,,4,9,8,9,4,0.004582675,FAIL
1746,,33:45.2,37:56.9,0 days 00:04:11.688537,2,96,8,16,3,5,10,4,10,6,2,5,2,10,,,3,7,10,6,10,10,10,10,5,5,8,10,2,5,4,10,10,,,,,,,,,,,,,,8,3,mixed,mixed,mixed,normal,8,10,7,,4,9,8,9,10,0.001228181,FAIL
1747,,37:56.9,42:05.5,0 days 00:04:08.618387,2,96,8,16,3,5,10,5,10,6,2,5,2,10,,,3,7,10,6,10,10,10,10,5,5,7,10,2,5,4,10,10,,,,,,,,,,,,,,8,3,mixed,mixed,mixed,normal,8,10,7,,4,9,8,9,10,0.004715632,FAIL
1748,,42:05.5,46:15.6,0 days 00:04:10.079096,2,96,8,16,3,5,10,4,10,6,2,5,2,10,,,3,7,10,6,10,10,10,10,5,5,8,10,2,5,4,10,10,,,,,,,,,,,,,,8,3,mixed,mixed,mixed,normal,8,10,7,,4,9,8,9,10,0.004369583,FAIL
1749,,46:15.6,50:26.0,0 days 00:04:10.433604,2,96,8,16,3,5,9,4,10,6,2,5,2,10,,,3,7,10,6,10,10,10,10,5,5,8,10,2,5,4,10,10,,,,,,,,,,,,,,8,3,mixed,mixed,mixed,normal,8,10,7,,4,9,8,9,10,0.004849987,FAIL
1750,,50:26.0,54:36.3,0 days 00:04:10.293922,2,96,8,16,3,5,10,4,10,6,2,5,2,10,,,3,7,10,6,10,10,10,10,5,5,8,10,2,5,4,10,10,,,,,,,,,,,,,,8,3,mixed,mixed,mixed,normal,8,10,7,,4,9,8,9,10,0.004969979,FAIL
1751,,54:36.3,58:47.9,0 days 00:04:11.635848,2,96,8,16,3,5,10,5,10,6,2,5,2,10,,,3,7,10,6,10,10,10,10,5,,8,10,2,5,4,10,10,,,,,,,,,,,,,,8,3,mixed,mixed,mixed,normal,8,9,7,,4,9,8,9,10,0.001274525,FAIL
1752,,58:48.0,02:59.2,0 days 00:04:11.257291,2,96,8,16,3,5,9,4,9,6,2,5,2,10,,,3,7,10,6,10,10,10,10,5,5,8,10,4,5,4,4,10,,,,,,,,,,,,,,8,3,mixed,mixed,mixed,normal,8,10,7,,4,9,8,9,10,0.001229633,FAIL
1753,,02:59.2,07:11.7,0 days 00:04:12.498133,2,96,8,16,3,5,10,4,10,6,2,5,2,10,,,3,7,10,6,10,10,10,10,5,5,8,10,2,5,4,10,10,,,,,,,,,,,,,,8,3,mixed,mixed,mixed,normal,8,10,7,,4,9,8,9,10,0.004337779,FAIL
1754,,07:11.7,11:21.8,0 days 00:04:10.075702,2,96,8,16,3,5,10,4,10,6,2,5,2,10,,,3,7,10,6,10,10,10,10,5,5,8,10,2,5,4,10,10,,,,,,,,,,,,,,8,3,mixed,mixed,mixed,normal,8,10,7,,4,9,8,9,10,0.007364521,FAIL
1755,,11:21.8,15:33.5,0 days 00:04:11.710702,2,96,8,16,3,5,10,4,9,6,2,5,2,10,,,3,7,10,6,10,10,10,10,6,5,8,10,2,5,4,10,10,,,,,,,,,,,,,,8,3,mixed,mixed,mixed,normal,8,10,7,,4,9,8,9,10,0.004590434,FAIL
1756,,15:33.5,19:41.6,0 days 00:04:08.121511,2,96,8,16,3,5,10,4,10,6,2,5,2,10,,,3,7,5,6,10,10,10,10,5,5,8,10,2,5,4,4,10,,,,,,,,,,,,,,8,3,mixed,mixed,mixed,normal,8,10,7,,4,9,8,9,10,0.004564177,FAIL
1757,,19:41.6,23:50.3,0 days 00:04:08.670649,2,96,8,16,3,5,10,4,10,6,2,5,3,10,,,3,7,10,6,10,10,10,10,5,,8,10,2,5,4,10,10,,,,,,,,,,,,,,8,3,mixed,mixed,mixed,normal,8,9,7,,4,9,8,9,10,0.004671334,FAIL
1758,,23:50.3,27:59.0,0 days 00:04:08.702746,2,96,8,16,3,5,10,4,10,6,2,10,2,10,,,3,7,10,6,10,9,10,10,5,5,8,8,2,5,5,10,10,,,,,,,,,,,,,,8,3,mixed,mixed,mixed,normal,8,10,7,,4,9,8,9,10,0.004622143,FAIL
1759,,27:59.0,32:07.7,0 days 00:04:08.728106,2,96,8,16,3,5,10,4,10,6,2,5,3,10,,,3,7,10,6,10,10,10,10,5,5,8,10,2,5,4,10,10,,,,,,,,,,,,,,8,3,mixed,mixed,mixed,normal,8,10,7,,4,9,8,9,4,0.00123607,FAIL
1760,,32:07.7,36:19.4,0 days 00:04:11.628092,2,96,8,16,3,5,10,4,10,6,2,5,2,10,,,3,7,10,6,10,10,10,10,5,5,8,10,2,5,4,10,10,2,,,,,,,,,,,,,8,3,mixed,mixed,mixed,normal,8,10,8,,4,9,8,9,10,0.001237632,FAIL
1761,,36:19.4,40:29.8,0 days 00:04:10.376322,2,96,8,16,3,5,10,4,10,6,2,5,2,10,,,3,7,10,6,10,9,10,10,5,5,7,10,2,5,4,10,10,,,,,,,,,,,,,,8,3,mixed,mixed,mixed,normal,8,10,7,,4,9,8,9,10,0.004485524,FAIL
1762,,40:29.8,44:41.7,0 days 00:04:11.966331,2,96,8,16,3,5,10,4,10,6,2,5,3,10,,,3,7,5,6,10,10,10,10,5,5,8,10,2,5,4,4,10,,,,,,,,,,,,,,8,3,mixed,mixed,mixed,normal,8,10,7,,4,9,8,9,10,0.004347537,FAIL
1763,,44:41.7,48:51.3,0 days 00:04:09.592962,2,96,8,16,3,5,10,4,9,6,2,5,2,10,,,3,7,10,6,10,10,10,10,5,5,8,10,4,5,4,10,10,,,,,,,,,,,,,,8,3,mixed,mixed,mixed,normal,8,10,7,,4,9,8,9,10,0.004594531,FAIL
1764,,48:51.3,53:00.6,0 days 00:04:09.283847,2,96,8,16,3,5,10,4,10,6,2,5,2,10,,,3,7,10,6,10,10,10,10,5,5,8,10,4,5,4,10,10,,,,,,,,,,,,,,8,3,mixed,mixed,mixed,normal,8,10,7,,4,9,8,9,10,0.004548088,FAIL
1765,,53:00.6,57:09.4,0 days 00:04:08.798504,2,96,8,16,3,5,10,4,10,6,2,5,2,10,,,3,7,10,6,10,10,10,10,5,5,8,10,2,5,4,10,10,,,,,,,,,,,,,,8,3,mixed,mixed,mixed,normal,8,10,7,,4,9,8,9,10,0.004490657,FAIL
1766,,57:09.4,01:17.9,0 days 00:04:08.464855,2,96,8,16,3,5,10,4,10,6,2,5,3,10,,,3,7,10,6,10,10,10,10,5,5,8,10,2,5,4,4,10,,,,,,,,,,,,,,8,3,mixed,mixed,mixed,normal,8,10,7,,4,9,2,9,10,0.001218884,FAIL
1767,,01:17.9,05:27.4,0 days 00:04:09.476264,2,96,8,16,3,5,10,4,9,5,2,5,2,10,,,3,7,10,6,10,10,10,10,5,5,8,10,2,5,4,10,10,,,,,,,,,,,,,,8,3,mixed,mixed,mixed,normal,8,10,7,,4,9,8,9,10,0.004550261,FAIL
1768,,05:27.4,09:37.7,0 days 00:04:10.325428,2,96,8,16,3,5,,,,,,,,,,,3,7,10,5,10,10,10,10,5,5,8,10,4,5,4,10,10,,,,,,,,,,,,,,8,3,normal,mixed,mixed,normal,,10,7,,4,9,8,9,10,0.004849984,FAIL
1769,,09:37.7,13:47.2,0 days 00:04:09.466086,2,96,8,16,3,5,10,4,10,6,2,5,2,10,,,3,7,10,6,10,10,10,10,5,5,8,10,2,5,4,10,6,,,,,,,,,,,,,,8,3,mixed,mixed,mixed,normal,8,10,7,,4,9,8,9,4,0.004448326,FAIL
1770,,13:47.2,17:56.1,0 days 00:04:08.883294,2,96,8,16,3,5,10,4,10,6,2,5,2,10,,,3,7,10,6,10,9,10,10,5,5,8,10,2,5,4,10,2,,,,,,,,,,,,,,8,3,mixed,mixed,mixed,normal,8,10,7,,4,9,8,9,10,0.00460893,FAIL
1771,,17:56.1,22:04.8,0 days 00:04:08.757221,2,96,8,16,3,5,10,4,10,6,2,5,5,9,,,3,7,10,6,10,10,10,10,5,,8,10,2,5,4,10,10,,,,,,,,,,,,,,8,3,mixed,mixed,mixed,normal,8,9,7,,4,9,8,9,10,0.004689437,FAIL
1772,,22:04.8,26:13.9,0 days 00:04:09.122169,2,96,8,16,3,5,10,5,10,6,2,5,2,10,,,3,7,10,6,10,10,10,10,5,5,8,10,2,5,4,10,2,,,,,,,,,,,,,,8,3,mixed,mixed,mixed,normal,8,10,7,,4,9,8,9,10,0.00463959,FAIL
1773,,26:13.9,30:23.2,0 days 00:04:09.264801,2,96,8,16,3,5,10,4,10,6,2,5,2,10,9,,3,7,10,6,10,10,10,10,5,5,8,10,2,5,4,4,10,,,,,,,,,,,,,,8,3,mixed,mixed,mixed,normal,9,10,7,,4,9,8,9,10,0.001247299,FAIL
1774,,30:23.2,34:32.5,0 days 00:04:09.289603,2,96,8,16,3,5,10,4,10,6,2,5,2,10,,,3,7,10,6,10,10,10,10,5,5,8,10,2,5,4,10,10,,,,,,,,,,,,,,8,3,mixed,mixed,mixed,normal,8,10,7,,4,9,8,9,10,0.001213047,FAIL
1775,,34:32.5,38:41.6,0 days 00:04:09.098168,2,96,8,16,3,5,10,4,9,6,2,5,2,10,,,3,7,10,6,10,9,10,10,5,5,8,10,2,5,4,10,10,,,,,,,,,,,,,,8,3,mixed,mixed,mixed,normal,8,10,7,,4,9,8,9,10,0.004952946,FAIL
1776,,38:41.6,42:51.1,0 days 00:04:09.478072,2,96,8,16,3,5,10,5,10,6,2,5,2,9,,,3,7,10,6,10,9,10,10,5,5,8,10,2,5,4,10,10,,,,,,,,,,,,,,8,3,mixed,mixed,mixed,normal,8,10,7,,4,9,8,9,10,0.0046181,FAIL
1777,,42:51.1,46:59.5,0 days 00:04:08.385963,2,96,8,16,3,5,10,4,10,6,2,5,2,10,,,3,7,10,6,10,10,10,10,5,5,8,10,2,5,4,10,10,,,,,,,,,,,,,,8,3,mixed,mixed,mixed,normal,8,10,7,,4,9,8,9,10,0.00498836,FAIL
1778,,46:59.5,51:08.2,0 days 00:04:08.714984,2,96,8,16,3,5,10,4,10,6,2,5,2,10,,,3,7,10,6,10,10,10,10,5,5,8,10,2,5,4,10,10,,,,,,,,,,,,,,8,3,mixed,mixed,mixed,normal,8,10,7,,4,9,8,9,10,0.004254282,FAIL
1779,,51:08.2,55:17.2,0 days 00:04:09.008617,2,96,8,16,3,5,10,4,9,6,2,5,3,10,,,3,7,10,6,10,9,10,10,5,5,8,10,4,5,4,10,10,,,,,,,,,,,,,,8,3,mixed,mixed,mixed,normal,8,10,7,,4,9,8,9,10,0.004686607,FAIL
1780,,55:17.2,59:26.8,0 days 00:04:09.590977,2,96,8,16,3,5,10,4,10,6,2,5,2,10,,,3,7,10,6,10,10,10,10,5,5,8,10,2,5,4,10,10,,,,,,,,,,,,,,8,3,mixed,mixed,mixed,normal,8,10,7,,4,9,8,9,10,0.001227486,FAIL
1781,,59:26.8,03:36.7,0 days 00:04:09.863148,2,96,8,16,3,5,10,4,10,6,2,5,2,10,,,3,7,10,6,10,10,10,10,5,5,8,10,4,5,4,10,10,,,,,,,,,,,,,,8,3,mixed,mixed,mixed,normal,8,10,7,,4,9,8,9,10,0.001243342,FAIL
1782,,03:36.7,07:46.3,0 days 00:04:09.574213,2,96,8,16,3,5,10,4,10,6,2,5,3,10,,,3,7,10,6,10,10,10,10,5,5,8,10,2,5,4,10,10,,,,,,,,,,,,,,8,3,mixed,mixed,mixed,normal,8,10,7,,4,9,8,9,10,0.001226898,FAIL
1783,,07:46.3,11:54.9,0 days 00:04:08.612589,2,96,8,16,3,5,10,4,10,6,2,5,2,10,,,3,7,10,6,10,10,10,10,5,5,8,10,2,5,4,10,10,,,,,,,,,,,,,,8,3,mixed,mixed,mixed,normal,8,10,7,,4,9,8,9,10,0.004300575,FAIL
1784,,11:54.9,16:03.6,0 days 00:04:08.741555,2,96,8,16,3,5,10,4,10,6,2,5,2,10,,,3,7,10,6,10,10,10,10,6,5,8,10,2,5,4,10,10,,,,,,,,,,,,,,8,3,mixed,mixed,mixed,normal,8,10,7,,4,9,2,9,10,0.004639707,FAIL
1785,,16:03.6,20:13.5,0 days 00:04:09.868357,2,96,8,16,3,5,10,4,10,5,2,5,4,10,,,3,7,10,6,10,9,10,10,5,5,8,10,2,5,4,10,10,,,,,,,,,,,,,,8,3,mixed,mixed,mixed,normal,8,10,7,,4,9,8,9,10,0.001241783,FAIL
1786,,20:13.5,24:24.8,0 days 00:04:11.347820,2,96,8,16,3,5,10,4,9,6,2,5,3,10,,,3,7,10,6,10,10,10,10,5,5,8,10,2,5,4,10,10,,,,,,,,,,,,,,8,3,mixed,mixed,mixed,normal,8,10,7,,4,9,8,9,10,0.004541886,FAIL
1787,,24:24.8,28:36.5,0 days 00:04:11.662598,2,96,8,16,3,5,10,4,10,6,2,5,3,10,,,3,7,10,6,10,10,10,10,5,5,8,10,4,5,4,10,10,,,,,,,,,,,,,,8,3,mixed,mixed,mixed,normal,8,10,7,,4,9,8,9,10,0.002848186,FAIL
1788,,28:36.5,32:48.6,0 days 00:04:12.093181,2,96,8,16,3,5,10,4,10,6,2,5,2,10,,,3,7,10,6,10,10,10,10,5,5,8,10,2,5,4,10,10,,,,,,,,,,,,,,8,3,mixed,mixed,mixed,normal,8,10,7,,4,9,8,9,10,0.004567003,FAIL
1789,,32:48.6,37:01.2,0 days 00:04:12.614324,2,96,8,16,3,5,10,4,10,6,2,5,2,10,,,3,7,10,6,10,10,10,10,5,5,8,10,2,5,4,10,10,,,,,,,,,,,,,,8,3,mixed,mixed,mixed,normal,8,10,7,,4,9,2,9,10,0.001252325,FAIL
1790,,37:01.2,41:14.6,0 days 00:04:13.395008,2,96,8,16,3,5,10,4,10,6,2,5,2,10,,,3,7,10,6,10,10,10,10,5,,8,10,2,5,4,10,10,,,,,,,,,,,,,,8,3,mixed,mixed,mixed,normal,8,9,7,,4,9,8,9,10,0.004698262,FAIL
1791,,41:14.6,45:29.0,0 days 00:04:14.419547,2,96,8,16,3,5,10,4,10,6,2,5,2,10,,,3,7,10,6,10,10,10,10,6,4,8,10,2,5,4,10,10,,,,,,,,,,,,,,8,3,mixed,mixed,mixed,normal,8,10,7,,4,9,8,9,10,0.004552005,FAIL
1792,,45:29.0,49:39.6,0 days 00:04:10.578529,2,96,8,16,3,5,9,4,10,6,2,5,2,9,,,3,7,7,6,10,9,10,10,5,5,8,10,2,5,4,10,10,,,,,,,,,,,,,,8,3,mixed,mixed,mixed,normal,8,10,7,,4,9,2,9,10,0.001241444,FAIL
1793,,49:39.6,53:48.8,0 days 00:04:09.174563,2,96,8,16,3,5,10,5,10,6,2,5,5,10,,,3,7,10,6,10,10,10,10,5,5,8,10,2,5,4,10,10,,,,,,,,,,,,,,8,3,mixed,mixed,mixed,normal,8,10,7,,4,9,8,9,10,0.00124789,FAIL
1794,,53:48.8,57:56.5,0 days 00:04:07.659801,2,96,8,16,3,5,10,4,10,6,2,5,2,10,,,3,7,5,6,10,10,10,10,5,5,8,10,2,5,4,10,10,,,,,,,,,,,,,,8,3,mixed,mixed,mixed,normal,8,10,7,,4,9,8,9,4,0.004066368,FAIL
1795,,57:56.5,02:04.5,0 days 00:04:08.043449,2,96,8,16,3,5,10,4,10,6,2,5,2,10,,,3,7,5,6,10,10,10,10,5,5,8,10,2,5,4,10,10,,,,,,,,,,,,,,8,3,mixed,mixed,mixed,normal,8,10,7,,4,9,8,9,10,0.004523354,FAIL
1796,,02:04.5,06:13.2,0 days 00:04:08.667021,2,96,8,16,3,5,10,4,10,6,2,5,3,10,,,3,7,10,6,10,10,10,10,5,5,8,10,2,5,4,10,10,,,,,,,,,,,,,,8,3,mixed,mixed,mixed,normal,8,10,7,,4,9,8,9,4,0.004840603,FAIL
1797,,06:13.2,10:21.3,0 days 00:04:08.132328,2,96,8,16,3,5,10,4,10,6,2,5,3,10,,,3,7,10,6,10,8,10,10,5,5,8,10,2,5,4,10,10,,,,,,,,,,,,,,8,3,mixed,mixed,mixed,normal,8,10,7,,4,9,2,9,10,0.001248654,FAIL
1798,,10:21.3,14:30.6,0 days 00:04:09.242748,2,96,8,16,3,5,10,4,10,6,2,5,2,10,,,3,7,10,6,10,10,10,10,5,5,8,10,2,5,4,10,10,,,,,,,,,,,,,,8,3,mixed,mixed,mixed,normal,8,10,7,,4,9,8,9,10,0.001241174,FAIL
1799,,14:30.6,18:38.8,0 days 00:04:08.257608,2,96,8,16,3,5,10,4,10,6,2,5,2,9,,,3,7,10,6,10,9,10,10,5,5,8,10,2,5,4,10,10,,,,,,,,,,,,,,8,3,mixed,mixed,mixed,normal,8,10,7,,4,9,8,9,10,0.004800278,FAIL
1800,,18:38.8,22:48.9,0 days 00:04:10.108793,2,96,8,16,3,5,10,4,10,6,2,5,2,10,,,3,7,10,6,10,10,10,10,5,5,8,10,2,5,4,10,10,,,,,,,,,,,,,,8,3,mixed,mixed,mixed,normal,8,10,7,,4,9,8,9,10,0.001251938,FAIL
1801,,22:48.9,27:02.1,0 days 00:04:13.188160,2,96,8,16,3,5,10,4,9,5,2,5,2,10,,,3,7,10,6,10,9,10,10,5,4,8,10,2,5,4,10,10,,,,,,,,,,,,,,8,3,mixed,mixed,mixed,normal,8,10,7,,4,9,8,9,10,0.005030619,FAIL
1802,,27:02.1,31:12.6,0 days 00:04:10.450768,2,96,8,16,3,5,10,4,9,6,2,5,2,9,,,3,7,10,6,10,10,10,10,5,5,8,10,2,5,5,10,10,,,,,,,,,,,,,,8,3,mixed,mixed,mixed,normal,8,10,7,,4,9,8,9,10,0.004953342,FAIL
1803,,31:12.6,35:25.0,0 days 00:04:12.400664,2,96,8,16,3,5,10,4,10,6,2,5,2,10,,,3,7,5,6,10,10,10,10,5,5,8,10,2,5,4,10,10,,,,,,,,,,,,,,8,3,mixed,mixed,mixed,normal,8,10,7,,4,9,8,9,10,0.001244539,FAIL
1804,,35:25.0,39:35.6,0 days 00:04:10.600732,2,96,8,16,3,5,10,4,10,6,2,5,2,10,,,3,7,10,6,10,10,10,10,6,5,8,10,2,5,4,10,10,,,,,,,,,,,,,,8,3,mixed,mixed,mixed,normal,8,10,7,,4,9,8,9,4,0.001244488,FAIL
1805,,39:35.6,43:46.2,0 days 00:04:10.559164,2,96,8,16,3,5,10,4,10,6,2,5,2,10,,,3,7,10,6,10,10,10,10,5,5,8,10,2,5,4,10,10,,,,,,,,,,,,,,8,3,mixed,mixed,mixed,normal,8,10,7,,4,9,8,9,10,0.00440233,FAIL
1806,,43:46.2,47:58.1,0 days 00:04:11.930438,2,96,8,16,3,5,10,4,10,6,2,5,3,10,,,3,7,10,6,10,10,10,10,5,5,8,10,2,5,4,10,10,,,,,,,,,,,,,,8,3,mixed,mixed,mixed,normal,8,10,7,,4,9,8,9,10,0.004737516,FAIL
1807,,47:58.1,52:10.2,0 days 00:04:12.050304,2,96,8,16,3,5,10,5,8,6,2,5,2,10,,,3,7,10,6,10,10,10,10,5,5,8,10,2,5,4,10,10,,,,,,,,,,,,,,8,3,mixed,mixed,mixed,normal,8,10,7,,4,9,8,9,10,0.004660008,FAIL
1808,,52:10.2,56:19.0,0 days 00:04:08.806127,2,96,8,16,3,5,10,4,10,6,2,5,2,10,,,3,7,10,6,10,10,10,10,5,5,8,10,2,5,4,10,10,,,,,,,,,,,,,,8,3,mixed,mixed,mixed,normal,8,10,7,,4,9,2,9,10,0.00457417,FAIL
1809,,56:19.0,00:28.1,0 days 00:04:09.117104,2,96,8,16,3,5,10,4,9,6,2,5,2,10,,,3,7,5,6,10,9,10,10,5,5,8,10,4,5,4,10,10,,,,,,,,,,,,,,8,3,mixed,mixed,mixed,normal,8,10,7,,4,9,8,9,5,0.004523836,FAIL
1810,,00:28.1,05:34.7,0 days 00:05:06.600822,2,96,8,16,3,5,10,4,10,6,2,5,2,10,,,3,7,5,6,10,10,10,10,5,5,8,10,4,5,4,10,10,,,,,,,,,,,,,,8,3,mixed,mixed,mixed,normal,8,10,7,,4,9,8,9,10,0.001264283,FAIL
1811,,05:34.7,11:53.2,0 days 00:06:18.449420,2,96,8,16,3,5,10,4,9,6,2,5,2,9,,,3,7,10,6,10,10,10,10,5,5,8,10,2,5,4,10,10,,,,,,,,,,,,,,8,3,mixed,mixed,mixed,normal,8,10,7,,4,9,8,9,10,0.00123757,FAIL
1812,,11:53.2,18:47.6,0 days 00:06:54.385155,2,96,8,16,3,5,10,4,10,6,2,5,2,10,,,3,7,10,6,10,10,10,10,5,5,8,10,2,5,4,10,10,,,,,,,,,,,,,,8,3,mixed,mixed,mixed,normal,8,10,7,,4,9,8,9,10,0.001230925,FAIL
1813,,18:47.6,25:33.7,0 days 00:06:46.143511,2,96,8,16,3,5,10,4,10,6,2,5,2,10,,,3,7,10,6,10,9,10,10,5,5,8,10,2,5,4,10,10,,,,,,,,,,,,,,8,3,mixed,mixed,mixed,normal,8,10,7,,4,9,8,9,10,0.004703901,FAIL
1814,,25:33.7,32:12.5,0 days 00:06:38.818463,2,96,8,16,3,5,10,4,10,6,2,5,2,10,,,3,7,10,6,10,10,10,10,5,5,8,10,2,5,4,10,10,,,,,,,,,,,,,,8,3,mixed,mixed,mixed,normal,8,10,7,,4,9,8,9,10,0.004587431,FAIL
1815,,32:12.6,38:59.5,0 days 00:06:46.961919,2,96,8,16,3,5,10,4,10,6,2,5,2,10,,,3,7,10,6,10,9,10,10,5,5,8,10,2,5,4,10,10,,,,,,,,,,,,,,8,3,mixed,mixed,mixed,normal,8,10,7,,4,9,2,9,10,0.001232192,FAIL
1816,,38:59.5,45:21.4,0 days 00:06:21.882266,2,96,8,16,3,5,10,4,10,6,2,5,2,10,,,3,7,10,6,10,10,10,10,5,5,8,10,2,5,4,10,2,,,,,,,,,,,,,,8,3,mixed,mixed,mixed,normal,8,10,7,,4,9,2,9,10,0.004299812,FAIL
1817,,45:21.4,51:22.3,0 days 00:06:00.847822,2,96,8,16,3,5,10,4,9,6,2,5,2,10,,,3,7,10,6,10,10,10,10,5,5,8,10,2,5,4,10,10,,,,,,,,,,,,,,8,3,mixed,mixed,mixed,normal,8,10,7,,4,9,8,9,10,0.001225852,FAIL
1818,,51:22.3,57:59.8,0 days 00:06:37.550674,2,96,8,16,3,5,9,4,10,6,2,5,2,10,,,3,7,10,6,10,10,10,10,5,5,8,10,2,5,4,10,10,,,,,,,,,,,,,,8,3,mixed,mixed,mixed,normal,8,10,7,,4,9,8,9,10,0.001242053,FAIL
1819,,57:59.8,04:39.6,0 days 00:06:39.760920,2,96,8,16,3,5,10,4,10,6,2,5,2,10,,,3,7,10,6,10,10,10,10,5,5,8,10,2,5,4,10,10,,,,,,,,,,,,,,8,3,mixed,mixed,mixed,normal,8,10,7,,4,9,8,9,10,0.00446571,FAIL
1820,,04:39.6,11:24.2,0 days 00:06:44.559346,2,96,8,16,3,5,10,4,10,6,2,5,2,10,,,3,7,10,6,10,10,10,10,5,5,8,10,2,5,4,10,10,,,,,,,,,,,,,,8,3,mixed,mixed,mixed,normal,8,10,7,,4,9,8,9,10,0.004651939,FAIL
1821,,11:24.2,18:04.4,0 days 00:06:40.262115,2,96,8,16,3,5,10,4,10,6,2,5,3,10,,,3,7,10,6,10,10,10,10,5,5,8,10,2,5,4,10,10,,,,,,,,,,,,,,8,3,mixed,mixed,mixed,normal,8,10,7,,4,9,8,9,10,0.004604568,FAIL
1822,,18:04.4,24:34.9,0 days 00:06:30.502705,2,96,8,16,3,5,10,4,10,6,2,5,3,10,,,3,7,10,6,10,10,10,10,5,5,7,10,2,5,4,4,10,,,,,,,,,,,,,,8,3,mixed,mixed,mixed,normal,8,10,7,,4,9,8,9,10,0.004553894,FAIL
1823,,24:35.0,30:39.2,0 days 00:06:04.234082,2,96,8,16,3,5,10,4,10,6,2,5,2,10,,,3,7,10,6,10,10,10,10,5,5,8,10,2,5,4,10,10,,,,,,,,,,,,,,8,3,mixed,mixed,mixed,normal,8,10,7,,4,9,8,9,10,0.001261794,FAIL
1824,,30:39.2,36:57.0,0 days 00:06:17.817485,2,96,8,16,3,5,10,4,10,6,2,5,2,10,,,3,7,10,6,10,10,10,10,6,5,8,10,2,5,4,4,10,,,,,,,,,,,,,,8,3,mixed,mixed,mixed,normal,8,10,7,,4,9,8,9,10,0.004596861,FAIL
1825,,36:57.0,43:41.1,0 days 00:06:44.029301,2,96,8,16,3,5,10,4,10,6,2,5,2,9,,,3,7,10,6,10,10,10,10,5,5,8,10,2,5,4,10,10,,,,,,,,,,,,,,8,3,mixed,mixed,mixed,normal,8,10,7,,4,9,8,9,4,0.004592365,FAIL
1826,,43:41.1,49:14.8,0 days 00:05:33.748194,2,96,8,16,3,5,10,4,10,6,2,5,4,10,,,3,7,10,6,10,10,10,10,5,5,8,10,2,5,4,10,10,,,,,,,,,,,,,,8,3,mixed,mixed,mixed,normal,8,10,7,,4,9,8,9,10,0.004294443,FAIL
1827,,49:14.8,55:12.5,0 days 00:05:57.699172,2,96,8,16,3,5,10,4,9,6,2,5,2,10,,,3,7,10,6,10,10,10,10,6,5,8,10,2,5,4,10,10,,,,,,,,,,,,,,8,3,mixed,mixed,mixed,normal,8,10,7,,4,9,8,9,10,0.005002277,FAIL
1828,,55:12.5,00:47.0,0 days 00:05:34.529183,2,96,8,16,3,5,10,4,9,6,2,5,2,10,,,3,7,10,6,10,10,10,10,5,5,8,10,2,5,4,10,10,,,,,,,,,,,,,,8,3,mixed,mixed,mixed,normal,8,10,7,,4,9,8,9,10,0.002823703,FAIL
1829,,00:47.1,05:38.8,0 days 00:04:51.765770,2,96,8,16,3,5,10,4,9,5,2,5,3,10,,,3,7,10,6,10,9,10,10,5,5,8,10,2,5,4,10,10,,,,,,,,,,,,,,8,3,mixed,mixed,mixed,normal,8,10,7,,4,9,8,9,4,0.004462965,FAIL
1830,,05:38.8,10:33.6,0 days 00:04:54.731151,2,96,8,16,3,5,10,4,10,6,2,5,2,10,,,3,7,10,6,10,10,10,10,5,5,8,10,4,5,4,10,10,,,,,,,,,,,,,,8,3,mixed,mixed,mixed,normal,8,10,7,,4,9,8,9,10,0.00124385,FAIL
1831,,10:33.6,15:04.9,0 days 00:04:31.388839,2,96,8,16,3,5,10,5,10,6,2,5,3,10,,,3,7,5,6,10,9,10,10,5,5,8,10,2,5,4,4,10,,,,,,,,,,,,,,8,3,mixed,mixed,mixed,normal,8,10,7,,4,9,8,9,10,0.002950719,FAIL
1832,,15:05.0,19:20.6,0 days 00:04:15.658874,2,96,8,16,3,5,10,4,10,6,2,5,2,10,,,3,7,10,6,10,10,10,10,5,5,8,10,2,5,4,4,10,,,,,,,,,,,,,,8,3,mixed,mixed,mixed,normal,8,10,7,,4,9,8,9,10,0.001236068,FAIL
1833,,19:20.6,23:35.6,0 days 00:04:14.997945,2,96,8,16,3,5,10,4,10,6,2,5,2,10,,,3,7,10,6,10,10,10,10,5,5,8,10,2,5,4,10,10,,,,,,,,,,,,,,8,3,mixed,mixed,mixed,normal,8,10,7,,4,9,8,9,10,0.004554878,FAIL
1834,,23:35.6,27:49.1,0 days 00:04:13.467608,2,96,8,16,3,5,10,4,10,6,2,5,2,9,,,3,7,10,6,10,10,10,10,5,5,8,10,2,5,4,10,10,,,,,,,,,,,,,,8,3,mixed,mixed,mixed,normal,8,10,7,,4,9,8,9,10,0.004404943,FAIL
1835,,27:49.1,32:00.8,0 days 00:04:11.675299,2,96,8,16,3,5,10,4,10,6,2,5,2,10,9,,3,7,10,6,10,9,10,10,5,5,8,10,2,5,4,10,10,,,,,,,,,,,,,,8,3,mixed,mixed,mixed,normal,9,10,7,,4,9,8,9,10,0.004719348,FAIL
1836,,32:00.8,36:12.5,0 days 00:04:11.779139,2,96,8,16,3,5,10,4,9,6,2,5,2,10,,,3,7,10,6,10,9,10,10,5,5,8,10,2,5,4,10,10,,,,,,,,,,,,,,8,3,mixed,mixed,mixed,normal,8,10,7,,4,9,8,8,10,0.004690472,FAIL
1837,,36:12.5,40:21.7,0 days 00:04:09.146467,2,96,8,16,3,5,10,4,10,6,7,5,2,10,,,3,7,10,6,10,10,10,10,5,5,8,8,2,5,4,10,10,,,,,,,,,,,,,,8,3,mixed,mixed,mixed,normal,8,10,7,,4,9,8,9,10,0.00460662,FAIL
1838,,40:21.7,44:34.0,0 days 00:04:12.341296,2,96,8,16,3,5,10,4,10,6,2,5,4,10,,,3,7,10,6,10,10,10,10,5,5,8,10,2,5,4,10,10,,,,,,,,,,,,,,8,3,mixed,mixed,mixed,normal,8,10,7,,4,9,8,9,10,0.004753475,FAIL
1839,,44:34.0,48:45.2,0 days 00:04:11.175561,2,96,8,16,3,5,10,4,9,6,2,5,3,10,,,3,7,10,6,10,10,10,10,5,5,8,10,2,5,4,10,10,,,,,,,,,,,,,,8,3,mixed,mixed,mixed,normal,8,10,7,,4,9,8,9,10,0.004356659,FAIL
1840,,48:45.2,52:55.7,0 days 00:04:10.460410,2,96,8,16,3,5,10,4,10,6,2,5,2,10,,,3,7,10,6,10,9,10,10,5,5,8,10,2,5,4,10,10,,,,,,,,,,,,,,8,3,mixed,mixed,mixed,normal,8,10,7,,4,9,8,9,10,0.004570712,FAIL
1841,,52:55.7,57:07.6,0 days 00:04:11.893731,2,96,8,16,3,5,10,4,10,6,2,5,3,10,,,3,7,10,6,10,10,10,10,5,5,7,10,2,5,4,10,10,,,,,,,,,,,,,,8,3,mixed,mixed,mixed,normal,8,10,7,,4,9,8,9,10,0.004535642,FAIL
1842,,57:07.6,01:19.8,0 days 00:04:12.190036,2,96,8,16,3,5,10,4,10,6,2,5,2,9,,,3,7,10,6,10,10,10,10,5,5,8,10,2,5,4,10,10,,,,,,,,,,,,,,8,3,mixed,mixed,mixed,normal,8,10,7,,4,9,8,9,4,0.004322417,FAIL
1843,,01:19.8,05:28.2,0 days 00:04:08.464936,2,96,8,16,3,5,10,5,10,6,2,5,3,10,,,3,7,5,6,10,10,10,10,5,5,8,10,2,5,4,10,10,,,,,,,,,,,,,,8,3,mixed,mixed,mixed,normal,8,10,7,,4,9,8,9,10,0.005071905,FAIL
1844,,05:28.2,09:37.0,0 days 00:04:08.730114,2,96,8,16,3,5,10,4,10,6,2,10,2,10,,,3,7,10,6,10,10,10,10,5,5,8,10,2,5,4,10,10,,,,,,,,,,,,,,8,3,mixed,mixed,mixed,normal,8,10,7,,4,9,8,9,10,0.001216931,FAIL
1845,,09:37.0,13:45.3,0 days 00:04:08.337055,2,96,8,16,3,5,10,4,10,6,2,5,2,10,,,3,7,10,6,10,10,10,10,5,5,8,10,2,5,4,10,10,,,,,,,,,,,,,,8,3,mixed,mixed,mixed,normal,8,10,7,,4,9,8,9,4,0.004645006,FAIL
1846,,13:45.3,17:55.1,0 days 00:04:09.791180,2,96,8,16,3,5,10,4,10,6,2,10,2,9,,,3,7,10,6,10,10,10,10,5,5,8,10,2,5,4,10,10,,,,,,,,,,,,,,8,3,mixed,mixed,mixed,normal,8,10,7,,4,9,8,9,10,0.004782169,FAIL
1847,,17:55.1,22:04.3,0 days 00:04:09.146324,2,96,8,16,3,5,10,4,10,6,2,5,2,10,,,3,7,10,6,10,9,10,10,5,5,8,10,2,5,4,4,10,,,,,,,,,,,,,,8,3,mixed,mixed,mixed,normal,8,10,7,,4,9,8,9,10,0.004810765,FAIL
1848,,22:04.3,26:13.4,0 days 00:04:09.094720,2,96,8,16,3,5,10,5,10,6,2,5,2,10,,,3,7,10,6,10,10,10,10,5,5,8,10,2,5,4,10,10,,,,,,,,,,,,,,8,3,mixed,mixed,mixed,normal,8,10,7,,4,9,8,9,10,0.004579401,FAIL
1849,,26:13.4,30:22.4,0 days 00:04:09.051098,2,96,8,16,3,5,10,4,10,6,2,5,2,9,,,3,7,5,6,10,9,10,10,5,5,8,10,2,5,4,10,10,,,,,,,,,,,,,,8,3,mixed,mixed,mixed,normal,8,10,7,,4,9,2,9,10,0.004467278,FAIL
1850,,30:22.4,34:31.8,0 days 00:04:09.346470,2,96,8,16,3,5,10,4,9,6,2,5,4,10,,,3,7,10,6,10,10,10,10,5,5,8,10,2,5,4,10,10,,,,,,,,,,,,,,8,3,mixed,mixed,mixed,normal,8,10,7,,4,9,8,9,4,0.004807412,FAIL
1851,,34:31.8,38:40.4,0 days 00:04:08.600352,2,96,8,16,3,5,10,4,10,6,2,5,4,10,,,3,7,10,6,10,9,10,10,5,5,8,10,2,5,4,10,10,,,,,,,,,,,,,,8,3,mixed,mixed,mixed,normal,8,10,7,,4,9,8,9,10,0.001231364,FAIL
1852,,38:40.4,42:48.6,0 days 00:04:08.179506,2,96,8,16,3,5,10,4,10,6,2,5,3,10,,,3,7,10,6,10,10,10,10,5,,8,10,2,5,4,10,10,,,,,,,,,,,,,,8,3,mixed,mixed,mixed,normal,8,9,7,,4,9,8,9,10,0.004513079,FAIL
1853,,42:48.6,46:56.3,0 days 00:04:07.743404,2,96,8,16,3,5,10,4,10,6,2,10,2,10,10,,3,7,5,6,10,10,10,10,5,5,8,10,2,5,4,10,10,,,,,,,,,,,,,,8,3,mixed,mixed,mixed,normal,9,10,7,,4,9,8,9,4,0.004400713,FAIL
1854,,46:56.3,51:05.1,0 days 00:04:08.816956,2,96,8,16,3,5,10,4,10,6,2,5,2,10,,,3,7,10,6,10,9,10,10,5,5,8,10,2,5,4,4,10,,,,,,,,,,,,,,8,3,mixed,mixed,mixed,normal,8,10,7,,4,9,8,9,4,0.001230194,FAIL
1855,,51:05.1,55:15.6,0 days 00:04:10.472951,2,96,8,16,3,5,10,4,10,6,2,5,2,9,,,3,7,10,5,10,9,10,10,5,5,8,10,2,5,4,10,10,,,,,,,,,,,,,,8,3,mixed,mixed,mixed,normal,8,10,7,,4,9,8,9,10,0.00445021,FAIL
1856,,55:15.6,59:23.0,0 days 00:04:07.408012,2,96,8,16,3,5,10,4,9,6,2,5,3,10,,,3,7,10,6,10,10,10,10,5,,8,10,2,5,4,10,10,,,,,,,,,,,,,,8,3,mixed,mixed,mixed,normal,8,9,7,,4,9,8,9,10,0.004640863,FAIL
1857,,59:23.0,03:37.0,0 days 00:04:14.011924,2,96,8,16,3,5,10,4,10,6,2,5,3,10,,,3,7,10,6,10,9,10,10,5,,8,10,4,5,4,10,10,,,,,,,,,,,,,,8,3,mixed,mixed,mixed,normal,8,9,7,,4,9,8,9,4,0.001223791,FAIL
1858,,03:37.0,07:47.1,0 days 00:04:10.093655,2,96,8,16,3,5,10,4,10,6,2,10,3,10,,,3,7,10,6,10,10,10,10,5,5,8,10,2,5,4,10,10,,,,,,,,,,,,,,8,3,mixed,mixed,mixed,normal,8,10,7,,4,9,8,9,10,0.00123322,FAIL
1859,,07:47.1,12:01.4,0 days 00:04:14.241002,2,96,8,16,3,5,10,4,10,6,2,5,2,10,,,3,7,10,6,10,10,10,10,5,5,8,10,2,5,4,10,10,,,,,,,,,,,,,,8,3,mixed,mixed,mixed,normal,8,10,7,,4,9,8,9,10,0.004910471,FAIL
1860,,12:01.4,16:15.4,0 days 00:04:14.038618,2,96,8,16,3,5,10,4,10,6,2,5,2,10,,,3,7,10,6,10,10,10,10,5,5,8,10,2,5,4,10,10,,,,,,,,,,,,,,8,3,mixed,mixed,mixed,normal,8,10,7,,4,9,8,9,10,0.001243912,FAIL
1861,,16:15.4,20:25.6,0 days 00:04:10.153123,2,96,8,16,3,5,10,4,10,6,2,5,3,10,,,3,7,10,6,10,10,10,10,5,5,8,10,2,5,4,10,10,,,,,,,,,,,,,,8,3,mixed,mixed,mixed,normal,8,10,7,,4,9,8,9,10,0.004692711,FAIL
1862,,20:25.6,24:33.1,0 days 00:04:07.491991,2,96,8,16,3,5,10,4,9,6,2,5,2,10,,,3,7,10,6,10,10,10,10,5,5,8,10,2,5,4,10,10,,,,,,,,,,,,,,8,3,mixed,mixed,mixed,normal,8,10,7,,4,9,8,9,10,0.001247981,FAIL
1863,,24:33.1,28:40.7,0 days 00:04:07.612140,2,96,8,16,3,5,10,4,10,6,2,5,2,10,,,3,7,10,6,10,10,10,10,5,5,8,10,2,5,4,10,10,,,,,,,,,,,,,,8,3,mixed,mixed,mixed,normal,8,10,7,,4,9,8,9,10,0.002902383,FAIL
1864,,28:40.7,32:48.4,0 days 00:04:07.722488,2,96,8,16,3,5,10,4,10,6,2,5,2,10,,,3,7,10,6,10,10,10,10,5,5,8,10,2,5,4,10,10,,,,,,,,,,,,,,8,3,mixed,mixed,mixed,normal,8,10,7,,4,9,8,9,10,0.00291804,FAIL
1865,,32:48.4,36:54.8,0 days 00:04:06.361133,2,96,8,16,3,5,10,4,10,6,2,5,3,10,,,3,7,10,6,10,10,10,10,5,5,8,10,4,5,4,10,10,,,,,,,,,,,,,,8,3,mixed,mixed,mixed,normal,8,10,7,,4,9,8,9,4,0.004546185,FAIL
1866,,36:54.8,41:02.0,0 days 00:04:07.180829,2,96,8,16,3,5,10,4,9,6,7,5,2,10,,,3,7,10,6,10,8,10,9,5,5,8,10,2,5,4,10,10,,,,,,,,,,,,,,8,3,mixed,mixed,mixed,normal,8,10,7,,4,9,8,9,10,0.004865733,FAIL
1867,,41:02.0,45:10.0,0 days 00:04:08.075551,2,96,8,16,3,5,10,4,10,6,2,5,2,10,,,3,7,10,6,10,10,10,10,5,5,8,10,2,5,4,10,10,,,,,,,,,,,,,,8,3,mixed,mixed,mixed,normal,8,10,7,,4,9,8,8,10,0.001256172,FAIL
1868,,45:10.0,49:18.5,0 days 00:04:08.455764,2,96,8,16,3,5,10,4,10,6,2,5,2,10,,,3,7,10,6,10,10,10,10,5,5,8,8,4,5,4,10,10,,,,,,,,,,,,,,8,3,mixed,mixed,mixed,normal,8,10,7,,4,9,8,9,10,0.004657475,FAIL
1869,,49:18.5,53:25.8,0 days 00:04:07.301421,2,96,8,16,3,5,10,4,10,5,2,5,2,10,,,3,7,10,6,10,9,10,10,5,5,8,10,2,5,4,10,10,,,,,,,,,,,,,,8,3,mixed,mixed,mixed,normal,8,10,7,,4,9,8,9,4,0.00460065,FAIL
1870,,53:25.8,57:35.2,0 days 00:04:09.369050,2,96,8,16,3,5,10,4,10,6,2,5,2,10,,,3,7,10,6,10,9,10,10,5,5,8,10,2,5,4,10,10,,,,,,,,,,,,,,8,3,mixed,mixed,mixed,normal,8,10,7,,4,9,8,9,10,0.004645872,FAIL
1871,,57:35.2,01:45.8,0 days 00:04:10.594981,2,96,8,16,3,5,10,4,10,6,2,5,2,9,,,3,7,10,6,10,10,10,10,5,5,8,10,2,5,4,10,10,,,,,,,,,,,,,,8,3,mixed,mixed,mixed,normal,8,10,7,,4,9,8,9,10,0.004657244,FAIL
1872,,01:45.8,05:53.5,0 days 00:04:07.751550,2,96,8,16,3,5,10,4,10,6,2,5,2,10,,,3,7,10,6,10,10,10,10,5,,8,10,2,5,4,10,10,,,,,,,,,,,,,,8,3,mixed,mixed,mixed,normal,8,9,7,,4,9,8,9,10,0.005032524,FAIL
1873,,05:53.5,10:02.0,0 days 00:04:08.510070,2,96,8,16,3,5,10,4,10,6,2,5,3,9,,,3,7,10,6,10,10,10,10,5,5,8,10,2,5,4,10,10,,,,,,,,,,,,,,8,3,mixed,mixed,mixed,normal,8,10,7,,4,9,8,9,10,0.004514037,FAIL
1874,,10:02.0,14:09.5,0 days 00:04:07.465275,2,96,8,16,3,5,10,4,10,6,2,5,2,10,,,3,7,10,6,10,10,10,10,5,5,8,10,2,5,4,10,10,,,,,,,,,,,,,,8,3,mixed,mixed,mixed,normal,8,10,7,,4,9,8,9,10,0.002856133,FAIL
1875,,14:09.5,18:16.9,0 days 00:04:07.332629,2,96,8,16,3,5,9,4,10,6,2,10,3,10,,,3,7,10,6,9,10,10,10,5,5,8,10,2,5,4,4,10,,,,,,,,,,,,,,8,3,mixed,mixed,mixed,normal,8,10,7,,4,9,2,9,10,0.004370554,FAIL
1876,,18:16.9,22:27.8,0 days 00:04:10.908177,2,96,8,16,3,5,10,4,10,6,2,5,2,10,,,3,7,10,6,10,10,10,10,5,,8,10,2,5,4,4,10,,,,,,,,,,,,,,7,3,mixed,mixed,mixed,normal,8,9,7,,4,9,8,9,10,0.004605955,FAIL
1877,,22:27.8,26:36.8,0 days 00:04:09.023772,2,96,8,16,3,5,10,4,10,6,2,5,2,10,,,3,7,5,6,10,10,10,10,5,5,8,10,2,5,4,10,10,,,,,,,,,,,,,,8,3,mixed,mixed,mixed,normal,8,10,7,,4,9,8,9,10,0.004548996,FAIL
1878,,26:36.8,30:44.6,0 days 00:04:07.834386,2,96,8,16,3,5,10,4,10,6,2,5,2,10,,,3,5,10,6,10,10,10,10,5,5,8,10,2,5,4,10,10,,,,,,,,,,,,,,8,3,mixed,mixed,mixed,normal,8,10,7,,4,9,8,9,10,0.004278139,FAIL
1879,,30:44.6,34:55.3,0 days 00:04:10.669556,2,96,8,16,3,5,10,4,9,6,2,5,3,10,,,3,7,10,6,10,10,10,10,5,,8,10,2,5,4,10,10,,,,,,,,,,,,,,8,3,mixed,mixed,mixed,normal,8,9,7,,4,9,8,9,10,0.004735433,FAIL
1880,,34:55.3,39:03.8,0 days 00:04:08.516372,2,96,8,16,3,5,10,4,10,6,2,5,2,9,,,3,7,10,6,10,9,10,10,5,5,8,10,2,5,4,10,10,,,,,,,,,,,,,,8,3,mixed,mixed,mixed,normal,8,10,7,,4,9,8,9,10,0.004815266,FAIL
1881,,39:03.8,43:12.1,0 days 00:04:08.272712,2,96,8,16,3,5,9,4,10,6,2,5,2,10,,,3,7,10,6,10,9,10,10,5,5,8,8,2,5,4,10,10,,,,,,,,,,,,,,8,3,mixed,mixed,mixed,normal,8,10,7,,4,9,8,9,10,0.004476969,FAIL
1882,,43:12.1,47:22.1,0 days 00:04:09.961471,2,96,8,16,3,5,9,4,10,6,2,5,2,10,,,3,7,10,6,10,10,10,10,5,5,8,10,2,5,4,10,10,,,,,,,,,,,,,,8,4,mixed,mixed,mixed,normal,8,10,7,,4,9,8,9,10,0.002937374,FAIL
1883,,47:22.1,51:31.0,0 days 00:04:08.892511,2,96,8,16,3,5,10,4,9,6,2,5,2,10,,,3,7,10,6,10,10,10,10,5,5,8,10,2,5,4,10,10,,,,,,,,,,,,,,8,3,mixed,mixed,mixed,normal,8,10,7,,4,9,8,9,10,0.004603385,FAIL
1884,,51:31.0,55:40.4,0 days 00:04:09.408303,2,96,8,16,3,5,10,4,10,6,2,5,2,10,,,3,7,10,6,10,10,10,10,5,5,8,10,2,5,4,10,10,,,,,,,,,,,,,,8,3,mixed,mixed,mixed,normal,8,10,7,,4,9,8,9,10,0.001223516,FAIL
1885,,55:40.4,59:49.9,0 days 00:04:09.477982,2,96,8,16,3,5,10,4,10,6,2,10,3,10,,,3,7,10,6,10,10,10,10,5,5,8,10,2,5,4,10,10,,,,,,,,,,,,,,8,3,mixed,mixed,mixed,normal,8,10,7,,4,9,8,9,10,0.004552689,FAIL
1886,,59:49.9,04:04.1,0 days 00:04:14.280190,2,96,8,16,3,5,10,4,10,6,2,5,2,10,,,3,7,10,6,10,10,10,10,5,5,8,10,2,5,5,4,10,,,,,,,,,,,,,,8,3,mixed,mixed,mixed,normal,8,10,7,,4,9,8,9,10,0.001252853,FAIL
1887,,04:04.1,08:17.1,0 days 00:04:12.944887,2,96,8,16,3,5,10,4,9,6,2,5,2,10,,,3,7,10,5,10,10,10,10,5,5,8,10,2,5,4,10,10,,,,,,,,,,,,,,8,3,mixed,mixed,mixed,normal,8,10,7,,4,9,8,9,10,0.001253446,FAIL
1888,,08:17.1,12:31.0,0 days 00:04:13.935135,2,96,8,16,3,5,10,4,9,6,2,5,2,10,,,3,7,5,6,10,10,10,10,5,5,8,10,2,6,4,10,10,,,,,,,,,,,,,,8,3,mixed,mixed,mixed,normal,8,10,7,,4,9,8,9,10,0.004633483,FAIL
1889,,12:31.0,16:45.1,0 days 00:04:14.053773,2,96,8,16,3,5,10,4,10,6,2,5,2,10,,,3,7,10,6,10,9,10,10,5,5,8,8,2,5,4,10,10,,,,,,,,,,,,,,8,3,mixed,mixed,mixed,normal,8,10,7,,4,9,2,9,10,0.004557892,FAIL
1890,,16:45.1,20:56.0,0 days 00:04:10.932024,2,96,8,16,3,5,10,4,10,6,2,10,2,10,,,3,7,10,6,10,10,10,10,5,5,8,10,2,5,4,10,10,,,,,,,,,,,,,,8,3,mixed,mixed,mixed,normal,8,10,7,,4,9,8,9,10,0.004630437,FAIL
1891,,20:56.0,25:07.0,0 days 00:04:10.939705,2,96,8,16,3,5,9,4,9,6,2,5,2,10,,,3,7,10,6,10,10,10,10,5,5,8,10,2,5,4,10,10,,,,,,,,,,,,,,8,3,mixed,mixed,mixed,normal,8,10,7,,4,9,8,9,10,0.001222107,FAIL
1892,,25:07.0,29:14.3,0 days 00:04:07.319394,2,96,8,16,3,5,10,4,9,6,2,10,4,10,,,3,7,10,6,10,10,10,10,5,5,8,10,4,5,4,10,10,,,,,,,,,,,,,,8,3,mixed,mixed,mixed,normal,8,10,7,,4,9,8,9,10,0.004378847,FAIL
1893,,29:14.3,33:23.1,0 days 00:04:08.792528,2,96,8,16,3,5,10,4,10,6,2,10,3,10,,,3,7,5,6,10,9,10,10,5,5,8,10,2,5,4,10,10,,,,,,,,,,,,,,8,3,mixed,mixed,mixed,normal,8,10,7,,4,9,8,9,10,0.004674715,FAIL
1894,,33:23.1,37:37.4,0 days 00:04:14.359361,2,96,8,16,3,5,10,4,10,6,2,5,2,9,,,3,7,10,6,10,9,10,10,5,,8,10,2,5,4,10,10,,,,,,,,,,,,,,8,3,mixed,mixed,mixed,normal,8,9,7,,4,9,8,9,10,0.004596284,FAIL
1895,,37:37.5,41:47.7,0 days 00:04:10.235651,2,96,8,16,3,5,10,4,10,6,2,5,2,10,,,3,7,10,6,10,10,10,10,5,5,8,10,2,5,4,10,10,,,,,,,,,,,,,,8,3,mixed,mixed,mixed,normal,8,10,7,,4,9,8,9,10,0.004675282,FAIL
1896,,41:47.7,45:57.8,0 days 00:04:10.106595,2,96,8,16,3,5,9,4,10,6,2,10,2,10,,,3,7,10,6,10,10,10,10,5,5,8,10,2,5,4,10,10,,,,,,,,,,,,,,8,3,mixed,mixed,mixed,normal,8,10,7,,4,9,8,9,4,0.004794929,FAIL
1897,,45:57.8,50:10.6,0 days 00:04:12.746767,2,96,8,16,3,5,10,4,10,6,2,5,3,10,,,3,7,10,6,10,10,10,10,5,5,8,10,2,5,4,4,10,,,,,,,,,,,,,,8,3,mixed,mixed,mixed,normal,8,10,7,,4,9,8,9,10,0.004507209,FAIL
1898,,50:10.6,54:20.0,0 days 00:04:09.405194,2,96,8,16,3,5,10,4,10,6,2,5,2,10,,,3,7,10,6,10,10,10,10,5,5,8,10,2,5,4,10,10,,,,,,,,,,,,,,8,3,mixed,mixed,mixed,normal,8,10,7,,4,9,2,9,10,0.004739098,FAIL
1899,,54:20.0,58:28.3,0 days 00:04:08.321367,2,96,8,16,3,5,10,4,10,5,2,5,3,10,,,3,7,10,6,10,10,10,10,5,5,8,10,2,5,4,4,10,,,,,,,,,,,,,,8,3,mixed,mixed,mixed,normal,8,10,7,,4,9,8,9,10,0.004577848,FAIL
1900,,58:28.3,02:37.8,0 days 00:04:09.558455,2,96,8,16,3,5,10,4,10,6,2,10,2,10,,,3,7,10,6,10,9,10,10,5,5,8,10,4,5,4,4,10,,,,,,,,,,,,,,8,3,mixed,mixed,mixed,normal,8,10,7,,4,9,8,9,10,0.005054279,FAIL
1901,,02:37.9,06:47.7,0 days 00:04:09.873095,2,96,8,16,3,5,,,,,,,,,,,3,7,10,6,10,9,10,10,5,5,8,10,2,5,4,10,10,,,,,,,,,,,,,,8,3,normal,mixed,mixed,normal,,10,7,,4,9,8,9,10,0.004361387,FAIL
1902,,06:47.7,10:58.2,0 days 00:04:10.504820,2,96,8,16,3,5,10,4,10,6,2,5,4,10,,,3,7,10,6,10,10,10,10,5,,8,10,2,5,4,4,10,,,,,,,,,,,,,,8,3,mixed,mixed,mixed,normal,8,9,7,,4,9,8,9,10,0.002922682,FAIL
1903,,10:58.2,15:10.2,0 days 00:04:11.932205,2,96,8,16,3,5,10,4,10,6,2,5,2,9,,,3,7,10,6,10,10,10,10,5,5,8,10,2,5,5,4,10,,,,,,,,,,,,,,8,3,mixed,mixed,mixed,normal,8,10,7,,4,9,8,9,10,0.004848154,FAIL
1904,,15:10.2,19:20.9,0 days 00:04:10.731147,2,96,8,16,3,5,10,4,10,6,2,5,2,10,,,3,7,10,6,10,9,10,10,5,5,8,10,2,5,4,10,10,,,,,,,,,,,,,,8,3,mixed,mixed,mixed,normal,8,10,7,,4,9,8,9,10,0.004524568,FAIL
1905,,19:20.9,23:29.8,0 days 00:04:08.865550,2,96,8,16,3,5,10,4,10,6,2,5,3,10,,,3,7,10,6,10,10,10,10,5,5,8,10,2,5,4,10,10,,,,,,,,,,,,,,8,3,mixed,mixed,mixed,normal,8,10,7,,4,9,8,9,10,0.002894537,FAIL
1906,,23:29.8,27:41.3,0 days 00:04:11.540659,2,96,8,16,3,5,10,4,10,6,2,5,2,10,,,3,7,10,6,10,10,10,10,5,5,8,10,2,5,4,10,10,,,,,,,,,,,,,,8,3,mixed,mixed,mixed,normal,8,10,7,,4,9,8,9,10,0.004652623,FAIL
1907,,27:41.3,31:53.6,0 days 00:04:12.303216,2,96,8,16,3,5,10,4,10,6,2,5,2,10,,,3,7,10,6,10,10,10,10,5,5,8,10,2,5,4,10,10,,,,,,,,,,,,,,8,3,mixed,mixed,mixed,normal,8,10,7,,4,9,8,9,10,0.004679012,FAIL
1908,,31:53.6,36:05.2,0 days 00:04:11.572508,2,96,8,16,3,5,10,4,10,6,2,5,2,10,,,3,7,10,6,10,10,10,10,5,5,8,10,2,5,4,10,10,,,,,,,,,,,,,,8,3,mixed,mixed,mixed,normal,8,10,7,,4,9,8,9,10,0.001264722,FAIL
1909,,36:05.2,40:17.1,0 days 00:04:11.932307,2,96,8,16,3,5,10,4,9,6,2,5,2,10,,,3,7,10,6,10,10,10,10,5,5,8,10,2,5,4,10,10,,,,,,,,,,,,,,8,3,mixed,mixed,mixed,normal,8,10,7,,4,9,8,9,10,0.004419387,FAIL
1910,,40:17.1,44:29.4,0 days 00:04:12.247811,2,96,8,16,3,5,10,4,10,6,2,5,2,9,,,3,7,10,6,10,10,10,10,5,5,8,10,2,5,4,10,10,,,,,,,,,,,,,,8,3,mixed,mixed,mixed,normal,8,10,7,,4,9,8,9,10,0.004431484,FAIL
1911,,44:29.4,48:42.2,0 days 00:04:12.763386,2,96,8,16,3,5,10,4,10,5,2,5,3,10,,,3,7,10,6,10,10,10,10,5,5,8,10,2,5,4,10,10,,,,,,,,,,,,,,8,3,mixed,mixed,mixed,normal,8,10,7,,4,9,8,9,10,0.004448148,FAIL
1912,,48:42.2,52:55.3,0 days 00:04:13.091461,2,96,8,16,3,5,10,4,10,6,2,5,4,10,,,3,7,10,6,10,10,10,10,5,,8,8,2,5,4,10,10,,,,,,,,,,,,,,8,3,mixed,mixed,mixed,normal,8,9,7,,4,9,8,9,10,0.004303662,FAIL
1913,,52:55.3,57:07.9,0 days 00:04:12.692390,2,96,8,16,3,5,10,4,9,6,2,5,3,10,,,3,7,5,6,10,10,10,10,5,5,8,10,2,5,4,10,10,,,,,,,,,,,,,,8,3,mixed,mixed,mixed,normal,8,10,7,,4,9,8,9,10,0.001258877,FAIL
1914,,57:08.0,01:21.3,0 days 00:04:13.341740,2,96,8,16,3,5,10,4,10,5,2,5,3,10,,,3,7,10,6,10,10,10,10,5,5,8,10,2,5,4,10,10,,,,,,,,,,,,,,8,3,mixed,mixed,mixed,normal,8,10,7,,4,9,8,9,4,0.00285528,FAIL
1915,,01:21.3,05:29.5,0 days 00:04:08.186443,2,96,8,16,3,5,10,4,10,6,2,5,2,10,,,3,7,10,6,10,10,10,10,5,5,8,10,4,5,4,10,10,,,,,,,,,,,,,,8,3,mixed,mixed,mixed,normal,8,10,7,,4,9,8,9,4,0.004808319,FAIL
1916,,05:29.5,09:38.8,0 days 00:04:09.267851,2,96,8,16,3,5,10,4,10,6,2,5,2,10,,,3,7,10,6,10,9,10,10,5,5,8,10,2,5,4,10,10,,,,,,,,,,,,,,8,3,mixed,mixed,mixed,normal,8,10,7,,4,9,8,9,10,0.004810328,FAIL
1917,,09:38.8,13:48.5,0 days 00:04:09.749192,2,96,8,16,3,5,10,4,10,6,2,5,2,10,,,3,7,10,6,10,10,10,10,5,5,8,10,2,5,4,10,10,,,,,,,,,,,,,,8,3,mixed,mixed,mixed,normal,8,10,7,,4,9,8,9,10,0.001236955,FAIL
1918,,13:48.5,17:58.7,0 days 00:04:10.145466,2,96,8,16,3,5,10,4,9,6,2,5,2,10,,,3,7,10,6,10,10,10,10,5,5,8,10,2,5,4,10,10,,,,,,,,,,,,,,8,3,mixed,mixed,mixed,normal,8,10,7,,4,9,8,9,10,0.004442025,FAIL
1919,,17:58.7,22:09.0,0 days 00:04:10.311739,2,96,8,16,3,5,10,4,9,6,2,10,3,10,,,3,7,10,6,10,10,10,10,6,5,8,10,2,5,4,10,10,,,,,,,,,,,,,,8,3,mixed,mixed,mixed,normal,8,10,7,,4,9,8,9,10,0.0046476,FAIL
1920,,22:09.0,26:18.3,0 days 00:04:09.296507,2,96,8,16,3,5,10,4,10,6,2,5,2,9,,,3,7,10,6,10,10,10,10,5,5,8,10,2,5,4,10,10,,,,,,,,,,,,,,8,3,mixed,mixed,mixed,normal,8,10,7,,4,9,8,9,10,0.002870229,FAIL
1921,,26:18.3,30:31.8,0 days 00:04:13.475932,2,96,8,16,3,5,10,4,10,6,2,5,3,10,,,3,7,10,6,10,10,10,10,5,5,7,10,2,5,4,4,10,,,,,,,,,,,,,,8,3,mixed,mixed,mixed,normal,8,10,7,,4,9,8,9,10,0.004766363,FAIL
1922,,30:31.8,34:41.0,0 days 00:04:09.238100,2,96,8,16,3,5,10,4,10,6,2,5,3,10,,,3,7,10,5,10,10,10,10,5,5,8,10,2,5,5,10,10,,,,,,,,,,,,,,8,3,mixed,mixed,mixed,normal,8,10,7,,4,9,8,9,10,0.00282896,FAIL
1923,,34:41.0,38:54.0,0 days 00:04:13.039705,2,96,8,16,3,5,10,4,9,6,2,5,2,10,,,3,7,10,6,10,10,10,10,5,,8,10,2,5,4,10,10,,,,,,,,,,,,,,8,3,mixed,mixed,mixed,normal,8,9,7,,4,9,8,9,10,0.005044813,FAIL
1924,,38:54.0,43:04.5,0 days 00:04:10.427666,2,96,8,16,3,5,10,4,10,6,2,5,2,10,,,3,7,10,6,10,10,10,9,5,5,8,10,2,5,4,10,10,,,,,,,,,,,,,,8,3,mixed,mixed,mixed,normal,8,10,7,,4,9,8,9,4,0.004712126,FAIL
1925,,43:04.5,47:13.8,0 days 00:04:09.325532,2,96,8,16,3,5,10,4,10,6,2,5,2,10,,,3,7,10,6,10,10,10,10,6,5,8,10,2,5,4,10,10,,,,,,,,,,,,,,8,3,mixed,mixed,mixed,normal,8,10,7,,4,9,8,9,10,0.004651078,FAIL
1926,,47:13.8,51:25.0,0 days 00:04:11.154005,2,96,8,16,3,5,10,4,10,6,2,5,2,10,,,3,7,10,6,10,9,10,10,5,5,8,10,2,5,4,4,10,,,,,,,,,,,,,,8,3,mixed,mixed,mixed,normal,8,10,7,,4,9,8,9,4,0.004732473,FAIL
1927,,51:25.0,55:34.6,0 days 00:04:09.674690,2,96,8,16,3,5,10,4,9,6,2,5,2,10,,,3,7,10,6,10,10,10,10,5,5,8,10,4,5,4,10,10,,,,,,,,,,,,,,8,3,mixed,mixed,mixed,normal,8,10,7,,4,9,8,9,10,0.004557141,FAIL
1928,,55:34.6,59:43.8,0 days 00:04:09.198786,2,96,8,16,3,5,10,4,10,6,2,5,2,10,,,3,7,10,6,10,10,10,10,5,5,8,10,2,5,4,10,10,,,,,,,,,,,,,,8,3,mixed,mixed,mixed,normal,8,10,7,,4,9,8,9,10,0.001258718,FAIL
1929,,59:43.8,03:52.9,0 days 00:04:09.100301,2,96,8,16,3,5,10,4,9,6,2,5,2,10,,,3,7,10,6,10,10,10,10,5,5,8,10,2,5,4,10,10,,,,,,,,,,,,,,8,3,mixed,mixed,mixed,normal,8,10,7,,4,9,8,9,10,0.004472672,FAIL
1930,,03:53.0,08:01.5,0 days 00:04:08.514496,2,96,8,16,3,5,10,4,10,6,2,10,2,9,,,3,7,10,6,10,10,10,10,5,5,8,10,2,5,4,10,10,,,,,,,,,,,,,,8,3,mixed,mixed,mixed,normal,8,10,7,,4,9,8,9,10,0.001229302,FAIL
1931,,08:01.5,12:10.1,0 days 00:04:08.634481,2,96,8,16,3,5,10,4,10,6,2,5,2,10,,,3,7,10,6,10,9,10,10,5,5,8,10,2,5,4,10,10,,,,,,,,,,,,,,8,3,mixed,mixed,mixed,normal,8,10,7,,4,9,8,9,10,0.001229739,FAIL
1932,,12:10.1,16:23.3,0 days 00:04:13.238678,2,96,8,16,3,5,10,4,9,6,2,5,2,10,,,3,7,5,6,10,10,10,10,5,5,8,10,2,5,4,10,10,,,,,,,,,,,,,,8,3,mixed,mixed,mixed,normal,8,10,7,,4,9,8,9,10,0.001229336,FAIL
1933,,16:23.4,20:31.9,0 days 00:04:08.537430,2,96,8,16,3,5,10,4,10,6,2,5,3,10,,,3,7,10,6,10,10,10,10,5,5,8,10,2,5,4,10,10,,,,,,,,,,,,,,8,3,mixed,mixed,mixed,normal,8,10,7,,4,9,8,9,10,0.00468354,FAIL
1934,,20:31.9,24:40.5,0 days 00:04:08.633517,2,96,8,16,3,5,10,4,10,6,2,5,3,10,,,3,7,5,6,10,9,10,10,5,5,8,10,2,5,4,10,10,,,,,,,,,,,,,,8,3,mixed,mixed,mixed,normal,8,10,7,,4,9,8,9,10,0.004203029,FAIL
1935,,24:40.5,28:47.9,0 days 00:04:07.340824,2,96,8,16,3,5,10,4,10,6,2,5,2,10,,,3,7,10,6,10,9,10,10,5,5,8,10,2,5,4,10,10,,,,,,,,,,,,,,8,3,mixed,mixed,mixed,normal,8,10,7,,4,9,8,9,10,0.001240427,FAIL
1936,,28:47.9,32:57.6,0 days 00:04:09.702644,2,96,8,16,3,5,10,3,10,6,2,10,2,10,,,3,7,10,6,10,10,10,10,5,5,8,10,2,5,4,10,10,,,,,,,,,,,,,,8,3,mixed,mixed,mixed,normal,8,10,7,,4,9,2,9,10,0.004535246,FAIL
1937,,32:57.6,37:07.1,0 days 00:04:09.524628,2,96,8,16,3,5,10,4,10,6,7,5,2,10,,,3,7,5,6,10,9,10,10,5,5,8,10,2,5,4,10,10,,,,,,,,,,,,,,8,3,mixed,mixed,mixed,normal,8,10,7,,4,9,8,9,10,0.004861524,FAIL
1938,,37:07.1,41:15.5,0 days 00:04:08.361799,2,96,8,16,3,5,10,4,10,6,2,5,3,10,,,3,7,5,6,10,10,10,10,5,5,8,10,2,5,5,10,10,,,,,,,,,,,,,,8,3,mixed,mixed,mixed,normal,8,10,7,,4,9,8,9,4,0.004559625,FAIL
1939,,41:15.5,45:23.8,0 days 00:04:08.360570,2,96,8,16,3,5,10,4,10,6,2,5,2,10,,,3,7,10,6,10,10,10,10,5,5,8,10,2,5,4,10,10,,,,,,,,,,,,,,8,3,mixed,mixed,mixed,normal,8,10,7,,4,9,8,9,10,0.004571081,FAIL
1940,,45:23.8,49:33.7,0 days 00:04:09.876698,2,96,8,16,3,5,10,5,10,6,2,5,2,10,,,3,7,10,6,10,9,10,10,5,5,8,10,2,5,4,10,10,,,,,,,,,,,,,,8,3,mixed,mixed,mixed,normal,8,10,7,,4,10,8,9,10,0.004537172,FAIL
1941,,49:33.7,53:43.0,0 days 00:04:09.241948,2,96,8,16,3,5,10,4,10,6,2,5,2,10,,,3,7,10,6,10,10,10,10,5,5,8,10,2,5,4,10,10,,,,,,,,,,,,,,8,3,mixed,mixed,mixed,normal,8,10,7,,4,9,8,9,4,0.004540294,FAIL
1942,,53:43.0,57:52.1,0 days 00:04:09.144011,2,96,8,16,3,5,10,4,10,6,2,5,2,10,10,,3,7,10,6,10,10,10,10,5,,8,10,2,5,4,10,10,,,,,,,,,,,,,,8,3,mixed,mixed,mixed,normal,9,9,7,,4,9,8,9,10,0.004653002,FAIL
1943,,57:52.1,02:01.2,0 days 00:04:09.048675,2,96,8,16,3,5,10,4,10,6,2,5,2,10,,,3,7,10,6,10,10,10,10,5,5,8,10,2,5,4,10,10,,,,,,,,,,,,,,8,3,mixed,mixed,mixed,normal,8,10,7,,4,9,8,9,10,0.001256495,FAIL
1944,,02:01.2,06:14.0,0 days 00:04:12.829798,2,96,8,16,3,5,10,4,10,6,2,5,2,10,,,3,7,5,6,10,10,10,10,5,5,8,10,4,5,4,4,10,,,,,,,,,,,,,,8,3,mixed,mixed,mixed,normal,8,10,7,,4,9,8,9,10,0.004311816,FAIL
1945,,06:14.0,10:24.2,0 days 00:04:10.208014,2,96,8,16,3,5,10,4,10,6,2,5,2,10,,,3,7,10,6,10,10,10,10,5,5,8,10,2,5,4,10,10,,,,,,,,,,,,,,8,3,mixed,mixed,mixed,normal,8,10,7,,4,9,8,9,10,0.00125899,FAIL
1946,,10:24.2,14:36.2,0 days 00:04:11.959984,2,96,8,16,3,5,10,4,10,6,2,5,2,10,,,3,7,10,6,10,10,10,10,5,,8,10,2,5,4,10,10,,,,,,,,,,,,,,8,3,mixed,mixed,mixed,normal,8,9,7,,4,9,8,9,10,0.00125375,FAIL
1947,,14:36.2,18:46.0,0 days 00:04:09.817166,2,96,8,16,3,5,10,4,10,6,2,5,2,10,,,3,7,10,6,10,9,10,10,5,5,8,10,4,5,4,10,10,,,,,,,,,,,,,,8,3,mixed,mixed,mixed,normal,8,10,7,,4,9,8,9,10,0.004799559,FAIL
1948,,18:46.0,22:56.9,0 days 00:04:10.919797,2,96,8,16,3,5,10,4,10,6,2,5,2,10,,,3,7,10,6,10,10,10,10,5,,8,10,2,5,4,10,10,,,,,,,,,,,,,,8,3,mixed,mixed,mixed,normal,8,9,7,,4,9,8,9,10,0.00452512,FAIL
1949,,22:56.9,27:07.6,0 days 00:04:10.687653,2,96,8,16,3,5,10,4,9,6,2,5,2,9,,,3,7,10,6,10,10,10,10,5,5,8,10,2,5,4,10,10,,,,,,,,,,,,,,8,3,mixed,mixed,mixed,normal,8,10,7,,4,9,2,9,4,0.001262612,FAIL
1950,,27:07.6,31:19.5,0 days 00:04:11.879069,2,96,8,16,3,5,10,4,10,6,2,5,3,10,,,3,7,5,6,10,10,10,10,5,5,8,10,2,5,4,10,10,,,,,,,,,,,,,,8,3,mixed,mixed,mixed,normal,8,10,7,,4,9,8,9,10,0.004792252,FAIL
1951,,31:19.5,35:31.9,0 days 00:04:12.397402,2,96,8,16,3,5,9,4,10,6,2,5,2,10,,,3,7,10,6,10,10,10,10,5,5,8,10,2,5,4,10,10,,,,,,,,,,,,,,8,3,mixed,mixed,mixed,normal,8,10,7,,4,9,8,9,10,0.001213029,FAIL
1952,,35:31.9,39:44.6,0 days 00:04:12.672055,2,96,8,16,3,5,10,4,10,6,2,5,2,10,,,3,7,10,6,10,10,10,10,5,5,8,10,2,5,4,10,10,,,,,,,,,,,,,,8,3,mixed,mixed,mixed,normal,8,10,7,,4,9,8,9,10,0.004586081,FAIL
1953,,39:44.6,43:56.6,0 days 00:04:12.019852,2,96,8,16,3,5,10,4,10,5,2,5,3,10,,,3,7,10,6,10,10,10,10,5,5,8,8,2,5,4,10,10,,,,,,,,,,,,,,8,3,mixed,mixed,mixed,normal,8,10,7,,4,9,8,9,10,0.00286621,FAIL
1954,,43:56.6,48:08.3,0 days 00:04:11.731488,2,96,8,16,3,5,10,4,10,6,2,5,2,10,,,3,7,10,6,10,9,10,10,5,5,8,10,2,5,4,10,10,,,,,,,,,,,,,,8,3,mixed,mixed,mixed,normal,8,10,7,,4,9,8,9,10,0.002817143,FAIL
1955,,48:08.3,52:20.3,0 days 00:04:11.984419,2,96,8,16,3,5,10,4,10,6,2,5,2,10,,,3,7,10,6,10,10,10,10,5,5,8,10,2,5,4,10,10,,,,,,,,,,,,,,8,3,mixed,mixed,mixed,normal,8,10,7,,4,9,8,9,10,0.001221225,FAIL
1956,,52:20.3,56:32.0,0 days 00:04:11.668147,2,96,8,16,3,5,10,4,10,6,2,5,2,10,,,3,7,10,6,10,10,10,10,5,5,8,10,2,5,4,10,10,2,,,,,,,,,,,,,8,3,mixed,mixed,mixed,normal,8,10,8,,4,9,8,9,10,0.00422551,FAIL
1957,,56:32.0,00:44.5,0 days 00:04:12.503087,2,96,8,16,3,5,10,4,9,6,2,5,3,10,,,3,7,10,6,10,10,10,10,5,5,8,10,2,5,4,10,10,,,,,,,,,,,,,,8,3,mixed,mixed,mixed,normal,8,10,7,,4,9,8,9,10,0.004435518,FAIL
1958,,00:44.5,04:55.4,0 days 00:04:10.910489,2,96,8,16,3,5,10,4,10,6,2,10,4,10,,,3,7,10,6,10,10,10,10,5,5,8,10,2,5,4,4,10,,,,,,,,,,,,,,8,3,mixed,mixed,mixed,normal,8,10,7,,4,9,8,9,4,0.00453457,FAIL
1959,,04:55.4,09:06.7,0 days 00:04:11.249936,2,96,8,16,3,5,10,4,9,6,2,10,2,10,,,3,7,10,6,10,10,10,10,5,5,8,10,2,5,4,4,10,,,,,,,,,,,,,,8,3,mixed,mixed,mixed,normal,8,10,7,,4,9,8,9,10,0.004822991,FAIL
1960,,09:06.7,13:18.1,0 days 00:04:11.469601,2,96,8,16,3,5,9,4,10,6,2,10,2,10,,,3,7,10,6,10,10,10,10,5,5,8,10,2,5,5,10,10,,,,,,,,,,,,,,8,3,mixed,mixed,mixed,normal,8,10,7,,4,9,8,9,10,0.004610192,FAIL
1961,,13:18.1,17:29.6,0 days 00:04:11.478068,2,96,8,16,3,5,10,5,10,6,2,5,2,10,,,3,7,10,6,10,10,10,10,6,5,8,10,2,5,4,10,10,,,,,,,,,,,,,,8,3,mixed,mixed,mixed,normal,8,10,7,,4,9,8,9,10,0.00481886,FAIL
1962,,17:29.6,21:41.0,0 days 00:04:11.334963,2,96,8,16,3,5,10,4,10,6,2,5,2,10,,,3,7,10,6,10,10,10,10,5,5,8,10,2,5,4,10,10,,,,,,,,,,,,,,8,3,mixed,mixed,mixed,normal,8,10,7,,4,9,8,9,10,0.001232516,FAIL
1963,,21:41.0,25:52.0,0 days 00:04:11.069303,2,96,8,16,3,5,10,4,10,6,2,5,2,10,,,3,7,10,6,10,9,10,10,5,5,8,10,2,6,4,10,10,,,,,,,,,,,,,,8,4,mixed,mixed,mixed,normal,8,10,7,,4,9,8,9,10,0.001248975,FAIL
1964,,25:52.0,30:02.9,0 days 00:04:10.873882,2,96,8,16,3,5,10,4,10,6,2,5,2,10,,,3,7,10,6,10,10,10,10,5,5,8,10,2,5,4,10,10,,,,,,,,,,,,,,8,3,mixed,mixed,mixed,normal,8,10,7,,4,9,8,9,10,0.004539865,FAIL
1965,,30:02.9,34:13.2,0 days 00:04:10.256628,2,96,8,16,3,5,10,4,10,5,2,5,2,10,,,3,7,10,6,10,9,10,10,5,5,8,10,2,5,4,10,10,,,,,,,,,,,,,,8,3,mixed,mixed,mixed,normal,8,10,7,,4,9,8,9,10,0.004510736,FAIL
1966,,34:13.2,38:23.4,0 days 00:04:10.214688,2,96,8,16,3,5,10,4,10,6,2,5,4,10,,,3,7,10,6,10,10,10,10,5,5,8,10,2,6,4,10,10,,,,,,,,,,,,,,8,3,mixed,mixed,mixed,normal,8,10,7,,4,9,8,9,10,0.004820473,FAIL
1967,,38:23.4,42:34.1,0 days 00:04:10.655385,2,96,8,16,3,5,10,4,10,6,2,5,2,10,,,3,7,10,6,10,10,10,10,5,5,8,10,2,5,4,10,10,,,,,,,,,,,,,,8,3,mixed,mixed,mixed,normal,8,10,7,,4,9,8,9,10,0.004591242,FAIL
1968,,42:34.1,46:44.2,0 days 00:04:10.112444,2,96,8,16,3,5,10,4,8,5,2,5,2,10,,,3,7,10,6,10,10,10,9,5,5,8,10,2,6,4,10,10,,,,,,,,,,,,,,8,3,mixed,mixed,mixed,normal,8,10,7,,4,9,8,9,10,0.002861242,FAIL
1969,,46:44.2,50:53.0,0 days 00:04:08.802856,2,96,8,16,3,5,10,4,10,6,2,5,6,10,,,3,7,10,6,10,10,10,10,5,5,8,10,2,5,4,10,10,,,,,,,,,,,,,,8,3,mixed,mixed,mixed,normal,8,10,7,,4,9,8,9,4,0.004430625,FAIL
1970,,50:53.0,55:00.5,0 days 00:04:07.524473,2,96,8,16,3,5,10,4,10,6,2,5,2,10,,,3,7,10,6,10,9,10,10,5,5,8,10,2,5,4,10,10,,,,,,,,,,,,,,8,3,mixed,mixed,mixed,normal,8,10,7,,4,9,2,9,10,0.004468102,FAIL
1971,,55:00.5,59:07.6,0 days 00:04:07.134556,2,96,8,16,3,5,10,4,10,6,2,5,3,10,,,3,7,10,6,10,10,10,10,5,5,8,10,2,5,4,10,10,,,,,,,,,,,,,,8,3,mixed,mixed,mixed,normal,8,10,7,,4,9,8,9,10,0.001230375,FAIL
1972,,59:07.6,03:14.6,0 days 00:04:06.911752,2,96,8,16,3,5,10,4,10,6,2,5,2,10,,,3,7,10,6,10,9,10,10,5,5,8,10,4,5,4,10,10,,,,,,,,,,,,,,8,3,mixed,mixed,mixed,normal,8,10,7,,4,9,8,9,4,0.004719978,FAIL
1973,,03:14.6,07:24.7,0 days 00:04:10.160691,2,96,8,16,3,5,10,4,10,6,2,5,3,10,,,3,7,5,6,10,10,10,10,5,5,8,10,2,5,4,4,10,,,,,,,,,,,,,,8,3,mixed,mixed,mixed,normal,8,10,7,,4,9,8,9,10,0.004330733,FAIL
1974,,07:24.7,11:33.6,0 days 00:04:08.831619,2,96,8,16,3,5,10,5,10,6,2,5,2,10,,,3,7,10,6,10,9,10,10,5,5,8,10,2,5,4,10,10,,,,,,,,,,,,,,8,3,mixed,mixed,mixed,normal,8,10,7,,4,9,8,9,10,0.004555607,FAIL
1975,,11:33.6,15:48.8,0 days 00:04:15.201647,2,96,8,16,3,5,10,4,10,6,2,5,2,10,,,3,7,5,6,10,10,9,10,5,4,8,10,2,5,4,10,10,,,,,,,,,,,,,,8,3,mixed,mixed,mixed,normal,8,10,7,,4,9,8,9,10,0.001241516,FAIL
1976,,15:48.8,20:00.8,0 days 00:04:12.030705,2,96,8,16,3,5,10,4,9,6,2,5,2,10,,,3,7,10,6,10,9,10,10,5,5,8,10,2,5,4,10,10,,,,,,,,,,,,,,8,3,mixed,mixed,mixed,normal,8,10,7,,4,9,8,9,10,0.004257325,FAIL
1977,,20:00.8,24:13.9,0 days 00:04:13.050123,2,96,8,16,3,5,10,4,10,6,2,5,3,10,,,3,7,10,6,10,10,10,10,5,5,8,10,2,5,4,10,10,,,,,,,,,,,,,,8,3,mixed,mixed,mixed,normal,8,10,7,,4,9,8,9,10,0.005006034,FAIL
1978,,24:13.9,28:27.0,0 days 00:04:13.143060,2,96,8,16,3,5,10,5,10,6,2,5,2,10,,,3,7,10,6,10,10,10,10,5,5,8,10,2,5,4,10,10,,,,,,,,,,,,,,8,3,mixed,mixed,mixed,normal,8,10,7,,4,9,8,9,4,0.003012452,FAIL
1979,,28:27.0,32:38.8,0 days 00:04:11.804802,2,96,8,16,3,5,10,4,10,6,2,5,2,10,,,3,7,5,6,10,10,10,10,5,5,8,10,2,6,4,10,10,10,,,,,,,,,,,,,8,3,mixed,mixed,mixed,normal,8,10,8,,4,9,8,9,10,0.007031805,FAIL
1980,,32:38.8,36:50.8,0 days 00:04:11.937374,2,96,8,16,3,5,10,4,10,6,2,10,2,10,,,3,7,10,6,10,10,10,10,5,5,8,10,2,5,4,10,10,,,,,,,,,,,,,,8,3,mixed,mixed,mixed,normal,8,10,7,,4,9,8,9,10,0.004757239,FAIL
1981,,36:50.8,41:04.4,0 days 00:04:13.693376,2,96,8,16,3,5,10,4,9,6,2,5,2,10,,,3,7,10,6,10,10,10,9,5,5,8,8,2,5,4,10,10,,,,,,,,,,,,,,8,3,mixed,mixed,mixed,normal,8,10,7,,4,9,8,9,10,0.004435748,FAIL
1982,,41:04.5,45:14.3,0 days 00:04:09.798989,2,96,8,16,3,5,10,4,10,6,2,5,2,10,,,3,7,5,6,10,10,10,10,5,5,8,10,2,5,4,10,10,,,,,,,,,,,,,,8,3,mixed,mixed,mixed,normal,8,10,7,,4,9,8,9,10,0.001218172,FAIL
1983,,45:14.3,49:23.6,0 days 00:04:09.318246,2,96,8,16,3,5,10,4,10,6,2,5,2,10,,,3,7,10,6,9,10,10,10,5,5,8,10,2,5,4,10,10,,,,,,,,,,,,,,8,3,mixed,mixed,mixed,normal,8,10,7,,4,9,8,9,4,0.004815742,FAIL
1984,,49:23.6,53:35.7,0 days 00:04:12.113277,2,96,8,16,3,5,10,4,10,6,2,5,2,10,,,3,7,10,6,10,10,10,10,5,5,8,10,2,5,4,4,10,,,,,,,,,,,,,,8,3,mixed,mixed,mixed,normal,8,10,7,,4,9,8,9,10,0.005054724,FAIL
1985,,53:35.7,57:49.3,0 days 00:04:13.653264,2,96,8,16,3,5,10,4,9,5,2,5,2,10,,,3,7,5,5,10,10,10,10,5,5,8,10,2,5,4,10,10,,,,,,,,,,,,,,8,3,mixed,mixed,mixed,normal,8,10,7,,4,9,8,9,10,0.001263651,FAIL
1986,,57:49.4,02:00.4,0 days 00:04:11.024186,2,96,8,16,3,5,10,4,10,6,2,5,2,10,,,3,7,10,6,10,10,10,10,5,5,8,10,2,5,4,10,10,,,,,,,,,,,,,,8,3,mixed,mixed,mixed,normal,8,10,7,,4,9,8,9,10,0.004357295,FAIL
1987,,02:00.4,06:13.2,0 days 00:04:12.843983,2,96,8,16,3,5,10,4,10,6,2,5,3,9,,,3,7,5,6,10,10,10,10,5,5,8,10,2,5,4,10,10,,,,,,,,,,,,,,8,3,mixed,mixed,mixed,normal,8,10,7,,4,9,8,9,10,0.001234235,FAIL
1988,,06:13.2,10:25.4,0 days 00:04:12.131399,2,96,8,16,3,5,10,5,10,6,2,5,2,10,,,3,7,10,6,10,10,10,10,5,5,8,10,2,5,5,4,10,,,,,,,,,,,,,,8,3,mixed,mixed,mixed,normal,8,10,7,,4,9,8,9,10,0.001261353,FAIL
1989,,10:25.4,14:35.1,0 days 00:04:09.770788,2,96,8,16,3,5,10,4,10,6,2,5,3,10,,,3,7,10,6,10,10,10,10,5,5,8,10,2,5,4,10,10,,,,,,,,,,,,,,8,3,mixed,mixed,mixed,normal,8,10,7,,4,9,8,9,10,0.004694954,FAIL
1990,,14:35.1,18:44.4,0 days 00:04:09.225486,2,96,8,16,3,5,10,4,10,6,2,5,2,10,,,3,7,5,6,10,10,10,10,5,5,8,10,2,5,4,10,10,,,,,,,,,,,,,,8,3,mixed,mixed,mixed,normal,8,10,7,,4,9,8,9,10,0.002922652,FAIL
1991,,18:44.4,22:54.3,0 days 00:04:09.893822,2,96,8,16,3,5,10,4,9,6,2,5,2,10,,,3,7,5,6,10,10,10,10,6,5,8,10,2,5,4,10,10,,,,,,,,,,,,,,8,3,mixed,mixed,mixed,,8,10,7,,3,9,8,9,,0.004488838,FAIL
1992,,22:54.3,27:03.3,0 days 00:04:08.989434,2,96,8,16,3,5,10,4,10,6,2,5,3,10,,,3,7,10,6,10,9,10,10,5,5,8,10,2,5,4,10,10,,,,,,,,,,,,,,8,3,mixed,mixed,mixed,normal,8,10,7,,4,9,8,9,10,0.004835867,FAIL
1993,,27:03.3,31:10.2,0 days 00:04:06.969677,2,96,8,16,3,5,10,4,10,6,2,5,3,10,,,3,7,10,6,10,10,10,10,5,5,8,10,2,5,4,10,10,,,,,,,,,,,,,,8,3,mixed,mixed,mixed,normal,8,10,7,,4,9,8,9,10,0.004498009,FAIL
1994,,31:10.2,35:18.2,0 days 00:04:08.010457,2,96,8,16,3,5,10,4,10,6,2,5,2,10,,,3,7,10,6,10,9,10,10,5,5,8,10,2,5,4,10,10,,,,,,,,,,,,,,8,3,mixed,mixed,mixed,normal,8,10,7,,4,9,8,9,10,0.001223943,FAIL
1995,,35:18.2,39:26.6,0 days 00:04:08.387459,2,96,8,16,3,5,10,4,10,6,2,5,3,10,,,3,7,10,6,10,10,10,10,5,5,8,10,2,5,5,10,10,,,,,,,,,,,,,,8,3,mixed,mixed,mixed,normal,8,10,7,,4,9,8,9,10,0.004795812,FAIL
1996,,39:26.6,43:37.9,0 days 00:04:11.303909,2,96,8,16,3,5,10,4,10,6,2,5,2,10,,,3,7,10,6,10,10,10,10,5,5,8,10,2,5,4,10,10,,,,,,,,,,,,,,8,3,mixed,mixed,mixed,normal,8,10,7,,4,9,8,9,10,0.001267871,FAIL
1997,,43:37.9,47:48.8,0 days 00:04:10.840291,2,96,8,16,3,5,10,4,10,6,2,5,2,10,,,3,7,10,6,10,10,10,10,5,5,8,10,2,5,4,10,10,,,,,,,,,,,,,,8,3,mixed,mixed,mixed,normal,8,10,7,,4,9,8,9,10,0.004660573,FAIL
1998,,47:48.8,51:59.1,0 days 00:04:10.340770,2,96,8,16,3,5,10,4,10,6,2,5,2,10,,,3,7,7,6,10,8,10,10,5,5,8,10,2,5,4,10,10,,,,,,,,,,,,,,8,3,mixed,mixed,mixed,normal,8,10,7,,4,9,8,9,4,0.001239611,FAIL
1999,,51:59.1,56:09.8,0 days 00:04:10.669142,2,96,8,16,3,5,10,4,10,6,2,5,2,10,9,,3,7,10,5,10,10,10,10,5,5,8,10,2,5,4,10,10,,,,,,,,,,,,,,8,3,mixed,mixed,mixed,normal,9,10,7,,4,9,8,9,10,0.001244007,FAIL
2000,564.2266846,21:04.5,22:37.0,0 days 00:01:32.428954,4,64,128,32,3,4,,,,,,,,,,,,,,,,,,,,,,,,,,,,,,,,,,,,,,,,,3,6,normal,normal,,,,,,,2,6,10,,,0.001442851,COMPLETE
2001,572.0973511,22:37.0,24:02.9,0 days 00:01:25.907634,1,64,,,1,4,,,,,,,,,,,,,,,,,,,,,,,,,,,,,,,,,,,,,,,,,3,8,normal,,,,,,,,1,4,,,,0.005671422,COMPLETE
2002,845.6004028,24:02.9,25:35.2,0 days 00:01:32.298941,3,128,96,,2,5,3,9,8,,,,,,,,,,,,,,,,,,,,,,,,,,,,,,,,,,,,,,8,5,mixed,normal,,,3,,,,2,4,6,,,0.007397229,COMPLETE
2003,526.2799683,25:35.2,27:09.0,0 days 00:01:33.784376,2,64,96,,2,4,,,,,,,,,,,,,,,,,,,,,,,,,,,,,,,,,,,,,,,,,6,5,normal,normal,normal,normal,,,,,4,5,4,8,5,0.001255684,COMPLETE
2004,590.6845093,27:09.0,28:38.6,0 days 00:01:29.602826,1,16,16,,2,3,4,5,4,10,2,5,9,9,,,,,,,,,,,,,,,,,,,,,,,,,,,,,,,,,5,3,mixed,,,,8,,,,1,7,,,,0.009505394,COMPLETE
2005,,28:38.6,30:09.7,0 days 00:01:31.108432,2,8,,,1,2,7,7,5,5,10,9,,,,,,,,,,,,,,,,,,,,,,,,,,,,,,,,,,,4,6,mixed,,,,6,,,,1,5,,,,0.004647355,FAIL
2006,,30:09.7,31:49.8,0 days 00:01:40.102296,1,32,16,,2,4,10,,,,,,,,,,,,,,,,,,,,,,,,,,,,,,,,,,,,,,,,5,7,mixed,normal,normal,normal,1,,,,4,5,4,10,4,0.004675535,FAIL
2007,1093.695068,31:49.8,33:16.4,0 days 00:01:26.623087,4,128,,,1,2,,,,,,,,,,,,,,,,,,,,,,,,,,,,,,,,,,,,,,,,,5,7,normal,,,,,,,,1,4,,,,0.001323019,COMPLETE
2008,1295.388672,33:16.4,34:44.7,0 days 00:01:28.263535,2,8,,,1,2,,,,,,,,,,,,,,,,,,,,,,,,,,,,,,,,,,,,,,,,,4,5,normal,normal,,,,,,,2,1,7,,,0.004324223,COMPLETE
2009,,34:44.7,36:24.3,0 days 00:01:39.581166,3,8,,,1,3,5,4,7,2,6,3,5,9,4,7,,,,,,,,,,,,,,,,,,,,,,,,,,,,,,,3,6,mixed,normal,normal,,10,,,,3,1,7,9,,0.005747374,FAIL
2010,,36:24.3,37:58.2,0 days 00:01:33.913225,4,16,16,,2,3,6,8,7,9,,,,,,,5,,,,,,,,,,,,,,,,,,,,,,,,,,,,,,8,5,mixed,mixed,,,4,1,,,2,8,4,,,0.002192311,FAIL
2011,,37:58.2,39:47.8,0 days 00:01:49.626334,3,32,128,32,3,4,8,3,3,,,,,,,,2,5,8,7,8,8,6,,,,8,7,6,8,6,8,2,10,6,,8,9,2,10,9,2,9,10,,,6,7,mixed,mixed,mixed,mixed,3,7,9,8,4,1,8,6,2,0.005308656,FAIL
2012,2252.678467,39:47.8,41:13.6,0 days 00:01:25.775303,1,64,64,,2,4,,,,,,,,,,,9,,,,,,,,,,,,,,,,,,,,,,,,,,,,,,3,3,normal,mixed,,,,1,,,2,2,8,,,0.00156992,COMPLETE
2013,,41:13.6,42:39.1,0 days 00:01:25.446388,4,128,,,1,2,10,4,,,,,,,,,,,,,,,,,,,,,,,,,,,,,,,,,,,,,,,6,4,mixed,,,,2,,,,1,3,,,,0.001789241,FAIL
2014,,42:39.1,44:08.3,0 days 00:01:29.229078,3,64,,,1,5,9,10,9,4,2,,,,,,,,,,,,,,,,,,,,,,,,,,,,,,,,,,,,6,6,mixed,,,,5,,,,1,1,,,,0.001430994,FAIL
2015,,44:08.3,45:49.1,0 days 00:01:40.819905,4,96,128,8,3,2,,,,,,,,,,,,,,,,,,,,,7,6,10,,,,,,,,,,,,,,,,,,7,8,normal,normal,mixed,,,,3,,3,3,1,2,,0.007937564,FAIL
2016,410.434082,45:49.1,47:25.9,0 days 00:01:36.794245,3,32,,,1,4,,,,,,,,,,,5,8,6,4,8,10,7,9,5,4,,,,,,,,,,,,,,,,,,,,,7,6,normal,mixed,,,,10,,,2,5,1,,,0.006105543,COMPLETE
2017,3553.286865,47:25.9,49:04.1,0 days 00:01:38.182506,4,16,96,,2,3,5,6,9,9,6,5,9,5,4,9,,,,,,,,,,,,,,,,,,,,,,,,,,,,,,,3,4,mixed,normal,normal,,10,,,,3,6,3,1,,0.002315365,COMPLETE
2018,3855.538574,49:04.1,50:28.4,0 days 00:01:24.272495,2,128,64,,2,2,,,,,,,,,,,,,,,,,,,,,,,,,,,,,,,,,,,,,,,,,3,5,normal,,,,,,,,1,1,,,,0.001025185,COMPLETE
2019,,50:28.4,52:08.5,0 days 00:01:40.122411,2,8,,,1,2,3,5,6,9,8,7,3,,,,5,6,6,3,4,6,6,6,2,6,,,,,,,,,,,,,,,,,,,,,4,3,mixed,mixed,normal,normal,7,10,,,4,4,7,1,1,0.00564692,FAIL
2020,,52:08.5,53:44.5,0 days 00:01:36.016050,3,32,128,64,3,2,6,4,6,,,,,,,,5,4,6,3,8,3,10,6,,,,,,,,,,,,,,,,,,,,,,,7,4,mixed,mixed,,,3,8,,,2,8,8,,,0.008016747,FAIL
2021,,53:44.5,55:14.4,0 days 00:01:29.893770,1,96,,,1,4,4,4,,,,,,,,,10,8,4,3,8,6,,,,,,,,,,,,,,,,,,,,,,,,,4,3,mixed,mixed,,,2,6,,,2,6,10,,,0.003344828,FAIL
2022,,55:14.4,56:48.3,0 days 00:01:33.925937,2,128,16,,2,4,5,5,,,,,,,,,,,,,,,,,,,7,9,6,10,3,8,,,,,,,,,,,,,,,6,3,mixed,normal,mixed,,2,,6,,3,6,7,5,,0.002334567,FAIL
2023,,56:48.3,58:27.3,0 days 00:01:38.968294,1,64,96,,2,2,6,3,2,,,,,,,,5,3,6,10,7,5,,,,,9,2,9,9,8,8,3,10,,,,,,,,,,,,,3,4,mixed,mixed,mixed,,3,6,8,,3,3,10,8,,0.004182569,FAIL
2024,893.4882202,58:27.3,59:55.3,0 days 00:01:27.955148,4,64,,,1,2,,,,,,,,,,,,,,,,,,,,,3,7,,,,,,,,,,,,,,,,,,,3,4,normal,normal,mixed,,,,2,,3,1,4,7,,0.001372765,COMPLETE
2025,,59:55.3,01:24.6,0 days 00:01:29.319408,2,128,,,1,3,5,6,7,3,3,8,5,3,5,,,,,,,,,,,,,,,,,,,,,,,,,,,,,,,,8,5,mixed,,,,9,,,,1,6,,,,0.006187108,FAIL
2026,,01:24.6,03:10.2,0 days 00:01:45.621646,2,96,64,,2,5,3,9,6,3,6,5,4,9,8,,,,,,,,,,,,8,5,8,4,5,7,4,3,10,8,3,10,2,2,8,5,,,,,7,4,mixed,normal,mixed,mixed,9,,10,6,4,7,8,3,9,0.002107431,FAIL
2027,931.210144,03:10.2,04:42.9,0 days 00:01:32.655053,3,32,128,8,3,4,,,,,,,,,,,7,9,2,5,3,8,,,,,,,,,,,,,,,,,,,,,,,,,6,5,normal,mixed,,,,6,,,2,1,8,,,0.001125092,COMPLETE
2028,1199.598755,04:42.9,06:12.5,0 days 00:01:29.646040,4,8,16,,2,4,7,4,5,8,,,,,,,,,,,,,,,,,,,,,,,,,,,,,,,,,,,,,5,5,mixed,normal,,,4,,,,2,8,5,,,0.009897091,COMPLETE
2029,,06:12.5,07:52.6,0 days 00:01:40.086372,2,32,,,1,4,,,,,,,,,,,9,10,10,5,2,,,,,,8,10,9,2,6,,,,,,,,,,,,,,,,3,6,normal,mixed,mixed,,,5,5,,3,10,4,2,,0.003779844,FAIL
2030,,07:52.6,09:31.7,0 days 00:01:39.092421,2,16,8,32,3,3,,,,,,,,,,,5,7,4,10,10,2,6,,,,8,,,,,,,,,,,,,,,,,,,,6,8,normal,mixed,mixed,,,7,1,,3,7,10,9,,0.001071416,FAIL
2031,,09:31.7,11:13.8,0 days 00:01:42.091538,1,96,64,,2,5,,,,,,,,,,,5,9,8,9,7,3,2,,,,8,8,7,9,7,,,,,,,,,,,,,,,,7,7,normal,mixed,mixed,,,7,5,,3,2,3,5,,0.007466913,FAIL
2032,,11:13.8,12:57.2,0 days 00:01:43.349993,2,8,8,,2,4,7,2,9,6,9,3,8,5,,,4,9,7,10,6,,,,,,,,,,,,,,,,,,,,,,,,,,3,8,mixed,mixed,normal,,8,5,,,3,10,10,3,,0.002847087,FAIL
2033,,12:57.2,14:38.6,0 days 00:01:41.476363,4,96,32,8,3,3,4,2,9,8,10,,,,,,6,4,5,10,2,6,8,4,7,10,,,,,,,,,,,,,,,,,,,,,5,6,mixed,mixed,,,5,10,,,2,10,10,,,0.003172964,FAIL
2034,,14:38.6,16:17.6,0 days 00:01:38.938985,2,96,32,128,3,5,2,5,10,9,8,2,3,4,6,10,8,,,,,,,,,,,,,,,,,,,,,,,,,,,,,,4,4,mixed,mixed,normal,,10,1,,,3,6,10,3,,0.002760803,FAIL
2035,693.4052734,16:17.6,17:39.4,0 days 00:01:21.782604,4,16,16,,2,3,,,,,,,,,,,,,,,,,,,,,,,,,,,,,,,,,,,,,,,,,7,3,normal,,,,,,,,1,10,,,,0.001122162,COMPLETE
2036,,17:39.4,19:19.7,0 days 00:01:40.366612,4,16,96,,2,5,2,5,3,2,4,5,3,8,8,,,,,,,,,,,,,,,,,,,,,,,,,,,,,,,,7,8,mixed,normal,normal,,9,,,,3,6,2,3,,0.001252515,FAIL
2037,,19:19.7,20:53.7,0 days 00:01:33.916489,4,32,96,,2,3,4,10,10,2,5,,,,,,,,,,,,,,,,,,,,,,,,,,,,,,,,,,,,6,5,mixed,normal,normal,,5,,,,3,1,6,8,,0.002182923,FAIL
2038,,20:53.7,22:29.9,0 days 00:01:36.256346,3,32,16,8,3,4,,,,,,,,,,,7,9,5,9,,,,,,,,,,,,,,,,,,,,,,,,,,,8,6,normal,mixed,normal,,,4,,,3,2,4,10,,0.002562335,FAIL
2039,,22:29.9,24:10.1,0 days 00:01:40.211493,1,96,,,1,3,3,4,9,3,5,,,,,,,,,,,,,,,,4,10,10,,,,,,,,,,,,,,,,,,5,8,mixed,normal,mixed,normal,5,,3,,4,3,3,3,1,0.009499697,FAIL
2040,,24:10.1,25:45.1,0 days 00:01:34.987661,4,96,16,96,3,2,6,9,2,7,9,8,9,8,,,,,,,,,,,,,,,,,,,,,,,,,,,,,,,,,8,6,mixed,,,,8,,,,1,5,,,,0.008925345,FAIL
2041,,25:45.1,27:25.2,0 days 00:01:40.056750,1,16,8,8,3,3,8,9,5,10,,,,,,,,,,,,,,,,,,,,,,,,,,,5,7,4,,,,,,,,7,6,mixed,normal,normal,mixed,4,,,3,4,8,5,7,10,0.007725206,FAIL
2042,,27:25.2,29:08.4,0 days 00:01:43.262379,4,8,16,128,3,3,3,5,7,7,10,7,9,5,,,7,7,9,4,2,9,4,5,8,,,,,,,,,,,,,,,,,,,,,,4,5,mixed,mixed,,,8,9,,,2,7,7,,,0.005520181,FAIL
2043,,29:08.4,30:48.1,0 days 00:01:39.631324,4,32,96,,2,5,3,10,4,3,4,8,,,,,6,7,2,2,6,9,9,,,,,,,,,,,,,,,,,,,,,,,,6,4,mixed,mixed,,,6,7,,,2,8,1,,,0.001172544,FAIL
2044,,30:48.1,32:21.5,0 days 00:01:33.416454,1,128,128,16,3,2,5,3,4,4,9,6,,,,,,,,,,,,,,,,,,,,,,,,,,,,,,,,,,,7,8,mixed,,,,6,,,,1,2,,,,0.002289516,FAIL
2045,,32:21.5,34:03.3,0 days 00:01:41.794457,1,64,,,1,3,10,6,10,4,3,3,3,7,7,,,,,,,,,,,,7,4,2,2,6,2,,,,,,,,,,,,,,,4,8,mixed,normal,mixed,,9,,6,,3,7,5,7,,0.003592116,FAIL
2046,,34:03.3,35:49.8,0 days 00:01:46.533105,2,96,128,,2,4,,,,,,,,,,,6,10,7,8,6,8,7,,,,5,9,7,9,3,9,6,3,6,,,,,,,,,,,,6,8,normal,mixed,mixed,,,7,9,,3,4,10,7,,0.003813662,FAIL
2047,,35:49.8,37:20.6,0 days 00:01:30.757474,3,32,16,8,3,5,10,,,,,,,,,,,,,,,,,,,,,,,,,,,,,,,,,,,,,,,,6,6,mixed,normal,,,1,,,,2,2,2,,,0.003337361,FAIL
2048,1138.932129,37:20.6,38:54.8,0 days 00:01:34.165684,1,96,64,,2,4,,,,,,,,,,,6,3,5,6,6,,,,,,,,,,,,,,,,,,,,,,,,,,6,8,normal,mixed,,,,5,,,2,4,4,,,0.005250955,COMPLETE
2049,,38:54.8,40:28.0,0 days 00:01:33.203935,2,16,32,32,3,3,4,7,3,6,,,,,,,,,,,,,,,,,,,,,,,,,,,,,,,,,,,,,8,8,mixed,,,,4,,,,1,5,,,,0.001207573,FAIL
2050,,40:28.0,42:05.4,0 days 00:01:37.435422,3,16,64,128,3,3,3,6,6,,,,,,,,,,,,,,,,,,,,,,,,,,,,,,,,,,,,,,6,8,mixed,normal,,,3,,,,2,2,9,,,0.001023699,FAIL
2051,,42:05.4,43:40.2,0 days 00:01:34.742996,3,128,,,1,5,,,,,,,,,,,10,,,,,,,,,,9,10,4,,,,,,,,,,,,,,,,,,7,3,normal,mixed,mixed,normal,,1,3,,4,6,4,5,6,0.001572229,FAIL
2052,3461.01123,43:40.2,45:14.6,0 days 00:01:34.406926,1,16,,,1,3,9,10,5,7,6,2,4,2,,,,,,,,,,,,,,,,,,,,,,,,,,,,,,,,,5,4,mixed,normal,,,8,,,,2,3,9,,,0.003847551,COMPLETE
2053,280.9630127,45:14.6,46:51.3,0 days 00:01:36.780933,4,128,96,8,3,4,,,,,,,,,,,,,,,,,,,,,,,,,,,,,,,,,,,,,,,,,6,8,normal,normal,,,,,,,2,9,9,,,0.002705594,COMPLETE
2054,,46:51.4,48:29.3,0 days 00:01:37.917976,4,64,8,32,3,4,4,3,7,5,8,4,5,3,4,5,,,,,,,,,,,,,,,,,,,,,,,,,,,,,,,6,8,mixed,,,,10,,,,1,3,,,,0.002840347,FAIL
2055,582.6305542,48:29.3,49:54.2,0 days 00:01:24.898384,2,32,32,64,3,2,,,,,,,,,,,,,,,,,,,,,,,,,,,,,,,,,,,,,,,,,3,5,normal,,,,,,,,1,8,,,,0.004109937,COMPLETE
2056,,49:54.2,51:27.3,0 days 00:01:33.140556,4,16,16,64,3,3,5,7,7,2,3,10,,,,,,,,,,,,,,,6,,,,,,,,,,,,,,,,,,,,7,3,mixed,normal,mixed,,6,,1,,3,1,6,2,,0.002480127,FAIL
2057,667.265686,51:27.3,52:51.0,0 days 00:01:23.699740,3,64,16,,2,4,7,,,,,,,,,,,,,,,,,,,,,,,,,,,,,,,,,,,,,,,,4,3,mixed,,,,1,,,,1,5,,,,0.002762333,COMPLETE
2058,3747.236816,52:51.0,54:23.7,0 days 00:01:32.715799,4,96,,,1,5,3,3,7,4,7,9,5,5,3,4,,,,,,,,,,,,,,,,,,,,,,,,,,,,,,,6,3,mixed,normal,normal,,10,,,,3,6,5,2,,0.002350742,COMPLETE
2059,,54:23.7,55:55.6,0 days 00:01:31.857293,2,96,16,,2,2,10,2,9,6,10,,,,,,,,,,,,,,,,,,,,,,,,,,,,,,,,,,,,5,8,mixed,,,,5,,,,1,1,,,,0.001507483,FAIL
2060,572.8265381,55:55.6,57:25.2,0 days 00:01:29.586890,2,8,96,,2,3,,,,,,,,,,,,,,,,,,,,,,,,,,,,,,,,,,,,,,,,,5,7,normal,normal,,,,,,,2,7,9,,,0.001054234,COMPLETE
2061,,57:25.2,59:07.0,0 days 00:01:41.770383,1,96,96,,2,3,4,7,,,,,,,,,,,,,,,,,,,,,,,,,,,,,5,10,3,3,7,7,3,8,10,,3,5,mixed,normal,normal,mixed,2,,,9,4,2,8,1,5,0.009853104,FAIL
2062,,59:07.0,00:48.0,0 days 00:01:41.014363,1,8,16,,2,2,,,,,,,,,,,,,,,,,,,,,7,10,6,8,,,,,,,9,7,2,9,,,,,,,3,7,normal,normal,mixed,mixed,,,4,4,4,9,4,7,3,0.009451061,FAIL
2063,,00:48.0,02:29.0,0 days 00:01:40.999246,3,8,128,,2,5,2,6,3,8,8,9,5,6,6,,4,2,7,5,2,10,2,10,,,,,,,,,,,,,,,,,,,,,,,7,8,mixed,mixed,,,9,8,,,2,4,7,,,0.005115718,FAIL
2064,999.0344849,02:29.0,03:53.8,0 days 00:01:24.778049,3,128,,,1,4,5,,,,,,,,,,,,,,,,,,,,,,,,,,,,,,,,,,,,,,,,6,3,mixed,normal,,,1,,,,2,10,9,,,0.001197136,COMPLETE
2065,,03:53.8,05:29.2,0 days 00:01:35.485451,3,128,,,1,3,9,3,,,,,,,,,5,5,,,,,,,,,,,,,,,,,,,,,,,,,,,,,3,7,mixed,mixed,normal,,2,2,,,3,9,5,6,,0.003385797,FAIL
2066,661.5271606,05:29.2,06:57.3,0 days 00:01:28.084757,2,16,96,16,3,3,,,,,,,,,,,,,,,,,,,,,,,,,,,,,,,,,,,,,,,,,4,8,normal,,,,,,,,1,9,,,,0.001163605,COMPLETE
2067,,06:57.3,08:32.4,0 days 00:01:35.108580,4,16,8,128,3,5,10,9,4,,,,,,,,,,,,,,,,,,,,,,,,,,,,,,,,,,,,,,5,7,mixed,normal,,,3,,,,2,2,2,,,0.005069918,FAIL
2068,,08:32.4,10:08.2,0 days 00:01:35.745665,1,8,96,32,3,3,,,,,,,,,,,8,10,7,4,6,,,,,,9,,,,,,,,,,,,,,,,,,,,5,4,normal,mixed,mixed,,,5,1,,3,3,1,2,,0.005272475,FAIL
2069,3588.627686,10:08.2,11:34.4,0 days 00:01:26.199809,1,128,96,64,3,3,,,,,,,,,,,,,,,,,,,,,,,,,,,,,,,,,,,,,,,,,7,6,normal,,,,,,,,1,3,,,,0.002303509,COMPLETE
2070,330.73526,11:34.4,13:14.2,0 days 00:01:39.775578,4,32,16,,2,4,,,,,,,,,,,,,,,,,,,,,4,2,7,4,3,10,9,5,8,10,,,,,,,,,,,3,4,normal,normal,mixed,,,,10,,3,5,3,2,,0.00230431,COMPLETE
2071,,13:14.2,14:55.7,0 days 00:01:41.524066,1,64,,,1,2,4,7,4,3,10,,,,,,,,,,,,,,,,9,6,5,9,5,10,10,,,,,,,,,,,,,,7,3,mixed,normal,mixed,normal,5,,7,,4,4,10,5,9,0.001616976,FAIL
2072,583.5490723,14:55.7,16:25.5,0 days 00:01:29.835276,2,128,32,96,3,2,4,6,3,,,,,,,,,,,,,,,,,,,,,,,,,,,,,,,,,,,,,,7,5,mixed,,,,3,,,,1,5,,,,0.004537071,COMPLETE
2073,,16:25.5,18:08.1,0 days 00:01:42.573490,4,8,,,1,3,7,,,,,,,,,,7,3,6,5,8,2,7,,,,,,,,,,,,,,,,,,,,,,,,5,8,mixed,mixed,normal,normal,1,7,,,4,5,2,6,9,0.001129806,FAIL
2074,,18:08.1,19:51.3,0 days 00:01:43.151057,2,8,16,,2,4,5,9,10,2,6,7,9,3,3,10,6,9,4,2,,,,,,,2,,,,,,,,,,,,,,,,,,,,4,8,mixed,mixed,mixed,normal,10,4,1,,4,8,7,5,6,0.008568554,FAIL
2075,1490.4729,19:51.3,21:28.2,0 days 00:01:36.968539,2,16,16,128,3,4,5,3,2,3,9,8,10,8,6,,,,,,,,,,,,,,,,,,,,,,,,,,,,,,,,6,3,mixed,normal,normal,normal,9,,,,4,2,2,9,4,0.005353337,COMPLETE
2076,574.8596191,21:28.2,23:03.5,0 days 00:01:35.256991,2,8,,,1,4,,,,,,,,,,,,,,,,,,,,,6,,,,,,,,,,,,,,,,,,,,6,8,normal,normal,mixed,,,,1,,3,5,1,8,,0.005260948,COMPLETE
2077,8.15E+19,23:03.5,24:31.9,0 days 00:01:28.441723,3,96,,,1,4,9,6,3,4,,,,,,,2,,,,,,,,,,,,,,,,,,,,,,,,,,,,,,8,3,mixed,mixed,normal,,4,1,,,3,2,7,6,,0.006209293,COMPLETE
2078,3344.401367,24:31.9,25:59.4,0 days 00:01:27.489915,3,32,128,,2,3,,,,,,,,,,,,,,,,,,,,,,,,,,,,,,,,,,,,,,,,,8,5,normal,normal,,,,,,,2,10,3,,,0.001963549,COMPLETE
2079,,25:59.4,27:38.0,0 days 00:01:38.554713,4,96,,,1,5,10,9,6,5,9,2,5,6,7,,2,2,2,7,5,2,2,,,,,,,,,,,,,,,,,,,,,,,,6,5,mixed,mixed,,,9,7,,,2,1,1,,,0.004314409,FAIL
2080,,27:38.0,29:19.6,0 days 00:01:41.605190,3,32,,,1,4,8,7,8,6,3,5,4,2,6,,5,,,,,,,,,,,,,,,,,,,,2,9,8,,,,,,,,8,7,mixed,mixed,normal,mixed,9,1,,3,4,8,1,9,5,0.003403648,FAIL
2081,,29:19.6,31:02.5,0 days 00:01:42.939006,1,16,32,,2,2,4,5,9,5,3,6,4,4,6,,8,2,7,7,5,4,4,,,,4,4,7,8,4,3,,,,,,,,,,,,,,,4,8,mixed,mixed,mixed,normal,9,7,6,,4,6,10,7,1,0.001806982,FAIL
2082,631.0346069,31:02.5,32:40.1,0 days 00:01:37.532166,4,8,,,1,3,,,,,,,,,,,,,,,,,,,,,,,,,,,,,,,,,,,,,,,,,7,8,normal,normal,normal,normal,,,,,4,2,6,7,2,0.001771699,COMPLETE
2083,475.5913086,32:40.1,34:09.5,0 days 00:01:29.456875,4,32,128,,2,2,,,,,,,,,,,,,,,,,,,,,,,,,,,,,,,,,,,,,,,,,6,5,normal,normal,,,,,,,2,8,2,,,0.001948141,COMPLETE
2084,398.2851257,34:09.5,35:46.7,0 days 00:01:37.122457,1,128,128,8,3,4,,,,,,,,,,,,,,,,,,,,,,,,,,,,,,,2,4,6,9,5,,,,,,8,4,normal,normal,normal,mixed,,,,5,4,6,9,8,4,0.00195878,COMPLETE
2085,,35:46.7,37:35.9,0 days 00:01:49.262356,4,64,96,,2,4,8,3,3,7,5,9,,,,,8,8,5,2,10,7,,,,,7,10,6,8,5,,,,,,4,4,,,,,,,,,6,6,mixed,mixed,mixed,mixed,6,6,5,2,4,6,2,10,4,0.007586036,FAIL
2086,,37:35.9,39:21.0,0 days 00:01:45.068278,3,64,128,,2,3,4,7,6,9,10,6,8,10,,,5,8,3,7,9,6,3,9,9,,5,3,9,7,4,6,9,,,,,,,,,,,,,,4,8,mixed,mixed,mixed,,8,9,7,,3,1,6,6,,0.001733906,FAIL
2087,,39:21.0,41:00.5,0 days 00:01:39.518740,1,16,,,1,2,3,9,3,5,5,8,,,,,,,,,,,,,,,8,2,8,8,7,7,,,,,9,,,,,,,,,,7,3,mixed,normal,mixed,mixed,6,,6,1,4,6,7,2,7,0.001462355,FAIL
2088,575.4284058,41:00.5,42:27.1,0 days 00:01:26.559636,4,64,,,1,3,,,,,,,,,,,,,,,,,,,,,,,,,,,,,,,,,,,,,,,,,8,6,normal,,,,,,,,1,8,,,,0.004980902,COMPLETE
2089,,42:27.1,44:13.3,0 days 00:01:46.184441,4,96,96,,2,5,,,,,,,,,,,8,10,5,8,7,8,5,,,,6,10,4,4,8,,,,,,,,,,,,,,,,6,8,normal,mixed,mixed,,,7,5,,3,6,8,7,,0.001452526,FAIL
2090,332.1051941,44:13.3,45:56.3,0 days 00:01:43.040150,4,96,96,,2,5,,,,,,,,,,,7,,,,,,,,,,5,7,9,10,2,3,9,,,,,,,,,,,,,,7,6,normal,mixed,mixed,,,1,7,,3,2,4,8,,0.003875944,COMPLETE
2091,600.7427979,45:56.3,47:31.1,0 days 00:01:34.796604,1,32,16,,2,4,6,10,5,3,8,9,5,4,,,,,,,,,,,,,,,,,,,,,,,,,,,,,,,,,3,3,mixed,normal,,,8,,,,2,2,10,,,0.008475345,COMPLETE
2092,,47:31.1,49:19.2,0 days 00:01:48.045135,4,8,128,,2,3,5,8,,,,,,,,,3,3,7,4,2,4,2,3,,,5,2,7,5,10,4,3,9,4,,,,,,,,,,,,6,7,mixed,mixed,mixed,normal,2,8,9,,4,6,6,1,3,0.009310772,FAIL
2093,3398.216064,49:19.2,50:48.2,0 days 00:01:29.018721,3,8,32,,2,4,,,,,,,,,,,,,,,,,,,,,,,,,,,,,,,,,,,,,,,,,8,8,normal,,,,,,,,1,2,,,,0.005640198,COMPLETE
2094,,50:48.2,52:29.0,0 days 00:01:40.858341,1,64,8,8,3,2,5,4,8,3,3,6,9,4,4,,4,,,,,,,,,,,,,,,,,,,,,,,,,,,,,,7,5,mixed,mixed,normal,,9,1,,,3,7,7,2,,0.001973179,FAIL
2095,531.9475708,52:29.1,54:09.7,0 days 00:01:40.632644,1,128,,,1,4,,,,,,,,,,,8,5,2,10,3,5,7,2,2,3,6,3,8,,,,,,,,10,8,3,8,,,,,,,6,4,normal,mixed,mixed,mixed,,10,3,4,4,1,7,5,7,0.009601314,COMPLETE
2096,,54:09.7,55:50.3,0 days 00:01:40.663419,2,64,,,1,5,,,,,,,,,,,6,5,7,4,4,7,2,9,,,10,2,6,10,10,,,,,,,,,,,,,,,,3,4,normal,mixed,mixed,normal,,8,5,,4,10,8,7,3,0.007151535,FAIL
2097,265.8424988,55:50.4,57:33.7,0 days 00:01:43.330796,3,128,96,96,3,5,,,,,,,,,,,,,,,,,,,,,6,6,6,3,8,2,5,7,,,3,,,,,,,,,,4,6,normal,normal,mixed,mixed,,,8,1,4,5,5,5,4,0.001096328,COMPLETE
2098,701.3999634,57:33.7,59:03.3,0 days 00:01:29.578649,2,64,32,128,3,4,,,,,,,,,,,,,,,,,,,,,,,,,,,,,,,,,,,,,,,,,8,3,normal,normal,normal,,,,,,3,6,3,2,,0.007892213,COMPLETE
2099,1191.616699,59:03.3,00:37.4,0 days 00:01:34.099579,3,64,,,1,5,,,,,,,,,,,5,6,6,3,5,4,3,,,,,,,,,,,,,,,,,,,,,,,,6,6,normal,mixed,,,,7,,,2,1,8,,,0.009831654,COMPLETE
2100,,00:37.4,02:09.9,0 days 00:01:32.495386,1,32,,,1,2,10,7,,,,,,,,,,,,,,,,,,,,,,,,,,,,,,,,,,,,,,,4,5,mixed,normal,normal,,2,,,,3,8,1,6,,0.00729761,FAIL
2101,2183.873291,02:09.9,03:36.5,0 days 00:01:26.581417,4,128,64,,2,3,,,,,,,,,,,,,,,,,,,,,,,,,,,,,,,,,,,,,,,,,8,3,normal,normal,,,,,,,2,3,1,,,0.006400023,COMPLETE
2102,335.870636,03:36.5,05:07.9,0 days 00:01:31.461574,4,8,8,,2,3,7,3,3,,,,,,,,,,,,,,,,,,,,,,,,,,,,,,,,,,,,,,3,3,mixed,normal,normal,normal,3,,,,4,2,1,4,8,0.004735946,COMPLETE
2103,,05:07.9,06:47.2,0 days 00:01:39.312232,2,64,8,8,3,3,3,7,7,5,,,,,,,7,9,4,7,4,9,6,,,,,,,,,,,,,,,,,,,,,,,,8,8,mixed,mixed,,,4,7,,,2,10,9,,,0.003212316,FAIL
2104,555.1137695,06:47.2,08:15.9,0 days 00:01:28.701668,2,64,,,1,3,7,6,3,5,5,2,,,,,,,,,,,,,,,,,,,,,,,,,,,,,,,,,,,4,5,mixed,,,,6,,,,1,3,,,,0.002198124,COMPLETE
2105,,08:15.9,10:00.1,0 days 00:01:44.143660,3,96,96,96,3,4,3,2,6,3,3,6,8,,,,4,9,3,6,5,4,5,3,4,,,,,,,,,,,,3,8,7,3,5,2,6,,,,3,7,mixed,mixed,normal,mixed,7,9,,7,4,3,3,6,6,0.001407011,FAIL
2106,2383.267578,10:00.1,11:31.2,0 days 00:01:31.147916,4,64,16,16,3,4,,,,,,,,,,,,,,,,,,,,,,,,,,,,,,,,,,,,,,,,,6,6,normal,normal,,,,,,,2,8,1,,,0.004826545,COMPLETE
2107,,11:31.2,13:12.4,0 days 00:01:41.211929,3,16,32,,2,3,,,,,,,,,,,8,6,8,8,9,2,5,9,9,,,,,,,,,,,,,,,,,,,,,,8,7,normal,mixed,,,,9,,,2,10,7,,,0.001960282,FAIL
2108,714.4698486,13:12.5,14:37.7,0 days 00:01:25.254115,3,8,8,16,3,5,,,,,,,,,,,,,,,,,,,,,,,,,,,,,,,,,,,,,,,,,6,3,normal,,,,,,,,1,7,,,,0.001195045,COMPLETE
2109,999.8158569,14:37.7,16:20.9,0 days 00:01:43.176260,4,96,32,,2,5,,,,,,,,,,,,,,,,,,,,,10,7,3,8,7,5,9,5,,,6,10,6,2,7,9,9,10,8,10,8,7,normal,normal,mixed,mixed,,,8,10,4,4,3,2,3,0.00498062,COMPLETE
2110,,16:20.9,17:58.3,0 days 00:01:37.389020,2,8,64,16,3,4,2,9,6,8,7,10,,,,,,,,,,,,,,,,,,,,,,,,,,,,,,,,,,,4,6,mixed,normal,,,6,,,,2,9,10,,,0.00117224,FAIL
2111,,17:58.3,19:34.0,0 days 00:01:35.686700,2,128,96,64,3,4,9,6,4,6,8,3,,,,,,,,,,,,,,,,,,,,,,,,,,,,,,,,,,,4,8,mixed,,,,6,,,,1,4,,,,0.003691446,FAIL
2112,634.0189819,19:34.0,21:06.5,0 days 00:01:32.521332,3,128,128,64,3,2,,,,,,,,,,,,,,,,,,,,,,,,,,,,,,,,,,,,,,,,,7,6,normal,normal,,,,,,,2,3,2,,,0.003562864,COMPLETE
2113,,21:06.5,22:46.6,0 days 00:01:40.127178,1,16,,,1,4,,,,,,,,,,,,,,,,,,,,,10,3,3,4,4,2,,,,,,,,,,,,,,,3,8,normal,normal,mixed,,,,6,,3,9,7,9,,0.008601335,FAIL
2114,,22:46.6,24:15.5,0 days 00:01:28.841726,1,32,,,1,5,8,10,10,3,,,,,,,,,,,,,,,,,,,,,,,,,,,,,,,,,,,,,7,5,mixed,,,,4,,,,1,4,,,,0.006857904,FAIL
2115,402.5544128,24:15.5,25:57.4,0 days 00:01:41.962306,3,16,16,,2,4,,,,,,,,,,,,,,,,,,,,,6,10,3,2,3,8,6,,,,,,,,,,,,,,6,7,normal,normal,mixed,,,,7,,3,6,2,10,,0.001385852,COMPLETE
2116,1458.494141,25:57.4,27:29.5,0 days 00:01:32.040373,2,8,,,1,3,,,,,,,,,,,,,,,,,,,,,,,,,,,,,,,,,,,,,,,,,7,8,normal,normal,,,,,,,2,1,9,,,0.002173978,COMPLETE
2117,,27:29.5,29:13.6,0 days 00:01:44.078493,2,96,32,32,3,5,,,,,,,,,,,4,10,8,2,6,8,2,,,,10,10,6,4,4,3,3,9,3,,,,,,,,,,,,4,6,normal,mixed,mixed,,,7,9,,3,8,10,6,,0.002036392,FAIL
2118,,29:13.6,30:54.6,0 days 00:01:40.998466,3,96,,,1,4,5,2,3,5,9,8,4,3,2,,9,5,3,7,5,,,,,,6,,,,,,,,,,,,,,,,,,,,7,7,mixed,mixed,mixed,,9,5,1,,3,10,3,1,,0.003312953,FAIL
2119,,30:54.6,32:32.9,0 days 00:01:38.299766,1,16,16,,2,4,3,,,,,,,,,,10,7,10,4,3,2,6,2,6,7,3,,,,,,,,,,,,,,,,,,,,7,3,mixed,mixed,mixed,,1,10,1,,3,8,1,4,,0.006057955,FAIL
2120,627.6963501,32:32.9,33:58.2,0 days 00:01:25.366607,1,8,,,1,5,10,,,,,,,,,,,,,,,,,,,,,,,,,,,,,,,,,,,,,,,,6,4,mixed,,,,1,,,,1,4,,,,0.003331889,COMPLETE
2121,380.2258606,33:58.2,35:29.9,0 days 00:01:31.647211,3,64,8,,2,3,,,,,,,,,,,,,,,,,,,,,,,,,,,,,,,,,,,,,,,,,6,7,normal,normal,,,,,,,2,3,8,,,0.003700942,COMPLETE
2122,783.5618286,35:29.9,36:54.0,0 days 00:01:24.083638,1,32,8,,2,4,,,,,,,,,,,,,,,,,,,,,,,,,,,,,,,,,,,,,,,,,8,3,normal,,,,,,,,1,10,,,,0.001240879,COMPLETE
2123,,36:54.0,38:31.6,0 days 00:01:37.664074,2,16,,,1,2,,,,,,,,,,,8,6,10,7,2,,,,,,,,,,,,,,,,,,,,,,,,,,6,8,normal,mixed,,,,5,,,2,10,10,,,0.008322333,FAIL
2124,1.39E+18,38:31.6,40:04.7,0 days 00:01:33.109469,2,128,,,1,4,6,10,8,8,9,4,8,,,,,,,,,,,,,,,,,,,,,,,,,,,,,,,,,,8,4,mixed,,,,7,,,,1,5,,,,0.001399689,COMPLETE
2125,645.5402832,40:04.7,41:33.4,0 days 00:01:28.605929,2,128,64,,2,2,,,,,,,,,,,,,,,,,,,,,,,,,,,,,,,,,,,,,,,,,4,7,normal,,,,,,,,1,2,,,,0.003197872,COMPLETE
2126,2902.226807,41:33.4,43:12.7,0 days 00:01:39.383617,3,128,8,,2,3,,,,,,,,,,,5,4,,,,,,,,,,,,,,,,,,,,,,,,,,,,,3,8,normal,mixed,normal,,,2,,,3,6,5,1,,0.003639133,COMPLETE
2127,,43:12.7,44:56.2,0 days 00:01:43.452095,3,16,96,,2,4,2,4,5,10,9,3,6,,,,2,5,10,4,10,9,9,8,3,5,,,,,,,,,,,9,9,2,5,8,,,,,,3,6,mixed,mixed,normal,mixed,7,10,,5,4,7,4,9,10,0.008252601,FAIL
2128,,44:56.2,46:37.0,0 days 00:01:40.781160,3,96,16,,2,4,5,,,,,,,,,,2,4,7,2,10,,,,,,,,,,,,,,,,6,8,7,3,5,2,,,,,3,5,mixed,mixed,normal,mixed,1,5,,6,4,4,4,7,7,0.003249647,FAIL
2129,,46:37.0,48:17.6,0 days 00:01:40.626567,1,16,,,1,3,10,7,7,,,,,,,,9,,,,,,,,,,7,6,7,7,5,10,9,4,6,,,,,,,,,,,,7,4,mixed,mixed,mixed,,3,1,9,,3,2,3,7,,0.002439894,FAIL
2130,3380.270752,48:17.6,49:47.0,0 days 00:01:29.436657,2,32,,,1,3,,,,,,,,,,,,,,,,,,,,,,,,,,,,,,,,,,,,,,,,,8,6,normal,normal,,,,,,,2,7,2,,,0.004351387,COMPLETE
2131,,49:47.0,51:34.2,0 days 00:01:47.143071,4,16,16,,2,3,3,,,,,,,,,,6,7,10,5,4,2,3,,,,7,9,2,3,4,10,,,,,8,3,6,5,7,2,9,7,7,2,4,4,mixed,mixed,mixed,mixed,1,7,6,10,4,10,8,10,3,0.006916468,FAIL
2132,,51:34.2,53:11.3,0 days 00:01:37.128703,1,64,8,96,3,4,3,6,8,6,10,6,10,,,,,,,,,,,,,,,,,,,,,,,,,,,,,,,,,,5,7,mixed,,,,7,,,,1,2,,,,0.002046917,FAIL
2133,1145.21521,53:11.3,54:35.9,0 days 00:01:24.604856,1,96,,,1,4,,,,,,,,,,,,,,,,,,,,,,,,,,,,,,,,,,,,,,,,,8,5,normal,,,,,,,,1,4,,,,0.001517894,COMPLETE
2134,473.449707,54:35.9,56:01.2,0 days 00:01:25.242156,1,32,16,32,3,2,,,,,,,,,,,,,,,,,,,,,,,,,,,,,,,,,,,,,,,,,7,3,normal,,,,,,,,1,7,,,,0.003178294,COMPLETE
2135,,56:01.2,57:34.0,0 days 00:01:32.783720,4,16,128,,2,3,7,10,,,,,,,,,,,,,,,,,,,,,,,,,,,,,,,,,,,,,,,5,8,mixed,,,,2,,,,1,5,,,,0.002693658,FAIL
2136,,57:34.0,59:15.0,0 days 00:01:41.074980,3,16,,,1,5,,,,,,,,,,,,,,,,,,,,,2,6,2,,,,,,,,7,9,4,7,,,,,,,3,7,normal,normal,mixed,mixed,,,3,4,4,10,7,2,4,0.008481762,FAIL
2137,,59:15.0,00:50.2,0 days 00:01:35.139633,3,8,32,64,3,3,4,6,5,6,4,2,2,8,3,,,,,,,,,,,,,,,,,,,,,,,,,,,,,,,,5,6,mixed,,,,9,,,,1,3,,,,0.002593285,FAIL
2138,,00:50.2,02:23.1,0 days 00:01:32.926562,3,96,,,1,2,4,7,8,,,,,,,,4,4,7,7,,,,,,,,,,,,,,,,,,,,,,,,,,,5,3,mixed,mixed,normal,,3,4,,,3,9,1,2,,0.004052799,FAIL
2139,,02:23.1,04:02.8,0 days 00:01:39.663910,2,96,,,1,2,4,10,10,8,6,6,7,4,10,8,,,,,,,,,,,,,,,,,,,,,,,,,,,,,,,6,8,mixed,,,,10,,,,1,10,,,,0.002565195,FAIL
2140,,04:02.8,05:40.0,0 days 00:01:37.233221,2,8,8,,2,4,10,5,4,3,10,6,2,10,,,,,,,,,,,,,,,,,,,,,,,,,,,,,,,,,6,8,mixed,,,,8,,,,1,1,,,,0.001421911,FAIL
2141,,05:40.0,07:28.9,0 days 00:01:48.871282,4,128,128,32,3,4,6,9,2,5,8,6,8,4,2,3,,,,,,,,,,,8,9,4,6,5,6,10,6,,,,,,,,,,,,,3,6,mixed,normal,mixed,,10,,8,,3,4,6,9,,0.001481437,FAIL
2142,330.8842773,07:28.9,09:10.4,0 days 00:01:41.529740,2,96,96,16,3,2,,,,,,,,,,,,,,,,,,,,,,,,,,,,,,,2,7,8,8,5,,,,,,8,5,normal,normal,normal,mixed,,,,5,4,10,4,6,8,0.003401077,COMPLETE
2143,582.9424438,09:10.4,10:41.4,0 days 00:01:30.989542,3,16,8,128,3,5,,,,,,,,,,,,,,,,,,,,,,,,,,,,,,,,,,,,,,,,,3,8,normal,,,,,,,,1,3,,,,0.005519072,COMPLETE
2144,899.7832642,10:41.4,12:11.5,0 days 00:01:30.062825,1,96,8,32,3,5,,,,,,,,,,,,,,,,,,,,,,,,,,,,,,,,,,,,,,,,,3,8,normal,,,,,,,,1,4,,,,0.004071188,COMPLETE
2145,325.5696716,12:11.5,13:54.7,0 days 00:01:43.241065,2,96,16,,2,5,,,,,,,,,,,,,,,,,,,,,,,,,,,,,,,3,7,9,7,9,,,,,,4,6,normal,normal,normal,mixed,,,,5,4,10,9,9,3,0.001452038,COMPLETE
2146,1375.087891,13:54.7,15:38.5,0 days 00:01:43.803610,2,32,64,96,3,5,9,3,7,8,7,8,5,9,10,,,,,,,,,,,,,,,,,,,,,,,,,,,,,,,,8,4,mixed,normal,normal,normal,9,,,,4,4,5,7,6,0.004226236,COMPLETE
2147,341.6505127,15:38.5,17:14.6,0 days 00:01:36.023403,4,16,16,32,3,5,,,,,,,,,,,7,8,6,10,2,,,,,,,,,,,,,,,,,,,,,,,,,,8,5,normal,mixed,,,,5,,,2,10,7,,,0.004443754,COMPLETE
2148,6.15E+17,17:14.6,18:45.4,0 days 00:01:30.823245,2,8,96,,2,5,8,10,2,2,3,2,,,,,,,,,,,,,,,,,,,,,,,,,,,,,,,,,,,5,3,mixed,normal,,,6,,,,2,5,2,,,0.002486679,COMPLETE
2149,,18:45.4,20:33.3,0 days 00:01:47.958828,2,128,128,,2,3,4,7,4,8,10,6,8,4,4,6,,,,,,,,,,,3,6,7,5,,,,,,,,,,,,,,,,,4,8,mixed,normal,mixed,normal,10,,4,,4,1,9,3,4,0.001282341,FAIL
2150,,20:33.4,22:15.5,0 days 00:01:42.197838,3,96,,,1,4,,,,,,,,,,,,,,,,,,,,,4,3,9,10,3,5,4,7,6,,7,2,,,,,,,,,6,8,normal,normal,mixed,mixed,,,9,2,4,7,7,1,3,0.00197542,FAIL
2151,,22:15.6,23:44.5,0 days 00:01:28.949802,3,8,8,128,3,2,2,8,,,,,,,,,6,,,,,,,,,,,,,,,,,,,,,,,,,,,,,,7,3,mixed,mixed,,,2,1,,,2,1,9,,,0.004854803,FAIL
2152,337.1631775,23:44.5,25:09.7,0 days 00:01:25.197922,2,128,64,,2,5,8,3,5,,,,,,,,,,,,,,,,,,,,,,,,,,,,,,,,,,,,,,4,4,mixed,,,,3,,,,1,9,,,,0.002791422,COMPLETE
2153,,25:09.7,26:53.7,0 days 00:01:44.028174,3,32,16,,2,3,3,6,2,8,9,6,3,7,,,5,10,7,5,7,2,6,8,4,2,7,7,6,8,6,4,5,,,,,,,,,,,,,,3,8,mixed,mixed,mixed,normal,8,10,7,,4,5,3,7,10,0.007200701,FAIL
2154,,26:53.7,28:21.8,0 days 00:01:28.095569,2,128,128,,2,3,7,3,9,,,,,,,,,,,,,,,,,,,,,,,,,,,,,,,,,,,,,,5,5,mixed,,,,3,,,,1,8,,,,0.008164166,FAIL
2155,,28:21.8,30:04.7,0 days 00:01:42.897866,3,16,,,1,3,6,3,3,7,2,10,5,9,,,,,,,,,,,,,3,10,2,3,8,10,10,2,,,,,,,,,,,,,3,4,mixed,normal,mixed,,8,,8,,3,8,8,2,,0.008639524,FAIL
2156,,30:04.7,31:39.7,0 days 00:01:35.003916,4,32,,,1,2,5,5,7,2,10,3,7,2,7,,,,,,,,,,,,,,,,,,,,,,,,,,,,,,,,4,5,mixed,normal,,,9,,,,2,2,3,,,0.001472776,FAIL
2157,,31:39.8,33:27.6,0 days 00:01:47.895846,3,128,64,,2,5,6,6,8,10,10,3,6,9,,,,,,,,,,,,,,,,,,,,,,,7,9,5,3,7,8,,,,,6,7,mixed,normal,normal,mixed,8,,,6,4,8,4,5,2,0.003394724,FAIL
2158,,33:27.7,35:03.3,0 days 00:01:35.607848,2,8,128,,2,3,,,,,,,,,,,3,,,,,,,,,,,,,,,,,,,,10,8,6,2,,,,,,,6,4,normal,mixed,normal,mixed,,1,,4,4,3,1,2,9,0.004529142,FAIL
2159,,35:03.3,36:46.8,0 days 00:01:43.573160,1,96,128,32,3,2,9,4,4,2,10,3,3,2,,,3,9,4,7,10,10,7,,,,,,,,,,,,,,4,5,3,4,,,,,,,8,5,mixed,mixed,normal,mixed,8,7,,4,4,9,1,9,8,0.002838019,FAIL
2160,,36:46.8,38:31.9,0 days 00:01:45.085670,2,32,128,64,3,4,,,,,,,,,,,10,8,10,2,5,2,8,6,,,3,3,9,8,9,,,,,,,,,,,,,,,,4,7,normal,mixed,mixed,normal,,8,5,,4,4,4,2,2,0.002301029,FAIL
2161,,38:31.9,40:20.2,0 days 00:01:48.268820,3,16,64,32,3,4,10,8,9,7,4,6,10,9,3,,5,6,10,6,10,4,6,,,,5,5,,,,,,,,,4,8,6,10,8,4,3,8,3,,5,3,mixed,mixed,mixed,mixed,9,7,2,9,4,8,2,7,7,0.009427937,FAIL
2162,704.5534058,40:20.2,41:43.8,0 days 00:01:23.641962,3,128,,,1,3,,,,,,,,,,,,,,,,,,,,,,,,,,,,,,,,,,,,,,,,,5,4,normal,,,,,,,,1,4,,,,0.001925878,COMPLETE
2163,491.9631958,41:43.8,43:12.9,0 days 00:01:29.035151,3,96,8,,2,2,,,,,,,,,,,,,,,,,,,,,,,,,,,,,,,,,,,,,,,,,5,6,normal,normal,,,,,,,2,8,3,,,0.003395279,COMPLETE
2164,,43:12.9,44:49.0,0 days 00:01:36.130479,4,96,,,1,4,,,,,,,,,,,10,5,3,6,7,3,5,10,4,,,,,,,,,,,,,,,,,,,,,,6,7,normal,mixed,,,,9,,,2,2,3,,,0.005710058,FAIL
2165,742.161377,44:49.0,46:32.5,0 days 00:01:43.456465,1,8,128,64,3,4,,,,,,,,,,,9,4,7,2,3,2,10,8,9,9,,,,,,,,,,,,,,,,,,,,,7,8,normal,mixed,,,,10,,,2,1,6,,,0.002332095,COMPLETE
2166,,46:32.5,48:20.7,0 days 00:01:48.264370,4,16,64,,2,4,2,4,,,,,,,,,7,5,2,6,4,4,8,3,9,2,5,2,5,5,3,8,6,9,,,,,,,,,,,,,7,7,mixed,mixed,mixed,normal,2,10,8,,4,4,9,6,7,0.003497582,FAIL
2167,,48:20.7,50:02.3,0 days 00:01:41.582927,4,32,64,128,3,2,,,,,,,,,,,10,9,9,10,,,,,,,,,,,,,,,,,,,,,,,,,,,6,8,normal,mixed,,,,4,,,2,9,3,,,0.002889041,FAIL
2168,,50:02.3,51:39.7,0 days 00:01:37.335145,4,32,16,,2,2,5,8,6,9,3,8,6,8,3,3,,,,,,,,,,,,,,,,,,,,,,,,,,,,,,,5,7,mixed,,,,10,,,,1,3,,,,0.002279331,FAIL
2169,1315.066772,51:39.7,53:23.2,0 days 00:01:43.555256,2,16,8,16,3,4,,,,,,,,,,,3,4,3,,,,,,,,,,,,,,,,,,2,9,,,,,,,,,5,7,normal,mixed,normal,mixed,,3,,2,4,1,5,4,3,0.001660487,COMPLETE
2170,,53:23.2,55:05.2,0 days 00:01:41.996815,1,64,8,32,3,2,4,2,10,5,2,,,,,,,,,,,,,,,,,,,,,,,,,,,,,,,,,,,,6,8,mixed,normal,normal,,5,,,,3,4,9,2,,0.001323821,FAIL
2171,,55:05.2,56:39.1,0 days 00:01:33.868307,1,64,,,1,4,2,5,8,2,7,5,6,3,6,9,,,,,,,,,,,,,,,,,,,,,,,,,,,,,,,5,5,mixed,,,,10,,,,1,3,,,,0.00118589,FAIL
2172,,56:39.1,58:15.5,0 days 00:01:36.429456,2,8,16,,2,2,3,4,9,5,6,2,,,,,,,,,,,,,,,,,,,,,,,,,,,,,,,,,,,7,5,mixed,normal,normal,,6,,,,3,8,7,7,,0.009155469,FAIL
2173,,58:15.5,59:59.2,0 days 00:01:43.659846,1,128,32,96,3,4,7,9,10,8,5,10,4,6,10,,,,,,,,,,,,4,4,3,4,6,7,7,9,7,5,,,,,,,,,,,4,7,mixed,normal,mixed,normal,9,,10,,4,6,2,1,1,0.002103214,FAIL
2174,,59:59.2,01:40.1,0 days 00:01:40.923784,1,96,,,1,3,,,,,,,,,,,7,3,8,2,4,3,10,,,,5,10,8,4,6,8,8,,,,,,,,,,,,,,4,7,normal,mixed,mixed,,,7,7,,3,3,3,4,,0.002358093,FAIL
2175,209.7099609,01:40.1,03:20.7,0 days 00:01:40.579325,4,128,96,,2,5,,,,,,,,,,,,,,,,,,,,,6,5,5,10,5,,,,,,,,,,,,,,,,3,6,normal,normal,mixed,,,,5,,3,8,3,6,,0.004185659,COMPLETE
2176,2861.14502,03:20.7,04:56.0,0 days 00:01:35.313029,4,64,96,32,3,5,,,,,,,,,,,,,,,,,,,,,,,,,,,,,,,,,,,,,,,,,4,8,normal,normal,,,,,,,2,4,1,,,0.004323201,COMPLETE
2177,,04:56.0,06:42.1,0 days 00:01:46.118527,1,64,,,1,3,3,8,6,5,4,10,4,5,3,6,9,2,9,6,7,,,,,,,,,,,,,,,,7,4,10,5,6,9,5,,,,6,4,mixed,mixed,normal,mixed,10,5,,7,4,8,9,3,9,0.001744225,FAIL
2178,,06:42.1,08:22.5,0 days 00:01:40.311395,2,64,32,,2,2,9,3,8,5,3,9,,,,,4,2,,,,,,,,,7,9,5,7,4,,,,,,,,,,,,,,,,6,3,mixed,mixed,mixed,,6,2,5,,3,3,9,10,,0.007520807,FAIL
2179,573.6697388,08:22.5,10:03.4,0 days 00:01:40.927237,3,96,128,64,3,4,,,,,,,,,,,4,2,9,9,10,4,5,,,,,,,,,,,,,,,,,,,,,,,,8,7,normal,mixed,,,,7,,,2,1,9,,,0.004268626,COMPLETE
2180,,10:03.4,11:46.1,0 days 00:01:42.664388,1,16,64,,2,5,4,3,9,5,10,,,,,,4,10,7,3,3,2,6,10,7,,6,4,9,4,8,2,,,,,,,,,,,,,,,7,7,mixed,mixed,mixed,normal,5,9,6,,4,3,10,10,9,0.001402896,FAIL
2181,754.4594727,11:46.1,13:27.0,0 days 00:01:40.939932,1,64,16,96,3,5,,,,,,,,,,,2,2,5,4,6,3,8,5,9,3,,,,,,,,,,,,,,,,,,,,,7,7,normal,mixed,,,,10,,,2,2,5,,,0.001327821,COMPLETE
2182,,13:27.0,15:09.5,0 days 00:01:42.473924,1,96,32,,2,3,,,,,,,,,,,3,7,,,,,,,,,2,5,4,10,,,,,,,4,7,10,10,10,6,5,10,3,4,5,4,normal,mixed,mixed,mixed,,2,4,10,4,9,6,9,8,0.001147686,FAIL
2183,552.2833252,15:09.5,16:37.9,0 days 00:01:28.371866,1,8,64,,2,3,,,,,,,,,,,,,,,,,,,,,,,,,,,,,,,,,,,,,,,,,8,7,normal,,,,,,,,1,9,,,,0.002328347,COMPLETE
2184,642.8469238,16:37.9,18:04.3,0 days 00:01:26.395596,1,128,128,,2,4,,,,,,,,,,,,,,,,,,,,,,,,,,,,,,,,,,,,,,,,,6,5,normal,,,,,,,,1,10,,,,0.001524834,COMPLETE
2185,492.7149048,18:04.3,19:44.4,0 days 00:01:40.189480,3,8,,,1,4,,,,,,,,,,,5,9,4,5,7,10,4,6,,,,,,,,,,,,,,,,,,,,,,,7,8,normal,mixed,,,,8,,,2,6,8,,,0.001150372,COMPLETE
2186,241.9514465,19:44.4,21:16.9,0 days 00:01:32.409374,1,64,,,1,5,,,,,,,,,,,2,5,10,5,,,,,,,,,,,,,,,,,,,,,,,,,,,6,4,normal,mixed,normal,,,4,,,3,10,8,5,,0.003131372,COMPLETE
2187,,21:16.9,22:57.9,0 days 00:01:41.051457,3,128,32,,2,2,8,7,5,6,9,4,2,8,6,,,,,,,,,,,,,,,,,,,,,,,,,,,,,,,,8,8,mixed,normal,normal,,9,,,,3,1,1,9,,0.006797976,FAIL
2188,463.3619995,22:57.9,24:26.5,0 days 00:01:28.560207,2,8,16,64,3,5,,,,,,,,,,,,,,,,,,,,,,,,,,,,,,,,,,,,,,,,,6,8,normal,,,,,,,,1,10,,,,0.007243943,COMPLETE
2189,636.4161987,24:26.5,25:53.8,0 days 00:01:27.358706,4,16,64,,2,4,9,8,7,,,,,,,,,,,,,,,,,,,,,,,,,,,,,,,,,,,,,,3,4,mixed,,,,3,,,,1,7,,,,0.007498035,COMPLETE
2190,,25:53.8,27:28.4,0 days 00:01:34.569708,3,16,32,,2,4,10,,,,,,,,,,2,2,6,5,2,7,7,3,,,,,,,,,,,,,,,,,,,,,,,3,3,mixed,mixed,normal,,1,8,,,3,7,4,1,,0.00858934,FAIL
2191,,27:28.4,28:59.7,0 days 00:01:31.323123,3,64,,,1,4,5,7,9,9,4,,,,,,,,,,,,,,,,,,,,,,,,,,,,,,,,,,,,7,6,mixed,,,,5,,,,1,10,,,,0.001292028,FAIL
2192,,28:59.7,30:39.7,0 days 00:01:39.931745,1,64,64,,2,4,8,4,9,10,10,2,5,2,5,6,3,9,5,9,9,,,,,,,,,,,,,,,,,,,,,,,,,,5,6,mixed,mixed,,,10,5,,,2,8,1,,,0.001366134,FAIL
2193,,30:39.7,32:22.5,0 days 00:01:42.810456,2,96,,,1,4,,,,,,,,,,,7,7,7,,,,,,,,,,,,,,,,,,5,8,8,4,2,9,9,5,9,3,8,4,normal,mixed,normal,mixed,,3,,10,4,8,1,3,1,0.001398545,FAIL
2194,293.0684509,32:22.5,33:50.4,0 days 00:01:27.910642,3,16,,,1,3,,,,,,,,,,,7,9,2,,,,,,,,,,,,,,,,,,,,,,,,,,,,3,3,normal,mixed,,,,3,,,2,8,4,,,0.003568413,COMPLETE
2195,,33:50.4,35:32.7,0 days 00:01:42.295415,2,8,,,1,3,7,8,2,3,,,,,,,4,4,10,8,7,6,4,6,5,,9,7,10,5,4,,,,,,,,,,,,,,,,4,8,mixed,mixed,mixed,normal,4,9,5,,4,3,5,6,8,0.003039543,FAIL
2196,595.6646729,35:32.7,36:58.8,0 days 00:01:26.110357,3,64,128,,2,4,,,,,,,,,,,,,,,,,,,,,,,,,,,,,,,,,,,,,,,,,8,5,normal,,,,,,,,1,9,,,,0.001571856,COMPLETE
2197,,36:58.8,38:43.6,0 days 00:01:44.837917,3,16,64,,2,5,10,9,6,,,,,,,,,,,,,,,,,,4,3,10,6,8,5,4,9,3,10,,,,,,,,,,,8,8,mixed,normal,mixed,,3,,10,,3,5,7,10,,0.001533853,FAIL
2198,717.7961426,38:43.6,40:09.7,0 days 00:01:26.021756,3,64,64,,2,3,,,,,,,,,,,,,,,,,,,,,,,,,,,,,,,,,,,,,,,,,5,4,normal,,,,,,,,1,5,,,,0.001110617,COMPLETE
2199,1273.85376,40:09.7,41:50.0,0 days 00:01:40.287296,3,8,16,128,3,4,,,,,,,,,,,,,,,,,,,,,7,8,10,2,,,,,,,,,,,,,,,,,8,6,normal,normal,mixed,,,,4,,3,1,2,8,,0.002361719,COMPLETE
2200,,41:50.0,43:33.6,0 days 00:01:43.642163,4,128,16,,2,4,6,2,9,5,2,3,5,3,9,,10,3,3,6,,,,,,,8,3,4,7,4,9,,,,,,,,,,,,,,,4,3,mixed,mixed,mixed,,9,4,6,,3,2,2,1,,0.00203934,FAIL
2201,416.5596313,43:33.6,45:04.2,0 days 00:01:30.620336,4,128,16,16,3,2,,,,,,,,,,,,,,,,,,,,,,,,,,,,,,,,,,,,,,,,,4,5,normal,normal,,,,,,,2,10,1,,,0.00289466,COMPLETE
2202,292.0457153,45:04.2,46:41.6,0 days 00:01:37.383617,1,16,64,32,3,5,,,,,,,,,,,,,,,,,,,,,,,,,,,,,,,,,,,,,,,,,8,7,normal,normal,normal,,,,,,3,10,7,7,,0.005397749,COMPLETE
2203,,46:41.6,48:19.4,0 days 00:01:37.781466,2,32,64,,2,5,,,,,,,,,,,6,6,2,2,9,10,3,10,,,,,,,,,,,,,,,,,,,,,,,7,6,normal,mixed,,,,8,,,2,8,9,,,0.001232032,FAIL
2204,,48:19.4,49:59.3,0 days 00:01:39.862937,3,64,,,1,4,8,2,9,4,3,8,10,5,10,,5,8,2,6,5,2,7,3,,,,,,,,,,,,,,,,,,,,,,,4,3,mixed,mixed,,,9,8,,,2,5,6,,,0.003744284,FAIL
2205,1.95E+20,49:59.3,51:32.1,0 days 00:01:32.870400,4,8,32,96,3,3,7,3,8,10,2,3,10,,,,,,,,,,,,,,,,,,,,,,,,,,,,,,,,,,5,3,mixed,,,,7,,,,1,4,,,,0.006133844,COMPLETE
2206,,51:32.1,53:17.1,0 days 00:01:44.989724,4,128,16,64,3,3,9,5,9,4,10,10,7,3,10,4,,,,,,,,,,,7,5,10,5,,,,,,,,,,,,,,,,,5,5,mixed,normal,mixed,normal,10,,4,,4,6,5,3,9,0.00215966,FAIL
2207,639.5697632,53:17.1,54:50.9,0 days 00:01:33.768108,4,64,,,1,4,,,,,,,,,,,3,9,4,3,8,3,7,2,8,10,,,,,,,,,,,,,,,,,,,,,5,3,normal,mixed,,,,10,,,2,4,3,,,0.003791145,COMPLETE
2208,210.8323822,54:50.9,56:32.7,0 days 00:01:41.765133,2,8,32,,2,3,,,,,,,,,,,10,7,8,8,4,4,,,,,,,,,,,,,,,,,,,,,,,,,7,7,normal,mixed,normal,,,6,,,3,8,7,10,,0.007335262,COMPLETE
2209,645.2750854,56:32.7,57:59.8,0 days 00:01:27.088761,2,32,64,128,3,2,,,,,,,,,,,,,,,,,,,,,,,,,,,,,,,,,,,,,,,,,3,3,normal,normal,,,,,,,2,1,7,,,0.001943736,COMPLETE
2210,430.0656433,57:59.8,59:25.5,0 days 00:01:25.743898,3,32,16,,2,5,,,,,,,,,,,,,,,,,,,,,,,,,,,,,,,,,,,,,,,,,8,5,normal,,,,,,,,1,6,,,,0.003084554,COMPLETE
2211,,59:25.5,01:05.7,0 days 00:01:40.164116,3,128,,,1,5,8,6,4,2,,,,,,,,,,,,,,,,,4,2,9,5,7,4,6,3,6,,,,,,,,,,,,6,7,mixed,normal,mixed,,4,,9,,3,4,9,6,,0.001006238,FAIL
2212,,01:05.7,02:47.7,0 days 00:01:42.014159,4,32,16,32,3,4,10,10,7,,,,,,,,2,5,7,10,6,10,2,10,6,,,,,,,,,,,,,,,,,,,,,,7,6,mixed,mixed,,,3,9,,,2,8,5,,,0.00386025,FAIL
2213,334.1338196,02:47.7,04:17.9,0 days 00:01:30.213666,4,32,,,1,2,,,,,,,,,,,,,,,,,,,,,,,,,,,,,,,,,,,,,,,,,7,6,normal,normal,normal,,,,,,3,6,6,10,,0.00630033,COMPLETE
2214,372.6828918,04:17.9,05:48.5,0 days 00:01:30.632834,4,32,128,,2,5,,,,,,,,,,,,,,,,,,,,,,,,,,,,,,,,,,,,,,,,,6,7,normal,normal,,,,,,,2,7,6,,,0.002375102,COMPLETE
2215,558.0189819,05:48.5,07:22.5,0 days 00:01:33.947408,2,16,,,1,3,,,,,,,,,,,,,,,,,,,,,,,,,,,,,,,,,,,,,,,,,3,8,normal,normal,normal,,,,,,3,2,3,10,,0.005183718,COMPLETE
2216,274.9526672,07:22.5,09:04.8,0 days 00:01:42.281054,3,96,96,8,3,2,,,,,,,,,,,,,,,,,,,,,2,2,4,8,,,,,,,6,10,2,7,8,10,9,6,2,4,6,3,normal,normal,mixed,mixed,,,4,10,4,4,9,6,7,0.007137041,COMPLETE
2217,863691.375,09:04.8,10:37.1,0 days 00:01:32.358191,4,64,64,,2,2,4,9,7,10,4,4,9,,,,,,,,,,,,,,,,,,,,,,,,,,,,,,,,,,3,4,mixed,,,,7,,,,1,2,,,,0.001041385,COMPLETE
2218,,10:37.1,12:21.9,0 days 00:01:44.732935,4,32,,,1,2,5,6,9,2,6,4,4,8,,,3,3,10,6,10,6,10,2,9,,3,3,8,10,7,9,10,4,,,,,,,,,,,,,5,3,mixed,mixed,mixed,,8,9,8,,3,1,4,9,,0.001669617,FAIL
2219,894.0446777,12:21.9,14:01.0,0 days 00:01:39.075654,4,128,,,1,3,,,,,,,,,,,9,6,7,,,,,,,,,,,,,,,,,,,,,,,,,,,,7,8,normal,mixed,normal,normal,,3,,,4,4,3,2,9,0.003655358,COMPLETE
2220,,14:01.0,15:37.4,0 days 00:01:36.449293,4,64,,,1,5,,,,,,,,,,,3,4,,,,,,,,,3,8,9,9,,,,,,,,,,,,,,,,,4,4,normal,mixed,mixed,normal,,2,4,,4,7,6,6,1,0.001039541,FAIL
2221,,15:37.4,17:17.7,0 days 00:01:40.280847,2,16,8,32,3,2,7,5,10,9,7,9,4,9,2,,10,4,3,9,2,4,3,9,8,,,,,,,,,,,,,,,,,,,,,,3,3,mixed,mixed,,,9,9,,,2,3,1,,,0.002178048,FAIL
2222,,17:17.7,18:51.5,0 days 00:01:33.832763,1,8,,,1,2,3,7,2,10,4,3,9,8,9,,,,,,,,,,,,,,,,,,,,,,,,,,,,,,,,7,5,mixed,normal,,,9,,,,2,1,6,,,0.00689075,FAIL
2223,,18:51.5,20:33.3,0 days 00:01:41.810398,2,96,64,,2,2,10,3,2,10,2,,,,,,8,5,8,9,3,2,2,6,9,5,,,,,,,,,,,,,,,,,,,,,3,5,mixed,mixed,normal,,5,10,,,3,5,8,2,,0.007068144,FAIL
2224,,20:33.3,22:17.7,0 days 00:01:44.346689,2,128,,,1,2,7,3,5,7,3,,,,,,9,8,8,9,5,5,,,,,7,7,,,,,,,,,7,9,5,3,3,2,9,,,,5,5,mixed,mixed,mixed,mixed,5,6,2,7,4,10,4,4,2,0.005727082,FAIL
2225,3310.950439,22:17.7,23:49.6,0 days 00:01:31.863602,1,8,8,16,3,4,,,,,,,,,,,9,10,7,,,,,,,,,,,,,,,,,,,,,,,,,,,,3,3,normal,mixed,normal,,,3,,,3,5,10,2,,0.001714523,COMPLETE
2226,,23:49.6,25:31.0,0 days 00:01:41.434959,3,96,96,,2,5,,,,,,,,,,,10,7,10,8,,,,,,,2,2,6,5,10,10,2,7,8,10,,,,,,,,,,,4,6,normal,mixed,mixed,,,4,10,,3,9,8,5,,0.006749109,FAIL
2227,,25:31.0,27:12.4,0 days 00:01:41.403175,3,96,96,,2,5,,,,,,,,,,,10,7,10,8,,,,,,,2,2,6,5,10,9,2,7,8,10,,,,,,,,,,,4,6,normal,mixed,mixed,,,4,10,,3,9,8,5,,0.008536611,FAIL
2228,,27:12.4,28:53.9,0 days 00:01:41.507797,3,96,96,,2,5,,,,,,,,,,,10,7,10,8,,,,,,,2,2,6,5,9,9,2,7,8,10,,,,,,,,,,,4,6,normal,mixed,mixed,,,4,10,,3,9,8,5,,0.002689924,FAIL
2229,,28:53.9,30:35.8,0 days 00:01:41.841931,3,96,96,,2,5,,,,,,,,,,,10,7,10,8,,,,,,,2,2,6,5,10,10,2,7,8,10,,,,,,,,,,,4,6,normal,mixed,mixed,,,4,10,,3,9,8,5,,0.009139527,FAIL
2230,,30:35.8,32:17.5,0 days 00:01:41.763568,3,96,96,,2,5,,,,,,,,,,,10,7,10,8,,,,,,,2,2,6,5,9,10,2,7,8,10,,,,,,,,,,,4,6,normal,mixed,mixed,,,4,10,,3,9,8,5,,0.006910947,FAIL
2231,,32:17.5,34:00.5,0 days 00:01:42.982124,3,96,96,,2,5,,,,,,,,,,,10,7,10,8,,,,,,,2,2,6,5,9,10,2,7,8,10,,,,,,,,,,,4,6,normal,mixed,mixed,,,4,10,,3,9,8,5,,0.008972842,FAIL
2232,,34:00.5,35:43.3,0 days 00:01:42.825197,3,96,96,,2,5,,,,,,,,,,,10,7,10,8,,,,,,,2,2,6,5,9,10,2,7,8,10,,,,,,,,,,,4,6,normal,mixed,mixed,,,4,10,,3,9,8,5,,0.009097624,FAIL
2233,,35:43.3,37:24.9,0 days 00:01:41.564271,3,96,96,,2,5,,,,,,,,,,,10,7,10,8,,,,,,,3,2,6,5,8,10,2,7,8,10,,,,,,,,,,,4,6,normal,mixed,mixed,,,4,10,,3,9,8,5,,0.008631867,FAIL
2234,,37:24.9,39:06.7,0 days 00:01:41.743169,3,96,96,,2,5,,,,,,,,,,,10,7,10,8,,,,,,,2,2,6,5,10,9,2,7,8,10,,,,,,,,,,,4,6,normal,mixed,mixed,,,4,10,,3,9,8,5,,0.006745516,FAIL
2235,,39:06.7,40:48.6,0 days 00:01:41.986702,3,96,96,,2,5,,,,,,,,,,,10,8,10,8,,,,,,,2,2,6,5,10,10,3,7,8,10,,,,,,,,,,,4,6,normal,mixed,mixed,,,4,10,,3,9,8,5,,0.006757571,FAIL
2236,,40:48.7,42:31.3,0 days 00:01:42.665455,3,96,96,,2,5,,,,,,,,,,,10,7,10,8,4,,,,,,2,2,6,5,10,10,2,7,8,10,,,,,,,,,,,4,6,normal,mixed,mixed,,,5,10,,3,9,8,5,,0.006675487,FAIL
2237,,42:31.3,44:13.2,0 days 00:01:41.849074,3,96,96,,2,5,,,,,,,,,,,10,7,10,8,,,,,,,3,2,6,5,8,10,2,7,8,10,,,,,,,,,,,3,6,normal,mixed,mixed,,,4,10,,3,9,8,5,,0.006736843,FAIL
2238,,44:13.2,45:54.8,0 days 00:01:41.653284,3,96,96,,2,5,,,,,,,,,,,10,7,10,8,,,,,,,2,2,6,4,10,10,2,7,8,10,,,,,,,,,,,4,6,normal,mixed,mixed,,,4,10,,3,9,8,5,,0.00690978,FAIL
2239,,45:54.8,47:36.8,0 days 00:01:41.941789,3,96,96,,2,5,,,,,,,,,,,10,7,10,8,,,,,,,2,2,6,5,10,10,2,7,8,10,,,,,,,,,,,4,6,normal,mixed,mixed,,,4,10,,3,9,8,5,,0.006837446,FAIL
2240,,47:36.8,49:19.2,0 days 00:01:42.423121,3,96,96,,2,5,,,,,,,,,,,10,7,10,8,,,,,,,2,2,6,5,9,10,3,8,8,10,,,,,,,,,,,4,6,normal,mixed,mixed,,,4,10,,3,9,8,5,,0.006726816,FAIL
2241,,49:19.2,51:02.4,0 days 00:01:43.227691,3,96,96,,2,5,,,,,,,,,,,10,7,10,8,,,,,,,2,2,6,5,10,10,3,7,8,10,,,,,,,,,,,4,6,normal,mixed,mixed,,,4,10,,3,9,8,5,,0.006817325,FAIL
2242,,51:02.4,52:45.7,0 days 00:01:43.295845,3,96,96,,2,5,,,,,,,,,,,10,7,10,8,,,,,,,2,2,6,5,10,10,2,7,8,10,,,,,,,,,,,4,6,normal,mixed,mixed,,,4,10,,3,9,8,5,,0.00894988,FAIL
2243,,52:45.7,54:28.7,0 days 00:01:43.007703,3,96,96,,2,5,,,,,,,,,,,10,7,10,8,,,,,,,2,2,6,5,10,10,2,7,8,10,,,,,,,,,,,4,6,normal,mixed,mixed,,,4,10,,3,9,8,5,,0.006620301,FAIL
2244,,54:28.7,56:12.4,0 days 00:01:43.611072,3,96,96,,2,5,,,,,,,,,,,10,7,10,8,4,,,,,,2,2,6,5,9,10,2,7,8,10,,,,,,,,,,,4,6,normal,mixed,mixed,,,5,10,,3,9,8,5,,0.009121198,FAIL
2245,,56:12.4,57:54.6,0 days 00:01:42.215729,3,96,96,,2,5,,,,,,,,,,,10,7,10,8,,,,,,,2,2,6,5,10,10,2,7,8,,,,,,,,,,,,4,6,normal,mixed,mixed,,,4,9,,3,9,8,5,,0.006863733,FAIL
2246,,57:54.6,59:37.8,0 days 00:01:43.230155,3,96,96,,2,5,,,,,,,,,,,10,7,10,8,,,,,,,2,2,6,5,10,10,2,7,8,10,,,,,,,,,,,3,6,normal,mixed,mixed,,,4,10,,3,9,8,5,,0.006750442,FAIL
2247,,59:37.8,01:20.1,0 days 00:01:42.304196,3,96,96,,2,5,,,,,,,,,,,10,7,10,7,,,,,,,2,2,6,5,10,9,3,7,8,10,,,,,,,,,,,4,6,normal,mixed,mixed,,,4,10,,3,9,8,5,,0.002592004,FAIL
2248,,01:20.1,03:02.0,0 days 00:01:41.911032,3,96,96,,2,5,,,,,,,,,,,10,7,10,8,,,,,,,3,2,6,5,10,10,2,7,8,10,,,,,,,,,,,4,6,normal,mixed,mixed,,,4,10,,3,9,8,5,,0.002610785,FAIL
2249,,03:02.0,04:44.1,0 days 00:01:42.078518,3,96,96,,2,5,,,,,,,,,,,10,7,10,8,,,,,,,2,2,6,5,10,10,2,7,8,10,,,,,,,,,,,4,6,normal,mixed,mixed,,,4,10,,3,9,8,5,,0.002609719,FAIL
2250,,04:44.1,06:25.9,0 days 00:01:41.757053,3,96,96,,2,5,,,,,,,,,,,10,7,10,8,,,,,,,2,2,6,5,10,10,2,7,8,10,,,,,,,,,,,4,6,normal,mixed,mixed,,,4,10,,3,9,8,5,,0.006790844,FAIL
2251,,06:25.9,08:07.9,0 days 00:01:42.016499,3,96,96,,2,5,,,,,,,,,,,10,7,10,8,,,,,,,2,2,6,5,10,10,2,7,8,10,,,,,,,,,,,4,6,normal,mixed,mixed,,,4,10,,3,9,8,5,,0.008685035,FAIL
2252,,08:07.9,09:49.7,0 days 00:01:41.825859,3,96,96,,2,5,,,,,,,,,,,10,7,10,7,,,,,,,2,2,6,5,10,10,2,7,8,10,,,,,,,,,,,4,6,normal,mixed,mixed,,,4,10,,3,9,8,5,,0.008201297,FAIL
2253,,09:49.7,11:31.8,0 days 00:01:42.096339,3,96,96,,2,5,,,,,,,,,,,10,7,10,8,,,,,,,2,2,6,5,10,9,2,7,8,10,,,,,,,,,,,4,6,normal,mixed,mixed,,,4,10,,3,9,8,5,,0.006928903,FAIL
2254,,11:31.8,13:13.6,0 days 00:01:41.740673,3,96,96,,2,5,,,,,,,,,,,10,7,10,8,,,,,,,2,2,6,5,9,10,2,7,8,10,,,,,,,,,,,4,6,normal,mixed,mixed,,,4,10,,3,9,8,5,,0.008880732,FAIL
2255,,13:13.6,14:55.6,0 days 00:01:42.021394,3,96,96,,2,5,,,,,,,,,,,10,7,10,8,,,,,,,2,2,6,5,10,10,2,7,8,10,,,,,,,,,,,4,6,normal,mixed,mixed,,,4,10,,3,9,8,5,,0.006955712,FAIL
2256,,14:55.6,16:37.6,0 days 00:01:42.015806,3,96,96,,2,5,,,,,,,,,,,10,7,10,8,,,,,,,2,2,6,5,10,10,3,7,8,10,,,,,,,,,,,4,6,normal,mixed,mixed,,,4,10,,3,9,8,5,,0.006631457,FAIL
2257,,16:37.6,18:19.3,0 days 00:01:41.676660,3,96,96,,2,5,,,,,,,,,,,10,7,10,8,,,,,,,2,2,6,5,8,10,2,7,8,10,,,,,,,,,,,4,6,normal,mixed,mixed,,,4,10,,3,9,8,5,,0.006956261,FAIL
2258,,18:19.3,20:00.9,0 days 00:01:41.593237,3,96,96,,2,5,,,,,,,,,,,10,7,10,8,,,,,,,2,2,6,5,10,9,2,7,8,10,,,,,,,,,,,4,6,normal,mixed,mixed,,,4,10,,3,9,8,5,,0.007048123,FAIL
2259,,20:00.9,21:42.9,0 days 00:01:42.018904,3,96,96,,2,5,,,,,,,,,,,10,7,10,8,,,,,,,2,2,6,5,10,10,2,7,8,10,,,,,,,,,,,4,6,normal,mixed,mixed,,,4,10,,3,9,8,5,,0.006698454,FAIL
2260,,21:42.9,23:24.4,0 days 00:01:41.521675,3,96,96,,2,5,,,,,,,,,,,10,7,10,8,,,,,,,2,2,6,5,10,10,2,7,8,10,,,,,,,,,,,4,6,normal,mixed,mixed,,,4,10,,3,9,8,5,,0.008907404,FAIL
2261,,23:24.4,25:06.4,0 days 00:01:41.981107,3,96,96,,2,5,,,,,,,,,,,10,7,10,8,,,,,,,2,2,6,5,10,10,2,7,8,10,,,,,,,,,,,4,6,normal,mixed,mixed,,,4,10,,3,9,8,5,,0.002589132,FAIL
2262,,25:06.4,26:48.4,0 days 00:01:41.943944,3,96,96,,2,5,,,,,,,,,,,10,7,10,8,,,,,,,2,2,6,5,10,10,2,7,8,10,,,,,,,,,,,4,6,normal,mixed,mixed,,,4,10,,3,9,8,5,,0.008940778,FAIL
2263,,26:48.4,28:30.5,0 days 00:01:42.102370,3,96,96,,2,5,,,,,,,,,,,10,7,10,8,,,,,,,2,2,6,5,10,10,2,7,8,10,,,,,,,,,,,4,6,normal,mixed,mixed,,,4,10,,3,9,8,5,,0.002609032,FAIL
2264,,28:30.5,30:12.4,0 days 00:01:41.974067,3,96,96,,2,5,,,,,,,,,,,10,7,10,8,,,,,,,3,2,6,5,10,10,2,7,8,10,,,,,,,,,,,4,6,normal,mixed,mixed,,,4,10,,3,9,8,5,,0.006723577,FAIL
2265,,30:12.5,31:54.4,0 days 00:01:41.998130,3,96,96,,2,5,,,,,,,,,,,10,7,10,8,,,,,,,2,2,6,5,9,10,2,7,8,9,,,,,,,,,,,4,6,normal,mixed,mixed,,,4,10,,3,9,8,5,,0.006776288,FAIL
2266,,31:54.5,33:36.2,0 days 00:01:41.768421,3,96,96,,2,5,,,,,,,,,,,10,7,10,8,,,,,,,2,2,6,4,10,10,2,7,8,10,,,,,,,,,,,4,6,normal,mixed,mixed,,,4,10,,3,9,8,5,,0.006763933,FAIL
2267,,33:36.2,35:18.2,0 days 00:01:41.981771,3,96,96,,2,5,,,,,,,,,,,10,7,10,8,,,,,,,2,2,6,5,10,10,2,7,8,10,,,,,,,,,,,4,6,normal,mixed,mixed,,,4,10,,3,9,8,5,,0.009132743,FAIL
2268,,35:18.2,36:59.9,0 days 00:01:41.735063,3,96,96,,2,5,,,,,,,,,,,10,7,10,8,,,,,,,2,2,6,5,10,9,2,7,8,10,,,,,,,,,,,4,6,normal,mixed,mixed,,,4,10,,3,9,8,5,,0.006767793,FAIL
2269,,36:59.9,38:41.9,0 days 00:01:41.917622,3,96,96,,2,5,,,,,,,,,,,10,7,10,8,,,,,,,2,2,6,5,10,10,2,7,8,10,,,,,,,,,,,4,6,normal,mixed,mixed,,,4,10,,3,9,8,5,,0.002598247,FAIL
2270,,38:41.9,40:23.5,0 days 00:01:41.588957,3,96,96,,2,5,,,,,,,,,,,10,7,10,8,,,,,,,2,2,6,5,9,10,2,7,8,10,,,,,,,,,,,4,6,normal,mixed,mixed,,,4,10,,3,9,8,5,,0.002606648,FAIL
2271,,40:23.5,42:05.6,0 days 00:01:42.110599,3,96,96,,2,5,,,,,,,,,,,10,7,10,8,,,,,,,2,2,6,5,10,10,2,7,8,10,,,,,,,,,,,4,6,normal,mixed,mixed,,,4,10,,3,9,8,5,,0.002596454,FAIL
2272,,42:05.6,43:47.2,0 days 00:01:41.603343,3,96,96,,2,5,,,,,,,,,,,10,7,10,8,,,,,,,2,2,6,5,9,10,2,7,8,10,,,,,,,,,,,4,6,normal,mixed,mixed,,,4,10,,3,9,8,5,,0.008194995,FAIL
2273,,43:47.2,45:29.1,0 days 00:01:41.956372,3,96,96,,2,5,,,,,,,,,,,10,7,10,8,,,,,,,2,2,6,5,10,9,3,7,8,10,,,,,,,,,,,4,6,normal,mixed,mixed,,,4,10,,3,9,8,5,,0.002926044,FAIL
2274,,45:29.1,47:10.7,0 days 00:01:41.556305,3,96,96,,2,5,,,,,,,,,,,10,7,10,8,,,,,,,2,2,6,5,10,10,4,7,8,,,,,,,,,,,,4,6,normal,mixed,mixed,,,4,9,,3,9,8,5,,0.006994206,FAIL
2275,,47:10.7,48:51.6,0 days 00:01:40.874507,3,96,96,,2,5,,,,,,,,,,,10,7,10,8,,,,,,,2,2,6,5,10,10,2,7,8,,,,,,,,,,,,4,6,normal,mixed,mixed,,,4,9,,3,9,8,5,,0.006670719,FAIL
2276,,48:51.6,50:33.7,0 days 00:01:42.085562,3,96,96,,2,5,,,,,,,,,,,10,7,9,8,,,,,,,2,2,6,5,10,10,3,7,8,10,,,,,,,,,,,4,6,normal,mixed,mixed,,,4,10,,3,9,8,6,,0.009099669,FAIL
2277,,50:33.7,52:15.9,0 days 00:01:42.214651,3,96,96,,2,5,,,,,,,,,,,10,7,10,8,,,,,,,2,2,6,5,10,10,3,7,8,10,,,,,,,,,,,4,6,normal,mixed,mixed,,,4,10,,3,9,8,5,,0.006705153,FAIL
2278,,52:15.9,53:57.7,0 days 00:01:41.785629,3,96,96,,2,5,,,,,,,,,,,10,7,10,8,,,,,,,3,2,6,5,10,10,2,7,8,10,,,,,,,,,,,4,6,normal,mixed,mixed,,,4,10,,3,9,8,5,,0.008957372,FAIL
2279,,53:57.7,55:39.4,0 days 00:01:41.701618,3,96,96,,2,5,,,,,,,,,,,10,7,10,8,,,,,,,2,2,6,5,9,10,2,7,8,10,,,,,,,,,,,4,6,normal,mixed,mixed,,,4,10,,3,9,8,5,,0.008514026,FAIL
2280,,55:39.4,57:21.3,0 days 00:01:41.941031,3,96,96,,2,5,,,,,,,,,,,10,7,10,8,,,,,,,2,2,6,5,10,10,2,7,8,10,,,,,,,,,,,4,6,normal,mixed,mixed,,,4,10,,3,9,8,5,,0.006813696,FAIL
2281,,57:21.3,59:03.4,0 days 00:01:42.097430,3,96,96,,2,5,,,,,,,,,,,10,7,10,8,,,,,,,2,2,6,5,10,10,2,7,8,10,,,,,,,,,,,4,6,normal,mixed,mixed,,,4,10,,3,9,8,5,,0.006936252,FAIL
2282,,59:03.4,00:45.3,0 days 00:01:41.885933,3,96,96,,2,5,,,,,,,,,,,10,7,10,8,,,,,,,2,2,6,5,10,10,2,7,8,10,,,,,,,,,,,4,6,normal,mixed,mixed,,,4,10,,3,9,8,5,,0.006700923,FAIL
2283,,00:45.3,02:26.9,0 days 00:01:41.634856,3,96,96,,2,5,,,,,,,,,,,10,7,10,8,,,,,,,2,2,6,5,10,10,2,7,8,10,,,,,,,,,,,4,6,normal,mixed,mixed,,,4,10,,3,9,8,5,,0.008803378,FAIL
2284,,02:26.9,04:09.4,0 days 00:01:42.495371,3,96,96,,2,5,,,,,,,,,,,10,7,10,8,,,,,,,2,2,6,5,10,10,2,7,8,10,,,,,,,,,,,4,6,normal,mixed,mixed,,,4,10,,3,9,8,5,,0.006763477,FAIL
2285,,04:09.4,05:53.1,0 days 00:01:43.691872,3,96,96,,2,5,,,,,,,,,,,10,7,10,8,,,,,,,2,2,6,5,10,10,2,7,8,10,,,,,,,,,,,4,6,normal,mixed,mixed,,,4,10,,3,9,8,5,,0.006942571,FAIL
2286,,05:53.1,07:36.7,0 days 00:01:43.550716,3,96,96,,2,5,,,,,,,,,,,10,7,10,8,,,,,,,2,2,6,5,10,10,2,7,8,10,,,,,,,,,,,4,6,normal,mixed,mixed,,,4,10,,3,9,8,5,,0.00833552,FAIL
2287,,07:36.7,09:20.4,0 days 00:01:43.719955,3,96,96,,2,5,,,,,,,,,,,10,7,10,8,,,,,,,2,2,6,5,10,10,2,7,8,10,,,,,,,,,,,4,6,normal,mixed,mixed,,,4,10,,3,9,8,5,,0.006803941,FAIL
2288,,09:20.4,11:03.3,0 days 00:01:42.894659,3,96,96,,2,5,,,,,,,,,,,8,7,9,8,,,,,,,2,2,6,5,10,9,2,7,8,10,,,,,,,,,,,4,6,normal,mixed,mixed,,,4,10,,3,9,8,5,,0.002558797,FAIL
2289,,11:03.3,12:46.5,0 days 00:01:43.139058,3,96,96,,2,5,,,,,,,,,,,8,7,10,8,,,,,,,2,2,6,5,9,10,2,7,8,10,,,,,,,,,,,4,6,normal,mixed,mixed,,,4,10,,3,9,8,5,,0.00886197,FAIL
2290,,12:46.5,14:30.0,0 days 00:01:43.563294,3,96,96,,2,5,,,,,,,,,,,10,7,10,8,,,,,,,2,2,6,5,9,10,2,7,8,10,,,,,,,,,,,4,6,normal,mixed,mixed,,,4,10,,3,9,8,5,,0.002564929,FAIL
2291,,14:30.0,16:13.3,0 days 00:01:43.261788,3,96,96,,2,5,,,,,,,,,,,10,7,10,8,,,,,,,2,2,6,5,10,10,2,7,8,10,,,,,,,,,,,4,6,normal,mixed,mixed,,,4,10,,3,9,8,5,,0.008611159,FAIL
2292,,16:13.3,17:57.0,0 days 00:01:43.672925,3,96,96,,2,5,,,,,,,,,,,10,7,10,8,,,,,,,2,2,6,5,9,10,2,7,8,10,,,,,,,,,,,4,6,normal,mixed,mixed,,,4,10,,3,9,8,5,,0.002646826,FAIL
2293,,17:57.0,19:40.1,0 days 00:01:43.138185,3,96,96,,2,5,,,,,,,,,,,10,7,10,8,,,,,,,2,2,6,5,10,10,2,7,8,10,,,,,,,,,,,4,6,normal,mixed,mixed,,,4,10,,3,9,8,5,,0.002543242,FAIL
2294,,19:40.1,21:23.6,0 days 00:01:43.475963,3,96,96,,2,5,,,,,,,,,,,10,7,9,8,,,,,,,2,2,6,5,10,10,2,7,8,10,,,,,,,,,,,4,6,normal,mixed,mixed,,,4,10,,3,9,8,5,,0.002605627,FAIL
2295,,21:23.6,23:07.1,0 days 00:01:43.532200,3,96,96,,2,5,,,,,,,,,,,10,7,10,8,,,,,,,2,2,6,5,10,10,2,7,8,10,,,,,,,,,,,4,6,normal,mixed,mixed,,,4,10,,3,9,8,5,,0.002638468,FAIL
2296,,23:07.1,24:50.4,0 days 00:01:43.274495,3,96,96,,2,5,,,,,,,,,,,10,7,10,8,,,,,,,2,2,5,5,10,10,2,7,8,10,,,,,,,,,,,4,6,normal,mixed,mixed,,,4,10,,3,9,8,5,,0.008665231,FAIL
2297,,24:50.4,26:34.1,0 days 00:01:43.666173,3,96,96,,2,5,,,,,,,,,,,10,8,10,8,,,,,,,3,2,6,5,10,10,2,7,8,10,,,,,,,,,,,4,6,normal,mixed,mixed,,,4,10,,3,9,8,5,,0.008966969,FAIL
2298,,26:34.1,28:18.1,0 days 00:01:44.056907,3,96,96,,2,5,,,,,,,,,,,10,7,10,8,,,,,,,2,2,6,5,10,10,2,7,8,10,,,,,,,,,,,4,6,normal,mixed,mixed,,,4,10,,3,9,8,5,,0.002613199,FAIL
2299,,28:18.1,30:00.9,0 days 00:01:42.801421,3,96,96,,2,5,,,,,,,,,,,10,7,10,8,,,,,,,2,2,6,4,9,10,2,7,8,10,,,,,,,,,,,4,6,normal,mixed,mixed,,,4,10,,3,9,8,5,,0.002608456,FAIL
2300,,30:00.9,31:44.8,0 days 00:01:43.845671,3,96,96,,2,5,,,,,,,,,,,10,7,10,8,,,,,,,2,2,6,5,10,9,2,7,8,10,,,,,,,,,,,4,6,normal,mixed,mixed,,,4,10,,3,9,8,5,,0.009177772,FAIL
2301,,31:44.8,33:28.7,0 days 00:01:43.874265,3,96,96,,2,5,,,,,,,,,,,10,7,10,8,,,,,,,3,3,6,5,9,10,2,7,8,10,,,,,,,,,,,4,6,normal,mixed,mixed,,,4,10,,3,9,8,5,,0.006657604,FAIL
2302,,33:28.7,35:12.5,0 days 00:01:43.798478,3,96,96,,2,5,,,,,,,,,,,10,7,10,8,,,,,,,2,2,6,5,10,10,2,7,8,10,,,,,,,,,,,3,6,normal,mixed,mixed,,,4,10,,3,9,8,5,,0.006773995,FAIL
2303,,35:12.5,36:55.9,0 days 00:01:43.437122,3,96,96,,2,5,,,,,,,,,,,10,7,10,8,,,,,,,2,2,6,5,9,10,2,7,8,10,,,,,,,,,,,4,6,normal,mixed,mixed,,,4,10,,3,9,8,5,,0.008885717,FAIL
2304,,36:55.9,38:39.5,0 days 00:01:43.626741,3,96,96,,2,5,,,,,,,,,,,10,7,10,8,,,,,,,2,2,6,5,9,10,2,7,8,10,,,,,,,,,,,4,6,normal,mixed,mixed,,,4,10,,3,9,8,5,,0.005877744,FAIL
2305,,38:39.5,40:23.3,0 days 00:01:43.794340,3,96,96,,2,5,,,,,,,,,,,10,7,10,8,,,,,,,2,2,6,5,10,10,2,7,8,10,,,,,,,,,,,4,6,normal,mixed,mixed,,,4,10,,3,9,8,5,,0.006848331,FAIL
2306,,40:23.3,42:06.9,0 days 00:01:43.524729,3,96,96,,2,5,,,,,,,,,,,10,7,10,8,,,,,,,2,2,6,5,10,10,2,7,8,10,,,,,,,,,,,4,6,normal,mixed,mixed,,,4,10,,3,9,8,5,,0.006652895,FAIL
2307,,42:06.9,43:50.7,0 days 00:01:43.868736,3,96,96,,2,5,,,,,,,,,,,10,7,10,8,,,,,,,2,2,6,5,10,10,2,7,8,10,,,,,,,,,,,4,6,normal,mixed,mixed,,,4,10,,3,9,8,5,,0.00664447,FAIL
2308,,43:50.7,45:34.5,0 days 00:01:43.743054,3,96,96,,2,5,,,,,,,,,,,10,7,10,8,,,,,,,2,2,6,5,10,10,3,7,8,10,,,,,,,,,,,4,6,normal,mixed,mixed,,,4,10,,3,9,8,5,,0.006783705,FAIL
2309,,45:34.5,47:18.1,0 days 00:01:43.605602,3,96,96,,2,5,,,,,,,,,,,10,7,10,8,,,,,,,2,2,6,5,10,10,2,8,8,10,,,,,,,,,,,4,6,normal,mixed,mixed,,,4,10,,3,9,8,5,,0.002637233,FAIL
2310,,47:18.1,49:01.7,0 days 00:01:43.642235,3,96,96,,2,5,,,,,,,,,,,10,7,10,8,,,,,,,3,2,6,5,10,10,4,7,8,10,,,,,,,,,,,4,6,normal,mixed,mixed,,,4,10,,3,9,8,5,,0.006746019,FAIL
2311,,49:01.7,50:45.7,0 days 00:01:43.996359,3,96,96,,2,5,,,,,,,,,,,10,7,10,8,,,,,,,2,2,6,5,10,10,2,7,8,10,,,,,,,,,,,4,6,normal,mixed,mixed,,,4,10,,3,9,8,5,,0.007036571,FAIL
2312,,50:45.7,52:29.5,0 days 00:01:43.787095,3,96,96,,2,5,,,,,,,,,,,10,7,10,8,,,,,,,2,2,6,5,10,10,2,7,8,10,,,,,,,,,,,4,6,normal,mixed,mixed,,,4,10,,3,9,8,5,,0.008953201,FAIL
2313,,52:29.5,54:13.1,0 days 00:01:43.542632,3,96,96,,2,5,,,,,,,,,,,10,7,10,8,,,,,,,2,2,6,5,10,9,2,7,8,10,,,,,,,,,,,4,6,normal,mixed,mixed,,,4,10,,3,9,8,5,,0.006940826,FAIL
2314,,54:13.1,55:56.7,0 days 00:01:43.640417,3,96,96,,2,5,,,,,,,,,,,10,7,10,8,,,,,,,2,2,6,5,10,10,2,7,8,10,,,,,,,,,,,4,6,normal,mixed,mixed,,,4,10,,3,9,8,5,,0.00896485,FAIL
2315,,55:56.7,57:39.8,0 days 00:01:43.054114,3,96,96,,2,5,,,,,,,,,,,10,7,10,8,,,,,,,3,2,6,5,10,10,2,7,8,10,,,,,,,,,,,4,6,normal,mixed,mixed,,,4,10,,3,9,8,5,,0.002518268,FAIL
2316,,57:39.8,59:22.8,0 days 00:01:43.030645,3,96,96,,2,5,,,,,,,,,,,10,7,10,8,,,,,,,2,2,6,5,10,10,2,7,8,10,,,,,,,,,,,4,6,normal,mixed,mixed,,,4,10,,3,9,8,5,,0.006737843,FAIL
2317,,59:22.8,01:06.3,0 days 00:01:43.451576,3,96,96,,2,5,,,,,,,,,,,10,7,10,8,,,,,,,2,2,6,5,10,10,2,7,8,10,,,,,,,,,,,4,6,normal,mixed,mixed,,,4,10,,3,9,8,5,,0.008949321,FAIL
2318,,01:06.3,02:49.8,0 days 00:01:43.565116,3,96,96,,2,5,,,,,,,,,,,8,7,10,8,,,,,,,2,2,6,4,10,10,2,7,8,10,,,,,,,,,,,4,6,normal,mixed,mixed,,,4,10,,3,9,8,5,,0.006857741,FAIL
2319,,02:49.8,04:33.4,0 days 00:01:43.537647,3,96,96,,2,5,,,,,,,,,,,10,7,10,8,,,,,,,2,2,6,5,10,10,3,7,8,10,,,,,,,,,,,4,6,normal,mixed,mixed,,,4,10,,3,9,8,5,,0.006799563,FAIL
2320,,04:33.4,06:16.8,0 days 00:01:43.474830,3,96,96,,2,5,,,,,,,,,,,10,7,10,8,,,,,,,2,2,6,5,10,9,2,7,8,10,,,,,,,,,,,4,6,normal,mixed,mixed,,,4,10,,3,9,8,5,,0.006798261,FAIL
2321,,06:16.8,08:00.1,0 days 00:01:43.301982,3,96,96,,2,5,,,,,,,,,,,10,7,10,8,,,,,,,2,2,6,4,10,10,2,7,8,10,,,,,,,,,,,4,6,normal,mixed,mixed,,,4,10,,3,9,8,5,,0.006980302,FAIL
2322,,08:00.1,09:44.4,0 days 00:01:44.267492,3,96,96,,2,5,,,,,,,,,,,10,7,10,8,,,,,,,2,2,6,4,10,9,2,8,8,10,,,,,,,,,,,4,6,normal,mixed,mixed,,,4,10,,3,9,8,5,,0.008754902,FAIL
2323,,09:44.4,11:27.1,0 days 00:01:42.687394,3,96,96,,2,5,,,,,,,,,,,10,7,10,8,,,,,,,2,3,6,5,10,10,2,7,8,10,,,,,,,,,,,4,6,normal,mixed,mixed,,,4,10,,3,9,8,5,,0.009099101,FAIL
2324,,11:27.1,13:09.3,0 days 00:01:42.218670,3,96,96,,2,5,,,,,,,,,,,10,7,10,8,,,,,,,2,2,6,5,10,9,2,7,8,10,,,,,,,,,,,4,6,normal,mixed,mixed,,,4,10,,3,9,8,5,,0.006710765,FAIL
2325,,13:09.3,14:52.8,0 days 00:01:43.508186,3,96,96,,2,5,,,,,,,,,,,10,7,10,8,,,,,,,2,2,6,5,10,10,2,7,8,10,,,,,,,,,,,4,6,normal,mixed,mixed,,,4,10,,3,9,8,5,,0.008497492,FAIL
2326,,14:52.8,16:36.3,0 days 00:01:43.410119,3,96,96,,2,5,,,,,,,,,,,10,7,10,8,,,,,,,2,2,6,5,10,10,2,7,8,10,,,,,,,,,,,4,6,normal,mixed,mixed,,,4,10,,3,9,8,5,,0.00910729,FAIL
2327,,16:36.3,18:19.4,0 days 00:01:43.137929,3,96,96,,2,5,,,,,,,,,,,10,7,10,8,,,,,,,2,2,6,5,9,10,2,7,8,10,,,,,,,,,,,4,6,normal,mixed,mixed,,,4,10,,3,9,8,5,,0.002503746,FAIL
2328,,18:19.4,20:03.2,0 days 00:01:43.836171,3,96,96,,2,5,,,,,,,,,,,10,7,10,8,,,,,,,2,2,6,5,9,10,3,7,8,10,,,,,,,,,,,4,6,normal,mixed,mixed,,,4,10,,3,9,8,5,,0.006925561,FAIL
2329,,20:03.2,21:46.6,0 days 00:01:43.341499,3,96,96,,2,5,,,,,,,,,,,10,7,10,7,,,,,,,2,2,6,5,10,10,2,7,8,10,,,,,,,,,,,4,6,normal,mixed,mixed,,,4,10,,3,9,8,5,,0.008855979,FAIL
2330,,21:46.6,23:30.2,0 days 00:01:43.665640,3,96,96,,2,5,,,,,,,,,,,10,7,10,8,,,,,,,2,2,6,5,10,10,2,7,8,10,,,,,,,,,,,4,6,normal,mixed,mixed,,,4,10,,3,9,8,5,,0.006760734,FAIL
2331,,23:30.3,25:13.8,0 days 00:01:43.553302,3,96,96,,2,5,,,,,,,,,,,10,7,10,8,,,,,,,2,2,6,5,10,10,2,7,8,10,,,,,,,,,,,4,6,normal,mixed,mixed,,,4,10,,3,9,8,5,,0.006927747,FAIL
2332,,25:13.8,26:57.2,0 days 00:01:43.428631,3,96,96,,2,5,,,,,,,,,,,10,7,10,8,,,,,,,2,2,6,5,10,10,2,7,8,10,,,,,,,,,,,4,6,normal,mixed,mixed,,,4,10,,3,9,8,5,,0.009133178,FAIL
2333,,26:57.2,28:40.8,0 days 00:01:43.536888,3,96,96,,2,5,,,,,,,,,,,10,7,10,8,,,,,,,2,2,6,5,10,9,2,7,8,10,,,,,,,,,,,4,6,normal,mixed,mixed,,,4,10,,3,9,8,5,,0.002675208,FAIL
2334,,28:40.8,30:24.4,0 days 00:01:43.601158,3,96,96,,2,5,,,,,,,,,,,10,7,10,8,,,,,,,2,2,6,5,10,10,2,7,8,10,,,,,,,,,,,4,6,normal,mixed,mixed,,,4,10,,3,9,9,5,,0.002607068,FAIL
2335,,30:24.4,32:07.7,0 days 00:01:43.275071,3,96,96,,2,5,,,,,,,,,,,10,7,10,8,,,,,,,2,2,6,5,10,10,2,7,8,10,,,,,,,,,,,4,6,normal,mixed,mixed,,,4,10,,3,9,8,5,,0.002580821,FAIL
2336,,32:07.7,33:51.1,0 days 00:01:43.409066,3,96,96,,2,5,,,,,,,,,,,10,7,10,8,,,,,,,2,2,6,5,10,10,2,7,8,10,,,,,,,,,,,4,6,normal,mixed,mixed,,,4,10,,3,9,8,5,,0.006809391,FAIL
2337,,33:51.1,35:34.6,0 days 00:01:43.508210,3,96,96,,2,5,,,,,,,,,,,8,7,10,8,,,,,,,2,3,6,5,10,10,2,7,8,10,,,,,,,,,,,4,6,normal,mixed,mixed,,,4,10,,3,9,8,5,,0.008676178,FAIL
2338,,35:34.6,37:18.3,0 days 00:01:43.727998,3,96,96,,2,5,,,,,,,,,,,10,7,10,8,,,,,,,2,2,6,5,10,10,2,7,8,10,,,,,,,,,,,4,6,normal,mixed,mixed,,,4,10,,3,9,8,5,,0.008969991,FAIL
2339,,37:18.3,39:01.8,0 days 00:01:43.455031,3,96,96,,2,5,,,,,,,,,,,10,7,10,8,,,,,,,2,2,6,5,10,10,2,7,8,10,,,,,,,,,,,4,6,normal,mixed,mixed,,,4,10,,3,9,8,5,,0.006705235,FAIL
2340,,39:01.8,40:45.0,0 days 00:01:43.180008,3,96,96,,2,5,,,,,,,,,,,10,7,10,8,,,,,,,2,2,6,5,10,10,2,7,8,10,,,,,,,,,,,4,6,normal,mixed,mixed,,,4,10,,3,9,8,5,,0.006656074,FAIL
2341,,40:45.0,42:28.4,0 days 00:01:43.441710,3,96,96,,2,5,,,,,,,,,,,10,7,10,8,,,,,,,3,2,6,5,10,10,2,7,8,10,,,,,,,,,,,4,6,normal,mixed,mixed,,,4,10,,3,9,8,5,,0.008895203,FAIL
2342,,42:28.4,44:12.1,0 days 00:01:43.715268,3,96,96,,2,5,,,,,,,,,,,10,7,10,8,,,,,,,2,2,6,5,10,10,2,7,8,10,,,,,,,,,,,3,6,normal,mixed,mixed,,,4,10,,3,9,8,5,,0.006785727,FAIL
2343,,44:12.1,45:55.4,0 days 00:01:43.259999,3,96,96,,2,5,,,,,,,,,,,10,7,10,8,,,,,,,2,2,6,5,10,10,2,7,8,9,,,,,,,,,,,4,6,normal,mixed,mixed,,,4,10,,3,9,8,5,,0.008676248,FAIL
2344,,45:55.4,47:37.6,0 days 00:01:42.222512,3,96,96,,2,5,,,,,,,,,,,10,7,10,8,,,,,,,2,2,6,5,9,10,2,7,8,,,,,,,,,,,,4,6,normal,mixed,mixed,,,4,9,,3,9,8,5,,0.006939037,FAIL
2345,,47:37.6,49:19.9,0 days 00:01:42.329325,3,96,96,,2,5,,,,,,,,,,,10,7,10,8,,,,,,,2,2,6,4,10,10,3,7,8,,,,,,,,,,,,4,6,normal,mixed,mixed,,,4,9,,3,9,8,5,,0.002583032,FAIL
2346,,49:19.9,51:03.4,0 days 00:01:43.498092,3,96,96,,2,5,,,,,,,,,,,10,7,10,8,,,,,,,3,2,6,5,9,10,2,7,8,10,,,,,,,,,,,4,6,normal,mixed,mixed,,,4,10,,3,9,8,5,,0.005930342,FAIL
2347,,51:03.4,52:47.1,0 days 00:01:43.619872,3,96,96,,2,5,,,,,,,,,,,10,7,10,8,,,,,,,2,2,6,5,10,10,2,7,8,10,,,,,,,,,,,4,6,normal,mixed,mixed,,,4,10,,3,9,8,5,,0.006627905,FAIL
2348,,52:47.1,54:30.7,0 days 00:01:43.660962,3,96,96,,2,5,,,,,,,,,,,10,7,10,8,,,,,,,2,2,6,5,10,10,4,7,8,10,,,,,,,,,,,4,6,normal,mixed,mixed,,,4,10,,3,9,8,5,,0.008912998,FAIL
2349,,54:30.7,56:14.8,0 days 00:01:44.094322,3,96,96,,2,5,,,,,,,,,,,10,7,10,8,,,,,,,2,2,6,5,10,10,3,7,8,10,,,,,,,,,,,4,6,normal,mixed,mixed,,,4,10,,3,9,8,5,,0.002541378,FAIL
2350,,56:14.8,57:58.4,0 days 00:01:43.588427,3,96,96,,2,5,,,,,,,,,,,10,7,10,8,,,,,,,2,2,6,5,10,10,3,7,8,10,,,,,,,,,,,4,6,normal,mixed,mixed,,,4,10,,3,9,8,5,,0.002566583,FAIL
2351,,57:58.4,59:42.1,0 days 00:01:43.637356,3,96,96,,2,5,,,,,,,,,,,10,7,9,8,,,,,,,2,2,6,5,9,10,2,7,8,10,,,,,,,,,,,4,6,normal,mixed,mixed,,,4,10,,3,9,8,5,,0.006580388,FAIL
2352,,59:42.1,01:25.7,0 days 00:01:43.629700,3,96,96,,2,5,,,,,,,,,,,10,7,10,8,,,,,,,2,2,6,5,10,10,3,7,8,10,,,,,,,,,,,4,6,normal,mixed,mixed,,,4,10,,3,9,8,5,,0.009034668,FAIL
2353,,01:25.7,03:09.5,0 days 00:01:43.781672,3,96,96,,2,5,,,,,,,,,,,10,7,10,8,,,,,,,2,2,6,5,10,10,3,7,8,10,,,,,,,,,,,4,6,normal,mixed,mixed,,,4,10,,3,9,8,5,,0.008611137,FAIL
2354,,03:09.5,04:52.8,0 days 00:01:43.349848,3,96,96,,2,5,,,,,,,,,,,10,7,10,8,,,,,,,2,2,6,5,10,10,2,7,8,9,,,,,,,,,,,4,6,normal,mixed,mixed,,,4,10,,3,9,8,5,,0.007017299,FAIL
2355,,04:52.8,06:36.6,0 days 00:01:43.757695,3,96,96,,2,5,,,,,,,,,,,10,7,10,8,,,,,,,2,2,6,5,10,10,2,7,8,10,,,,,,,,,,,4,6,normal,mixed,mixed,,,4,10,,3,9,8,5,,0.00695334,FAIL
2356,,06:36.6,08:20.0,0 days 00:01:43.391666,3,96,96,,2,5,,,,,,,,,,,10,7,10,8,,,,,,,2,2,6,5,10,10,2,7,8,10,,,,,,,,,,,4,6,normal,mixed,mixed,,,4,10,,3,9,8,5,,0.009019107,FAIL
2357,,08:20.0,10:03.6,0 days 00:01:43.564566,3,96,96,,2,5,,,,,,,,,,,10,7,10,8,,,,,,,2,2,6,5,10,10,2,7,8,10,,,,,,,,,,,4,6,normal,mixed,mixed,,,4,10,,3,9,8,5,,0.002915266,FAIL
2358,,10:03.6,11:44.1,0 days 00:01:40.512199,3,96,96,,2,5,,,,,,,,,,,10,7,10,8,,,,,,,2,2,6,5,9,10,2,7,8,,,,,,,,,,,,3,6,normal,mixed,mixed,,,4,9,,3,9,8,5,,0.00686996,FAIL
2359,,11:44.1,13:26.9,0 days 00:01:42.800952,3,96,96,,2,5,,,,,,,,,,,10,7,10,8,4,,,,,,2,2,6,4,10,10,2,7,8,10,,,,,,,,,,,4,6,normal,mixed,mixed,,,5,10,,3,9,8,5,,0.006783395,FAIL
2360,,13:26.9,15:10.1,0 days 00:01:43.177298,3,96,96,,2,5,,,,,,,,,,,10,7,10,8,,,,,,,2,2,6,5,9,9,2,7,8,10,,,,,,,,,,,4,6,normal,mixed,mixed,,,4,10,,3,9,8,6,,0.006845478,FAIL
2361,,15:10.1,16:53.4,0 days 00:01:43.351407,3,96,96,,2,5,,,,,,,,,,,10,7,10,8,,,,,,,2,2,6,5,9,10,2,7,8,10,,,,,,,,,,,4,6,normal,mixed,mixed,,,4,10,,3,9,8,5,,0.008660462,FAIL
2362,,16:53.4,18:36.7,0 days 00:01:43.242745,3,96,96,,2,5,,,,,,,,,,,10,7,10,8,,,,,,,2,2,6,5,10,10,2,7,8,10,,,,,,,,,,,4,6,normal,mixed,mixed,,,4,10,,3,9,8,5,,0.002655787,FAIL
2363,,18:36.7,20:21.3,0 days 00:01:44.666429,3,96,96,,2,5,,,,,,,,,,,10,7,10,8,,,,,,,2,2,6,5,10,10,3,7,8,10,,,,,,,,,,,4,6,normal,mixed,mixed,,,4,10,,3,9,8,5,,0.002685296,FAIL
2364,,20:21.3,22:04.8,0 days 00:01:43.514670,3,96,96,,2,5,,,,,,,,,,,10,7,10,8,,,,,,,2,2,6,5,10,10,2,7,8,10,,,,,,,,,,,4,6,normal,mixed,mixed,,,4,10,,3,9,8,5,,0.003009959,FAIL
2365,,22:04.8,23:48.5,0 days 00:01:43.641611,3,96,96,,2,5,,,,,,,,,,,10,7,10,8,,,,,,,2,2,6,5,10,10,3,7,8,9,,,,,,,,,,,4,6,normal,mixed,mixed,,,4,10,,3,9,8,5,,0.006772948,FAIL
2366,,23:48.5,25:32.3,0 days 00:01:43.835042,3,96,96,,2,5,,,,,,,,,,,10,7,10,8,,,,,,,2,2,6,5,10,10,2,7,8,10,,,,,,,,,,,4,6,normal,mixed,mixed,,,4,10,,3,9,8,5,,0.006843081,FAIL
2367,,25:32.3,27:16.0,0 days 00:01:43.712914,3,96,96,,2,5,,,,,,,,,,,10,7,10,8,,,,,,,2,2,6,5,9,10,2,7,8,10,,,,,,,,,,,4,6,normal,mixed,mixed,,,4,10,,3,9,8,5,,0.009138467,FAIL
2368,,27:16.0,28:59.2,0 days 00:01:43.193241,3,96,96,,2,5,,,,,,,,,,,10,7,10,8,,,,,,,2,2,6,5,10,10,2,7,8,10,,,,,,,,,,,4,6,normal,mixed,mixed,,,4,10,,3,8,8,5,,0.00697954,FAIL
2369,,28:59.2,30:43.1,0 days 00:01:43.872353,3,96,96,,2,5,,,,,,,,,,,10,7,10,8,,,,,,,2,2,6,5,10,10,2,7,8,10,,,,,,,,,,,4,6,normal,mixed,mixed,,,4,10,,3,9,8,5,,0.008389029,FAIL
2370,,30:43.1,32:26.8,0 days 00:01:43.694800,3,96,96,,2,5,,,,,,,,,,,10,7,10,8,,,,,,,2,2,6,5,10,10,2,7,8,10,,,,,,,,,,,4,6,normal,mixed,mixed,,,4,10,,3,9,8,5,,0.008750715,FAIL
2371,,32:26.8,34:09.6,0 days 00:01:42.801207,3,96,96,,2,5,,,,,,,,,,,10,7,9,8,,,,,,,2,2,6,5,9,10,2,7,8,10,,,,,,,,,,,4,6,normal,mixed,mixed,,,4,10,,3,9,8,5,,0.006828959,FAIL
2372,,34:09.6,35:53.0,0 days 00:01:43.345720,3,96,96,,2,5,,,,,,,,,,,10,7,10,8,,,,,,,2,2,6,5,10,10,2,7,8,10,,,,,,,,,,,4,6,normal,mixed,mixed,,,4,10,,3,9,8,5,,0.008784787,FAIL
2373,,35:53.0,37:36.1,0 days 00:01:43.162377,3,96,96,,2,5,,,,,,,,,,,10,7,10,8,,,,,,,2,2,6,5,10,10,2,7,8,10,,,,,,,,,,,4,6,normal,mixed,mixed,,,4,10,,3,9,8,5,,0.008143758,FAIL
2374,,37:36.1,39:18.9,0 days 00:01:42.801195,3,96,96,,2,5,,,,,,,,,,,10,7,10,7,,,,,,,2,2,6,5,10,10,2,7,8,10,,,,,,,,,,,4,6,normal,mixed,mixed,,,4,10,,3,9,8,5,,0.008483841,FAIL
2375,,39:18.9,41:00.8,0 days 00:01:41.814281,3,96,96,,2,5,,,,,,,,,,,10,7,10,8,,,,,,,2,2,6,5,10,10,2,7,8,,,,,,,,,,,,4,6,normal,mixed,mixed,,,4,9,,3,9,8,5,,0.009098974,FAIL
2376,,41:00.8,42:43.9,0 days 00:01:43.092718,3,96,96,,2,5,,,,,,,,,,,10,7,10,8,,,,,,,2,2,6,5,10,10,2,8,8,10,,,,,,,,,,,4,6,normal,mixed,mixed,,,4,10,,3,9,8,5,,0.008940836,FAIL
2377,,42:43.9,44:26.7,0 days 00:01:42.829750,3,96,96,,2,5,,,,,,,,,,,10,7,10,8,,,,,,,2,2,6,5,10,10,3,7,8,10,,,,,,,,,,,4,6,normal,mixed,mixed,,,4,10,,3,9,8,5,,0.006674201,FAIL
2378,,44:26.7,46:10.1,0 days 00:01:43.430830,3,96,96,,2,5,,,,,,,,,,,10,7,10,8,,,,,,,2,2,6,5,9,9,2,7,8,10,,,,,,,,,,,4,6,normal,mixed,mixed,,,4,10,,3,9,8,5,,0.006693142,FAIL
2379,,46:10.1,47:52.2,0 days 00:01:42.102446,3,96,96,,2,5,,,,,,,,,,,8,7,10,8,,,,,,,2,2,6,5,10,10,2,7,8,10,,,,,,,,,,,4,6,normal,mixed,mixed,,,4,10,,3,9,8,5,,0.008896042,FAIL
2380,,47:52.2,49:34.7,0 days 00:01:42.447749,3,96,96,,2,5,,,,,,,,,,,10,7,10,8,,,,,,,2,2,6,5,9,10,3,7,8,10,,,,,,,,,,,4,6,normal,mixed,mixed,,,4,10,,3,9,8,5,,0.00254661,FAIL
2381,,49:34.7,51:18.1,0 days 00:01:43.371750,3,96,96,,2,5,,,,,,,,,,,10,7,10,8,,,,,,,2,2,6,5,9,10,2,7,8,10,,,,,,,,,,,4,6,normal,mixed,mixed,,,4,10,,3,9,8,5,,0.007056047,FAIL
2382,,51:18.1,53:02.1,0 days 00:01:44.082601,3,96,96,,2,5,,,,,,,,,,,10,7,10,8,4,,,,,,2,2,6,5,9,10,2,7,8,10,,,,,,,,,,,4,6,normal,mixed,mixed,,,5,10,,3,9,8,5,,0.006899827,FAIL
2383,,53:02.1,54:46.1,0 days 00:01:43.937790,3,96,96,,2,5,,,,,,,,,,,10,7,10,8,,,,,,,2,2,6,5,10,10,2,7,8,10,,,,,,,,,,,4,6,normal,mixed,mixed,,,4,10,,3,9,8,5,,0.006734564,FAIL
2384,,54:46.1,56:30.1,0 days 00:01:43.961495,3,96,96,,2,5,,,,,,,,,,,10,7,10,8,,,,,,,3,2,6,5,9,10,2,7,8,10,,,,,,,,,,,4,6,normal,mixed,mixed,,,4,10,,3,9,8,5,,0.006876193,FAIL
2385,,56:30.1,58:14.1,0 days 00:01:43.999761,3,96,96,,2,5,,,,,,,,,,,10,7,10,8,,,,,,,2,2,6,5,10,10,2,7,8,10,,,,,,,,,,,4,6,normal,mixed,mixed,,,4,10,,3,9,8,5,,0.006764996,FAIL
2386,,58:14.1,59:57.5,0 days 00:01:43.400429,3,96,96,,2,5,,,,,,,,,,,10,7,10,8,,,,,,,3,2,6,4,10,10,2,7,8,10,,,,,,,,,,,4,6,normal,mixed,mixed,,,4,10,,3,9,8,5,,0.002607972,FAIL
2387,,59:57.5,01:41.0,0 days 00:01:43.498967,3,96,96,,2,5,,,,,,,,,,,10,7,10,8,,,,,,,2,2,6,5,10,10,2,7,8,10,,,,,,,,,,,4,6,normal,mixed,mixed,,,4,10,,3,9,8,5,,0.002854686,FAIL
2388,,01:41.0,03:24.6,0 days 00:01:43.673741,3,96,96,,2,5,,,,,,,,,,,10,7,10,8,,,,,,,2,2,6,5,10,9,2,7,8,10,,,,,,,,,,,4,6,normal,mixed,mixed,,,4,10,,3,9,8,5,,0.008552281,FAIL
2389,,03:24.6,05:08.1,0 days 00:01:43.423014,3,96,96,,2,5,,,,,,,,,,,10,7,10,8,,,,,,,2,2,6,5,10,10,3,7,8,10,,,,,,,,,,,4,6,normal,mixed,mixed,,,4,10,,3,9,8,5,,0.008687731,FAIL
2390,,05:08.1,06:51.8,0 days 00:01:43.740590,3,96,96,,2,5,,,,,,,,,,,10,7,10,8,,,,,,,2,2,6,5,10,10,2,7,8,10,,,,,,,,,,,4,6,normal,mixed,mixed,,,4,10,,3,9,8,5,,0.002618967,FAIL
2391,,06:51.8,08:35.1,0 days 00:01:43.288500,3,96,96,,2,5,,,,,,,,,,,10,8,10,8,,,,,,,2,2,6,5,10,8,2,7,8,10,,,,,,,,,,,4,6,normal,mixed,mixed,,,4,10,,3,9,8,5,,0.006734277,FAIL
2392,,08:35.1,10:20.4,0 days 00:01:45.250736,3,96,96,,2,5,,,,,,,,,,,10,7,10,8,,,,,,,2,2,6,5,10,10,2,7,8,10,,,,,,,,,,,4,7,normal,mixed,mixed,,,4,10,,3,9,8,5,,0.006832426,FAIL
2393,,10:20.4,12:03.9,0 days 00:01:43.516495,3,96,96,,2,5,,,,,,,,,,,10,7,10,8,,,,,,,2,2,6,5,10,10,2,7,8,10,,,,,,,,,,,4,6,normal,mixed,mixed,,,4,10,,3,9,8,5,,0.008853376,FAIL
2394,,12:03.9,13:48.3,0 days 00:01:44.457251,3,96,96,,2,5,,,,,,,,,,,10,7,10,8,4,,,,,,2,2,6,5,10,10,4,7,8,10,,,,,,,,,,,4,6,normal,mixed,mixed,,,5,10,,3,9,8,5,,0.008962002,FAIL
2395,,13:48.3,15:32.0,0 days 00:01:43.672050,3,96,96,,2,5,,,,,,,,,,,10,7,10,8,,,,,,,2,2,6,5,10,9,2,7,8,10,,,,,,,,,,,4,6,normal,mixed,mixed,,,4,10,,3,9,8,5,,0.006742491,FAIL
2396,,15:32.0,17:15.6,0 days 00:01:43.628319,3,96,96,,2,5,,,,,,,,,,,10,7,10,8,,,,,,,2,2,6,5,10,10,2,7,8,10,,,,,,,,,,,4,6,normal,mixed,mixed,,,4,10,,3,9,8,5,,0.006880801,FAIL
2397,,17:15.6,18:59.7,0 days 00:01:44.091789,3,96,96,,2,5,,,,,,,,,,,10,7,10,8,,,,,,,2,2,6,5,10,10,2,7,8,10,,,,,,,,,,,4,6,normal,mixed,mixed,,,4,10,,3,9,8,5,,0.008792599,FAIL
2398,,18:59.7,20:43.3,0 days 00:01:43.529313,3,96,96,,2,5,,,,,,,,,,,10,7,10,8,,,,,,,2,2,6,5,10,10,2,7,8,10,,,,,,,,,,,4,6,normal,mixed,mixed,,,4,10,,3,9,8,5,,0.008754409,FAIL
2399,,20:43.3,22:27.2,0 days 00:01:43.876286,3,96,96,,2,5,,,,,,,,,,,10,7,10,8,,,,,,,2,2,6,5,10,10,2,7,8,10,,,,,,,,,,,4,6,normal,mixed,mixed,,,4,10,,3,9,8,5,,0.002650936,FAIL
2400,,22:27.2,24:08.1,0 days 00:01:40.985176,3,96,96,,2,5,,,,,,,,,,,10,8,10,8,,,,,,,2,2,6,4,10,9,2,7,8,10,,,,,,,,,,,4,6,normal,mixed,mixed,,,4,10,,3,9,8,5,,0.008947712,FAIL
2401,,24:08.1,25:50.4,0 days 00:01:42.221780,3,96,96,,2,5,,,,,,,,,,,10,7,10,8,,,,,,,2,2,6,5,10,10,2,7,8,10,,,,,,,,,,,4,6,normal,mixed,mixed,,,4,10,,3,9,8,5,,0.006927279,FAIL
2402,,25:50.4,27:32.4,0 days 00:01:42.003497,3,96,96,,2,5,,,,,,,,,,,10,7,10,8,,,,,,,2,2,6,5,10,10,2,7,8,10,,,,,,,,,,,4,6,normal,mixed,mixed,,,4,10,,3,9,8,5,,0.006691803,FAIL
2403,,27:32.4,29:14.4,0 days 00:01:42.029850,3,96,96,,2,5,,,,,,,,,,,10,7,10,8,,,,,,,2,2,6,4,9,10,2,7,8,10,,,,,,,,,,,4,6,normal,mixed,mixed,,,4,10,,3,9,8,5,,0.008138908,FAIL
2404,,29:14.4,30:56.3,0 days 00:01:41.852626,3,96,96,,2,5,,,,,,,,,,,10,7,10,8,,,,,,,2,2,6,5,10,10,2,7,8,10,,,,,,,,,,,4,6,normal,mixed,mixed,,,4,10,,3,9,8,5,,0.008744403,FAIL
2405,,30:56.3,32:38.9,0 days 00:01:42.598870,3,96,96,,2,5,,,,,,,,,,,10,7,10,8,,,,,,,2,2,6,5,9,10,2,7,8,10,,,,,,,,,,,4,6,normal,mixed,mixed,,,4,10,,3,9,8,5,,0.006665596,FAIL
2406,,32:38.9,34:22.1,0 days 00:01:43.233036,3,96,96,,2,5,,,,,,,,,,,10,7,10,8,,,,,,,2,2,6,5,9,10,2,7,8,10,,,,,,,,,,,4,6,normal,mixed,mixed,,,4,10,,3,9,8,5,,0.008838903,FAIL
2407,,34:22.1,36:06.7,0 days 00:01:44.576296,3,96,96,,2,5,,,,,,,,,,,10,7,10,8,,,,,,,2,2,6,5,9,10,2,8,8,10,,,,,,,,,,,4,6,normal,mixed,mixed,,,4,10,,3,9,8,5,,0.008597746,FAIL
2408,,36:06.7,37:51.8,0 days 00:01:45.063609,3,96,96,,2,5,,,,,,,,,,,10,7,10,8,,,,,,,2,2,6,5,10,10,2,7,8,10,,,,,,,,,,,4,6,normal,mixed,mixed,,,4,10,,3,9,8,5,,0.008663999,FAIL
2409,,37:51.8,39:36.4,0 days 00:01:44.641614,3,96,96,,2,5,,,,,,,,,,,10,7,10,8,,,,,,,2,2,6,5,10,9,2,7,8,10,,,,,,,,,,,4,6,normal,mixed,mixed,,,4,10,,3,9,8,5,,0.008897852,FAIL
2410,,39:36.4,41:19.6,0 days 00:01:43.247518,3,16,96,,2,5,,,,,,,,,,,10,7,10,8,,,,,,,2,2,6,5,10,10,2,7,8,10,,,,,,,,,,,4,6,normal,mixed,mixed,,,4,10,,3,9,8,5,,0.008971922,FAIL
2411,,41:19.7,43:03.4,0 days 00:01:43.749894,3,96,96,,2,5,,,,,,,,,,,10,7,10,8,,,,,,,2,2,6,5,10,10,2,8,8,10,,,,,,,,,,,4,6,normal,mixed,mixed,,,4,10,,3,9,8,5,,0.007067498,FAIL
2412,,43:03.4,44:45.4,0 days 00:01:41.979058,3,96,96,,2,5,,,,,,,,,,,8,7,10,8,,,,,,,2,2,6,5,10,10,2,7,8,10,,,,,,,,,,,4,6,normal,mixed,mixed,,,4,10,,3,9,8,5,,0.002575511,FAIL
2413,,44:45.4,46:28.8,0 days 00:01:43.438801,3,96,96,,2,5,,,,,,,,,,,10,8,10,8,,,,,,,2,2,6,5,10,10,2,7,8,10,,,,,,,,,,,4,6,normal,mixed,mixed,,,4,10,,3,9,8,5,,0.006697166,FAIL
2414,,46:28.8,48:12.5,0 days 00:01:43.688334,3,96,96,,2,5,,,,,,,,,,,10,7,10,8,,,,,,,2,2,6,5,10,10,2,7,8,10,,,,,,,,,,,4,6,normal,mixed,mixed,,,4,10,,3,9,8,5,,0.002541834,FAIL
2415,,48:12.5,49:55.6,0 days 00:01:43.075385,3,96,96,,2,5,,,,,,,,,,,10,7,10,8,,,,,,,2,2,6,5,10,10,2,7,8,10,,,,,,,,,,,4,6,normal,mixed,mixed,,,4,10,,3,9,8,5,,0.00904041,FAIL
2416,,49:55.6,51:38.2,0 days 00:01:42.558983,3,96,96,,2,5,,,,,,,,,,,8,7,10,8,,,,,,,2,2,6,5,9,10,3,7,8,10,,,,,,,,,,,4,6,normal,mixed,mixed,,,4,10,,3,9,8,5,,0.006614114,FAIL
2417,,51:38.2,53:21.3,0 days 00:01:43.123657,3,96,96,,2,5,,,,,,,,,,,10,7,10,8,,,,,,,2,2,6,5,10,10,2,7,8,10,,,,,,,,,,,4,6,normal,mixed,mixed,,,4,10,,3,9,8,5,,0.008813171,FAIL
2418,,53:21.3,55:04.7,0 days 00:01:43.439729,3,96,96,,2,5,,,,,,,,,,,10,7,10,7,,,,,,,2,2,6,5,10,10,3,7,8,10,,,,,,,,,,,4,6,normal,mixed,mixed,,,4,10,,3,9,8,5,,0.002575454,FAIL
2419,,55:04.7,56:48.3,0 days 00:01:43.569354,3,96,96,,2,5,,,,,,,,,,,10,7,10,8,,,,,,,2,2,6,5,9,10,2,7,8,10,,,,,,,,,,,4,6,normal,mixed,mixed,,,4,10,,3,9,8,5,,0.006734649,FAIL
2420,,56:48.3,58:30.9,0 days 00:01:42.578796,3,96,96,,2,5,,,,,,,,,,,10,7,10,8,,,,,,,2,2,6,5,10,10,2,7,8,10,,,,,,,,,,,4,6,normal,mixed,mixed,,,4,10,,3,9,8,5,,0.006834406,FAIL
2421,,58:30.9,00:13.1,0 days 00:01:42.181177,3,96,96,,2,5,,,,,,,,,,,10,7,10,8,,,,,,,2,2,6,5,10,10,3,7,9,10,,,,,,,,,,,4,6,normal,mixed,mixed,,,4,10,,3,9,8,5,,0.009056654,FAIL
2422,,00:13.1,01:55.1,0 days 00:01:42.033478,3,96,96,,2,5,,,,,,,,,,,10,7,10,8,,,,,,,2,2,6,5,10,10,2,7,8,10,,,,,,,,,,,4,6,normal,mixed,mixed,,,4,10,,3,9,8,5,,0.006706471,FAIL
2423,,01:55.1,03:37.7,0 days 00:01:42.577190,3,96,96,,2,5,,,,,,,,,,,10,7,10,8,,,,,,,2,2,6,4,10,10,2,7,8,10,,,,,,,,,,,4,6,normal,mixed,mixed,,,4,10,,3,9,8,5,,0.00702981,FAIL
2424,,03:37.7,05:21.1,0 days 00:01:43.372176,3,96,96,,2,5,,,,,,,,,,,10,7,10,8,,,,,,,2,2,6,5,10,10,3,7,8,10,,,,,,,,,,,4,6,normal,mixed,mixed,,,4,10,,3,9,8,5,,0.008818492,FAIL
2425,,05:21.1,07:04.4,0 days 00:01:43.381657,3,96,96,,2,5,,,,,,,,,,,10,7,10,8,,,,,,,2,2,6,5,9,10,2,7,8,10,,,,,,,,,,,4,6,normal,mixed,mixed,,,4,10,,3,9,8,5,,0.00701907,FAIL
2426,,07:04.5,08:46.0,0 days 00:01:41.539172,3,96,96,,2,5,,,,,,,,,,,10,7,10,8,,,,,,,2,2,6,5,9,10,2,7,8,10,,,,,,,,,,,4,6,normal,mixed,mixed,,,4,10,,3,9,8,5,,0.006797633,FAIL
2427,,08:46.0,10:27.9,0 days 00:01:41.928805,3,96,96,,2,5,,,,,,,,,,,10,7,10,8,,,,,,,2,2,6,5,9,10,2,7,8,10,,,,,,,,,,,4,6,normal,mixed,mixed,,,4,10,,3,9,8,6,,0.008485628,FAIL
2428,,10:27.9,12:09.6,0 days 00:01:41.637496,3,96,96,,2,5,,,,,,,,,,,10,7,10,8,,,,,,,2,2,6,5,10,10,2,8,8,10,,,,,,,,,,,4,6,normal,mixed,mixed,,,4,10,,3,9,8,5,,0.006782183,FAIL
2429,,12:09.6,13:51.7,0 days 00:01:42.121922,3,96,96,,2,5,,,,,,,,,,,10,7,10,8,,,,,,,2,2,6,5,10,10,2,7,8,10,,,,,,,,,,,4,6,normal,mixed,mixed,,,4,10,,3,9,8,5,,0.002596845,FAIL
2430,,13:51.7,15:35.2,0 days 00:01:43.506074,3,96,96,,2,5,,,,,,,,,,,10,7,10,8,,,,,,,2,2,6,5,10,10,2,7,8,10,,,,,,,,,,,4,6,normal,mixed,mixed,,,4,10,,3,9,8,5,,0.006754596,FAIL
2431,,15:35.2,17:18.7,0 days 00:01:43.540660,3,96,96,,2,5,,,,,,,,,,,10,8,10,8,,,,,,,2,2,6,5,9,10,2,7,8,10,,,,,,,,,,,4,6,normal,mixed,mixed,,,4,10,,3,9,8,5,,0.006552344,FAIL
2432,,17:18.7,19:00.7,0 days 00:01:41.972951,3,96,96,,2,5,,,,,,,,,,,10,7,10,8,,,,,,,3,2,6,4,9,10,2,7,8,,,,,,,,,,,,4,6,normal,mixed,mixed,,,4,9,,3,9,8,5,,0.008029513,FAIL
2433,,19:00.7,20:43.6,0 days 00:01:42.903400,3,96,96,,2,5,,,,,,,,,,,10,7,10,7,,,,,,,2,2,6,5,10,9,2,7,8,10,,,,,,,,,,,4,6,normal,mixed,mixed,,,4,10,,3,9,8,5,,0.00891807,FAIL
2434,,20:43.6,22:26.9,0 days 00:01:43.298913,3,96,96,,2,5,,,,,,,,,,,10,7,10,8,,,,,,,2,2,6,5,10,10,2,7,8,10,,,,,,,,,,,4,6,normal,mixed,mixed,,,4,10,,3,9,8,5,,0.006629621,FAIL
2435,,22:26.9,24:09.5,0 days 00:01:42.603720,3,96,96,,2,5,,,,,,,,,,,10,7,10,8,,,,,,,2,2,6,5,10,10,2,7,8,10,,,,,,,,,,,4,6,normal,mixed,mixed,,,4,10,,3,9,8,5,,0.002724901,FAIL
2436,,24:09.5,25:51.4,0 days 00:01:41.898872,3,96,96,,2,5,,,,,,,,,,,10,7,10,8,,,,,,,2,2,6,5,10,10,2,7,8,10,,,,,,,,,,,4,6,normal,mixed,mixed,,,4,10,,3,9,8,5,,0.006614656,FAIL
2437,,25:51.4,27:33.3,0 days 00:01:41.902480,3,96,96,,2,5,,,,,,,,,,,10,7,10,8,,,,,,,2,2,6,5,10,10,2,7,8,9,,,,,,,,,,,4,6,normal,mixed,mixed,,,4,10,,3,9,8,5,,0.006734122,FAIL
2438,,27:33.3,29:18.2,0 days 00:01:44.822009,3,96,96,,2,5,,,,,,,,,,,10,7,10,8,5,,,,,,2,2,6,5,9,10,2,7,8,10,,,,,,,,,,,4,6,normal,mixed,mixed,,,5,10,,3,9,8,5,,0.006954965,FAIL
2439,,29:18.2,31:01.4,0 days 00:01:43.231668,3,96,96,,2,5,,,,,,,,,,,10,7,10,8,,,,,,,2,2,6,5,9,10,2,7,8,10,,,,,,,,,,,4,6,normal,mixed,mixed,,,4,10,,3,9,8,5,,0.002532107,FAIL
2440,,31:01.4,32:46.3,0 days 00:01:44.850702,3,96,96,,2,5,,,,,,,,,,,10,7,10,8,,,,,,,2,2,6,5,10,9,3,7,8,10,,,,,,,,,,,4,7,normal,mixed,mixed,,,4,10,,3,9,8,5,,0.006973014,FAIL
2441,,32:46.3,34:30.0,0 days 00:01:43.727177,3,96,96,,2,5,,,,,,,,,,,10,7,10,7,,,,,,,2,2,6,5,10,10,2,7,8,9,,,,,,,,,,,4,6,normal,mixed,mixed,,,4,10,,3,9,8,5,,0.00252741,FAIL
2442,,34:30.0,36:14.1,0 days 00:01:44.101985,3,96,96,,2,5,,,,,,,,,,,10,7,10,8,,,,,,,2,2,6,5,10,10,2,7,8,10,,,,,,,,,,,4,6,normal,mixed,mixed,,,4,10,,3,9,8,5,,0.008955124,FAIL
2443,,36:14.1,37:58.0,0 days 00:01:43.924070,3,96,96,,2,5,,,,,,,,,,,10,7,10,8,,,,,,,2,2,6,5,10,10,2,7,8,10,,,,,,,,,,,4,6,normal,mixed,mixed,,,4,10,,3,9,8,5,,0.00694343,FAIL
2444,,37:58.0,39:41.8,0 days 00:01:43.820397,3,96,96,,2,5,,,,,,,,,,,10,7,10,8,,,,,,,2,2,6,5,10,10,2,7,8,10,,,,,,,,,,,4,6,normal,mixed,mixed,,,4,10,,3,9,8,6,,0.006729875,FAIL
2445,,39:41.8,41:25.9,0 days 00:01:44.098395,3,96,96,,2,5,,,,,,,,,,,10,7,10,8,,,,,,,2,2,6,5,10,10,2,7,8,10,,,,,,,,,,,4,6,normal,mixed,mixed,,,4,10,,3,9,8,5,,0.00874145,FAIL
2446,,41:25.9,43:09.4,0 days 00:01:43.491598,3,96,96,,2,5,,,,,,,,,,,10,7,10,8,,,,,,,2,2,6,5,10,10,2,7,8,10,,,,,,,,,,,4,6,normal,mixed,mixed,,,4,10,,3,9,8,5,,0.008725442,FAIL
2447,,43:09.4,44:52.3,0 days 00:01:42.900684,3,96,96,,2,5,,,,,,,,,,,10,7,10,8,,,,,,,2,2,6,4,9,10,2,7,8,10,,,,,,,,,,,4,6,normal,mixed,mixed,,,4,10,,3,9,8,5,,0.00702895,FAIL
2448,,44:52.3,46:34.5,0 days 00:01:42.183827,3,96,96,,2,5,,,,,,,,,,,10,7,10,8,,,,,,,2,2,6,5,10,9,2,7,8,10,,,,,,,,,,,4,6,normal,mixed,mixed,,,4,10,,3,9,8,5,,0.006605475,FAIL
2449,,46:34.5,48:16.8,0 days 00:01:42.258258,3,96,96,,2,5,,,,,,,,,,,10,7,10,8,,,,,,,2,2,6,5,9,10,3,8,8,10,,,,,,,,,,,4,6,normal,mixed,mixed,,,4,10,,3,9,8,5,,0.00877783,FAIL
2450,,48:16.8,49:58.7,0 days 00:01:41.948346,3,96,96,,2,5,,,,,,,,,,,10,7,10,8,,,,,,,2,2,6,5,10,10,2,7,9,10,,,,,,,,,,,4,6,normal,mixed,mixed,,,4,10,,3,9,8,5,,0.00687692,FAIL
2451,,49:58.7,51:40.6,0 days 00:01:41.853274,3,96,96,,2,5,,,,,,,,,,,10,7,10,8,,,,,,,2,2,6,5,10,10,3,7,8,10,,,,,,,,,,,4,6,normal,mixed,mixed,,,4,10,,3,9,8,5,,0.002608777,FAIL
2452,,51:40.6,53:22.3,0 days 00:01:41.723117,3,96,96,,2,5,,,,,,,,,,,10,7,10,8,,,,,,,2,2,6,5,9,10,3,7,8,10,,,,,,,,,,,4,6,normal,mixed,mixed,,,4,10,,3,9,8,5,,0.006764534,FAIL
2453,,53:22.3,55:04.4,0 days 00:01:42.043953,3,96,96,,2,5,,,,,,,,,,,10,7,10,8,,,,,,,2,2,6,5,10,10,2,7,8,10,,,,,,,,,,,4,6,normal,mixed,mixed,,,4,10,,3,9,10,5,,0.006940244,FAIL
2454,,55:04.4,56:46.0,0 days 00:01:41.619444,3,96,96,,2,5,,,,,,,,,,,10,7,10,8,,,,,,,2,2,6,4,9,10,3,7,8,10,,,,,,,,,,,4,6,normal,mixed,mixed,,,4,10,,3,9,8,6,,0.002614362,FAIL
2455,,56:46.0,58:28.4,0 days 00:01:42.429768,3,96,96,,2,5,,,,,,,,,,,10,7,10,8,,,,,,,2,2,6,5,10,10,3,7,8,10,,,,,,,,,,,4,6,normal,mixed,mixed,,,4,10,,3,9,8,5,,0.002555066,FAIL
2456,,58:28.4,00:10.8,0 days 00:01:42.340512,3,96,96,,2,5,,,,,,,,,,,10,7,10,8,,,,,,,2,2,6,5,10,10,2,7,8,10,,,,,,,,,,,4,6,normal,mixed,mixed,,,4,10,,3,9,8,5,,0.002619264,FAIL
2457,,00:10.8,01:50.3,0 days 00:01:39.491353,3,96,96,,2,5,,,,,,,,,,,10,7,10,8,,,,,,,2,2,6,5,10,10,3,7,8,10,,,,,,,,,,,4,6,normal,mixed,mixed,,,4,10,,3,9,8,5,,0.00682226,FAIL
2458,,01:50.3,03:32.5,0 days 00:01:42.195520,3,96,96,,2,5,,,,,,,,,,,10,7,10,7,,,,,,,2,3,6,5,9,10,4,7,8,10,,,,,,,,,,,4,6,normal,mixed,mixed,,,4,10,,3,9,8,5,,0.0088882,FAIL
2459,,03:32.5,05:14.9,0 days 00:01:42.418330,3,16,96,,2,5,,,,,,,,,,,10,7,10,8,,,,,,,2,2,6,5,10,10,3,7,8,10,,,,,,,,,,,4,6,normal,mixed,mixed,,,4,10,,3,9,8,5,,0.006862342,FAIL
2460,,05:14.9,06:56.4,0 days 00:01:41.548866,3,96,96,,2,5,,,,,,,,,,,8,7,10,8,,,,,,,2,2,6,5,10,10,2,7,8,10,,,,,,,,,,,4,6,normal,mixed,mixed,,,4,10,,3,9,8,5,,0.008517557,FAIL
2461,,06:56.4,08:38.1,0 days 00:01:41.695386,3,96,96,,2,5,,,,,,,,,,,10,7,10,8,,,,,,,2,2,6,5,10,10,3,7,8,10,,,,,,,,,,,4,6,normal,mixed,mixed,,,4,10,,3,9,8,6,,0.008532659,FAIL
2462,,08:38.1,10:20.4,0 days 00:01:42.291509,3,96,96,,2,5,,,,,,,,,,,10,7,10,8,,,,,,,2,2,6,5,10,10,3,7,8,10,,,,,,,,,,,4,6,normal,mixed,mixed,,,4,10,,3,9,8,5,,0.00675785,FAIL
2463,,10:20.4,12:02.3,0 days 00:01:41.831290,3,96,96,,2,5,,,,,,,,,,,10,7,10,8,,,,,,,2,2,6,5,10,10,2,8,8,10,,,,,,,,,,,4,6,normal,mixed,mixed,,,4,10,,3,9,8,5,,0.002601708,FAIL
2464,,12:02.3,13:44.1,0 days 00:01:41.860398,3,96,96,,2,5,,,,,,,,,,,10,7,10,8,,,,,,,2,2,6,5,10,10,2,7,8,10,,,,,,,,,,,4,6,normal,mixed,mixed,,,4,10,,3,9,8,5,,0.00667845,FAIL
2465,,13:44.1,15:25.8,0 days 00:01:41.658101,3,96,96,,2,5,,,,,,,,,,,10,7,10,8,,,,,,,2,2,6,5,8,10,2,7,8,10,,,,,,,,,,,4,6,normal,mixed,mixed,,,4,10,,3,9,8,5,,0.002555376,FAIL
2466,,15:25.8,17:07.7,0 days 00:01:41.954870,3,96,96,,2,5,,,,,,,,,,,10,7,10,8,,,,,,,2,2,6,5,10,10,2,7,8,10,,,,,,,,,,,4,6,normal,mixed,mixed,,,4,10,,3,9,8,5,,0.002626599,FAIL
2467,,17:07.8,18:48.7,0 days 00:01:40.940834,3,96,96,,2,5,,,,,,,,,,,10,7,10,8,,,,,,,2,2,6,5,10,10,2,7,8,10,,,,,,,,,,,4,6,normal,mixed,mixed,,,4,10,,3,9,8,5,,0.004013683,FAIL
2468,,18:48.7,20:30.0,0 days 00:01:41.291699,3,96,96,,2,5,,,,,,,,,,,10,7,10,8,,,,,,,2,2,6,4,10,10,2,7,8,10,,,,,,,,,,,4,6,normal,mixed,mixed,,,4,10,,3,9,8,5,,0.008710011,FAIL
2469,,20:30.0,22:12.0,0 days 00:01:42.030516,3,96,96,,2,5,,,,,,,,,,,10,7,10,8,,,,,,,3,2,6,5,10,10,2,7,8,10,,,,,,,,,,,4,6,normal,mixed,mixed,,,4,10,,3,9,8,5,,0.006675193,FAIL
2470,,22:12.0,23:52.3,0 days 00:01:40.252685,3,96,96,,2,5,,,,,,,,,,,10,7,10,8,,,,,,,2,2,6,5,10,10,3,7,8,,,,,,,,,,,,4,6,normal,mixed,mixed,,,4,9,,3,9,8,5,,0.002558988,FAIL
2471,,23:52.3,25:33.7,0 days 00:01:41.424343,3,96,96,,2,5,,,,,,,,,,,10,7,10,8,,,,,,,2,2,6,5,10,10,2,7,8,10,,,,,,,,,,,4,6,normal,mixed,mixed,,,4,10,,3,9,8,5,,0.008642554,FAIL
2472,,25:33.7,27:15.6,0 days 00:01:41.867750,3,96,96,,2,5,,,,,,,,,,,10,7,10,8,,,,,,,2,2,6,5,10,10,2,7,8,10,,,,,,,,,,,4,6,normal,mixed,mixed,,,4,10,,3,9,8,5,,0.006556573,FAIL
2473,,27:15.6,28:57.1,0 days 00:01:41.565875,3,96,96,,2,5,,,,,,,,,,,10,7,10,8,,,,,,,2,2,6,5,10,9,2,7,8,10,,,,,,,,,,,4,6,normal,mixed,mixed,,,4,10,,3,9,8,5,,0.008599221,FAIL
2474,,28:57.1,30:38.5,0 days 00:01:41.399696,3,96,96,,2,5,,,,,,,,,,,10,7,10,8,,,,,,,2,2,6,5,10,10,2,7,8,10,,,,,,,,,,,4,6,normal,mixed,mixed,,,4,10,,3,9,8,5,,0.006819618,FAIL
2475,,30:38.6,32:19.5,0 days 00:01:40.997673,3,96,96,,2,5,,,,,,,,,,,10,7,10,8,,,,,,,2,2,6,5,10,10,2,7,8,10,,,,,,,,,,,4,6,normal,mixed,mixed,,,4,10,,3,9,8,5,,0.008620757,FAIL
2476,,32:19.6,34:01.1,0 days 00:01:41.510112,3,96,96,,2,5,,,,,,,,,,,10,7,10,7,,,,,,,3,2,6,4,10,10,2,7,8,10,,,,,,,,,,,4,6,normal,mixed,mixed,,,4,10,,3,9,8,5,,0.007022201,FAIL
2477,,34:01.1,35:42.5,0 days 00:01:41.398365,3,96,96,,2,5,,,,,,,,,,,10,7,10,8,,,,,,,2,2,6,5,10,10,2,7,8,10,,,,,,,,,,,4,6,normal,mixed,mixed,,,4,10,,3,9,8,5,,0.003024456,FAIL
2478,,35:42.5,37:24.2,0 days 00:01:41.734028,3,96,96,,2,5,,,,,,,,,,,10,7,10,8,,,,,,,2,2,6,5,10,10,2,7,8,10,,,,,,,,,,,4,6,normal,mixed,mixed,,,4,10,,3,9,8,5,,0.007082501,FAIL
2479,,37:24.2,39:05.9,0 days 00:01:41.675822,3,96,96,,2,5,,,,,,,,,,,10,7,10,8,,,,,,,2,2,5,5,10,10,2,7,8,10,,,,,,,,,,,4,6,normal,mixed,mixed,,,4,10,,3,9,8,5,,0.006844736,FAIL
2480,,39:05.9,40:47.7,0 days 00:01:41.865127,3,96,96,,2,5,,,,,,,,,,,10,7,10,8,,,,,,,2,2,6,5,10,10,2,7,8,10,,,,,,,,,,,4,6,normal,mixed,mixed,,,4,10,,3,9,8,5,,0.006650499,FAIL
2481,,40:47.8,42:29.3,0 days 00:01:41.593670,3,96,96,,2,5,,,,,,,,,,,10,7,10,8,,,,,,,2,2,6,5,10,10,2,7,8,10,,,,,,,,,,,4,6,normal,mixed,mixed,,,4,10,,3,9,8,5,,0.00260292,FAIL
2482,,42:29.3,44:10.6,0 days 00:01:41.204144,3,96,96,,2,5,,,,,,,,,,,10,7,10,8,,,,,,,2,2,6,5,10,10,2,7,8,10,,,,,,,,,,,4,6,normal,mixed,mixed,,,4,10,,3,9,8,5,,0.006804649,FAIL
2483,,44:10.6,45:52.4,0 days 00:01:41.804387,3,96,96,,2,5,,,,,,,,,,,10,7,10,8,,,,,,,2,2,6,5,9,10,3,7,8,10,,,,,,,,,,,4,6,normal,mixed,mixed,,,4,10,,3,9,8,5,,0.009151316,FAIL
2484,,45:52.4,47:33.5,0 days 00:01:41.150174,3,96,96,,2,5,,,,,,,,,,,10,7,10,8,,,,,,,2,2,6,5,9,9,2,7,9,10,,,,,,,,,,,4,6,normal,mixed,mixed,,,4,10,,3,9,8,5,,0.00686576,FAIL
2485,,47:33.5,49:15.2,0 days 00:01:41.687462,3,96,96,,2,5,,,,,,,,,,,10,7,10,8,,,,,,,2,2,6,5,10,10,2,7,8,10,,,,,,,,,,,4,6,normal,mixed,mixed,,,4,10,,3,9,8,5,,0.006767048,FAIL
2486,,49:15.2,50:56.5,0 days 00:01:41.295928,3,96,96,,2,5,,,,,,,,,,,10,7,10,8,,,,,,,2,2,6,5,10,10,2,7,8,10,,,,,,,,,,,4,6,normal,mixed,mixed,,,4,10,,3,9,8,5,,0.006798527,FAIL
2487,,50:56.5,52:37.7,0 days 00:01:41.171482,3,96,96,,2,5,,,,,,,,,,,10,7,10,8,,,,,,,2,2,6,5,10,10,2,7,8,10,,,,,,,,,,,4,6,normal,mixed,mixed,,,4,10,,3,9,8,5,,0.002900954,FAIL
2488,,52:37.7,54:19.6,0 days 00:01:41.911463,3,96,96,,2,5,,,,,,,,,,,10,7,10,8,,,,,,,2,2,6,5,9,10,3,7,8,10,,,,,,,,,,,4,6,normal,mixed,mixed,,,4,10,,3,9,8,5,,0.002574476,FAIL
2489,,54:19.6,56:01.4,0 days 00:01:41.820341,3,96,96,,2,5,,,,,,,,,,,10,7,10,8,,,,,,,2,2,6,5,10,10,3,7,8,10,,,,,,,,,,,4,6,normal,mixed,mixed,,,4,10,,3,9,8,5,,0.00869189,FAIL
2490,,56:01.4,57:41.9,0 days 00:01:40.446173,3,96,96,,2,5,,,,,,,,,,,10,7,10,8,,,,,,,2,2,6,5,10,10,2,7,8,,,,,,,,,,,,4,6,normal,mixed,mixed,,,4,9,,3,9,8,5,,0.006638726,FAIL
2491,,57:41.9,59:25.6,0 days 00:01:43.773139,3,96,96,,2,5,,,,,,,,,,,10,7,10,8,,,,,,,3,2,6,5,10,10,2,7,8,10,,,,,,,,,,,4,6,normal,mixed,mixed,,,4,10,,3,9,8,5,,0.008998335,FAIL
2492,,59:25.6,01:09.3,0 days 00:01:43.646276,3,96,96,,2,5,,,,,,,,,,,10,7,10,8,,,,,,,2,2,6,5,9,10,2,7,8,10,,,,,,,,,,,4,6,normal,mixed,mixed,,,4,10,,3,9,8,5,,0.002619878,FAIL
2493,,01:09.3,02:52.9,0 days 00:01:43.646658,3,96,96,,2,5,,,,,,,,,,,10,7,10,8,,,,,,,2,2,6,5,10,10,2,7,8,10,,,,,,,,,,,4,6,normal,mixed,mixed,,,4,10,,3,9,8,5,,0.006775464,FAIL
2494,,02:52.9,04:35.6,0 days 00:01:42.601912,3,96,96,,2,5,,,,,,,,,,,10,7,10,8,,,,,,,2,2,6,5,9,10,3,7,8,10,,,,,,,,,,,4,6,normal,mixed,mixed,,,4,10,,3,8,8,5,,0.008494712,FAIL
2495,,04:35.6,06:19.5,0 days 00:01:43.909516,3,96,96,,2,5,,,,,,,,,,,10,7,10,8,,,,,,,2,2,6,5,10,10,2,7,8,10,,,,,,,,,,,4,6,normal,mixed,mixed,,,4,10,,3,9,8,5,,0.007175793,FAIL
2496,,06:19.5,08:02.9,0 days 00:01:43.409947,3,96,96,,2,5,,,,,,,,,,,10,7,9,8,,,,,,,2,2,6,5,10,10,2,7,8,10,,,,,,,,,,,4,6,normal,mixed,mixed,,,4,10,,3,9,8,5,,0.009184211,FAIL
2497,,08:02.9,09:46.6,0 days 00:01:43.745592,3,96,96,,2,5,,,,,,,,,,,10,7,10,8,,,,,,,2,2,6,5,10,10,2,7,8,10,,,,,,,,,,,4,6,normal,mixed,mixed,,,4,10,,3,9,8,5,,0.008361333,FAIL
2498,,09:46.6,11:30.0,0 days 00:01:43.359963,3,96,96,,2,5,,,,,,,,,,,10,7,10,8,,,,,,,2,2,6,5,8,10,2,7,8,10,,,,,,,,,,,4,6,normal,mixed,mixed,,,4,10,,3,9,8,5,,0.00843802,FAIL
2499,,11:30.0,13:13.7,0 days 00:01:43.683675,3,96,96,,2,5,,,,,,,,,,,10,7,10,8,,,,,,,2,2,6,5,10,10,3,7,8,10,,,,,,,,,,,4,6,normal,mixed,mixed,,,4,10,,3,9,8,5,,0.008617545,FAIL
2500,,13:13.7,14:57.2,0 days 00:01:43.550792,3,96,96,,2,5,,,,,,,,,,,10,7,10,8,,,,,,,2,2,6,5,10,10,2,7,8,10,,,,,,,,,,,4,6,normal,mixed,mixed,,,4,10,,3,9,8,5,,0.00670937,FAIL
2501,,14:57.2,16:41.0,0 days 00:01:43.726033,3,96,96,,2,5,,,,,,,,,,,10,7,10,8,,,,,,,2,2,6,5,10,10,2,7,8,10,,,,,,,,,,,4,6,normal,mixed,mixed,,,4,10,,3,9,8,5,,0.008592013,FAIL
2502,,16:41.0,18:24.5,0 days 00:01:43.528168,3,96,96,,2,5,,,,,,,,,,,10,7,10,8,,,,,,,2,2,6,5,10,10,2,7,8,10,,,,,,,,,,,4,6,normal,mixed,mixed,,,4,10,,3,9,8,5,,0.007031114,FAIL
2503,,18:24.5,20:08.0,0 days 00:01:43.522278,3,96,96,,2,5,,,,,,,,,,,8,7,10,8,,,,,,,2,2,6,5,9,10,3,7,8,10,,,,,,,,,,,4,6,normal,mixed,mixed,,,4,10,,3,9,8,5,,0.009263755,FAIL
2504,,20:08.0,21:51.9,0 days 00:01:43.884739,3,96,96,,2,5,,,,,,,,,,,10,7,10,8,,,,,,,2,2,6,5,10,10,2,7,8,10,,,,,,,,,,,4,6,normal,mixed,mixed,,,4,10,,3,9,8,5,,0.008694243,FAIL
2505,,21:51.9,23:36.3,0 days 00:01:44.372523,3,96,96,,2,5,,,,,,,,,,,10,7,10,8,,,,,,,2,2,6,5,10,10,2,7,8,10,,,,,,,,,,,4,6,normal,mixed,mixed,,,4,10,,3,9,8,5,,0.006634086,FAIL
2506,,23:36.3,25:20.2,0 days 00:01:43.932963,3,96,96,,2,5,,,,,,,,,,,10,7,10,8,,,,,,,2,2,6,5,10,10,2,7,9,10,,,,,,,,,,,4,6,normal,mixed,mixed,,,4,10,,3,9,8,5,,0.006693307,FAIL
2507,,25:20.2,27:04.3,0 days 00:01:44.075597,3,96,96,,2,5,,,,,,,,,,,10,7,10,8,,,,,,,2,2,6,5,10,10,3,7,8,10,,,,,,,,,,,4,6,normal,mixed,mixed,,,4,10,,3,9,8,5,,0.008961556,FAIL
2508,,27:04.3,28:48.0,0 days 00:01:43.667895,3,96,96,,2,5,,,,,,,,,,,10,7,10,8,,,,,,,2,2,6,5,10,9,4,7,8,10,,,,,,,,,,,4,6,normal,mixed,mixed,,,4,10,,3,9,8,5,,0.007991903,FAIL
2509,,28:48.0,30:31.7,0 days 00:01:43.769070,3,96,96,,2,5,,,,,,,,,,,10,7,10,8,,,,,,,2,2,6,5,10,10,2,7,8,10,,,,,,,,,,,4,6,normal,mixed,mixed,,,4,10,,3,9,8,5,,0.00885729,FAIL
2510,,30:31.7,32:15.1,0 days 00:01:43.324569,3,96,96,,2,5,,,,,,,,,,,10,7,10,8,,,,,,,2,2,6,5,10,10,2,7,8,10,,,,,,,,,,,4,6,normal,mixed,mixed,,,4,10,,3,9,8,5,,0.002988574,FAIL
2511,,32:15.1,33:58.4,0 days 00:01:43.359243,3,96,96,,2,5,,,,,,,,,,,10,7,10,8,,,,,,,2,2,6,5,8,10,2,7,8,10,,,,,,,,,,,4,6,normal,mixed,mixed,,,4,10,,3,9,8,5,,0.006696992,FAIL
2512,,33:58.4,35:42.5,0 days 00:01:44.083811,3,96,96,,2,5,,,,,,,,,,,10,7,10,8,,,,,,,2,2,6,5,10,10,2,7,8,10,,,,,,,,,,,4,6,normal,mixed,mixed,,,4,10,,3,9,8,5,,0.002608942,FAIL
2513,,35:42.5,37:26.5,0 days 00:01:43.945563,3,96,96,,2,5,,,,,,,,,,,10,7,10,8,,,,,,,2,2,6,5,10,10,2,7,8,10,,,,,,,,,,,4,6,normal,mixed,mixed,,,4,10,,3,9,8,5,,0.00853269,FAIL
2514,,37:26.5,39:10.6,0 days 00:01:44.088049,3,96,96,,2,5,,,,,,,,,,,10,7,10,8,,,,,,,2,2,6,5,10,10,2,7,8,10,,,,,,,,,,,4,6,normal,mixed,mixed,,,4,10,,3,9,8,5,,0.009005306,FAIL
2515,,39:10.6,40:54.1,0 days 00:01:43.508569,3,96,96,,2,5,,,,,,,,,,,10,7,10,8,,,,,,,2,2,6,5,10,9,2,7,8,10,,,,,,,,,,,4,6,normal,mixed,mixed,,,4,10,,3,9,8,5,,0.008789108,FAIL
2516,,40:54.1,42:37.4,0 days 00:01:43.363883,3,96,96,,2,5,,,,,,,,,,,10,7,10,8,,,,,,,2,2,6,5,10,10,2,7,8,10,,,,,,,,,,,4,6,normal,mixed,mixed,,,4,10,,3,9,8,5,,0.002532923,FAIL
2517,,42:37.4,44:21.5,0 days 00:01:44.031239,3,96,96,,2,5,,,,,,,,,,,10,7,10,7,,,,,,,2,2,6,5,9,10,2,7,8,10,,,,,,,,,,,4,6,normal,mixed,mixed,,,4,10,,3,9,8,5,,0.006758514,FAIL
2518,,44:21.5,46:03.7,0 days 00:01:42.243655,3,96,96,,2,5,,,,,,,,,,,10,7,10,8,,,,,,,2,2,6,5,10,10,2,7,8,,,,,,,,,,,,4,6,normal,mixed,mixed,,,4,9,,3,9,8,5,,0.00664866,FAIL
2519,,46:03.7,47:48.6,0 days 00:01:44.899351,3,96,96,,2,5,,,,,,,,,,,10,7,10,8,4,,,,,,2,2,6,5,10,10,2,7,8,10,,,,,,,,,,,4,6,normal,mixed,mixed,,,5,10,,3,9,8,6,,0.006764202,FAIL
2520,,47:48.6,49:32.2,0 days 00:01:43.593288,3,96,96,,2,5,,,,,,,,,,,10,7,10,8,,,,,,,2,2,6,5,10,10,2,7,8,10,,,,,,,,,,,4,6,normal,mixed,mixed,,,4,10,,3,9,8,5,,0.006749302,FAIL
2521,,49:32.2,51:16.6,0 days 00:01:44.374342,3,96,96,,2,5,,,,,,,,,,,10,7,10,8,,,,,,,2,2,6,5,10,9,3,7,8,10,,,,,,,,,,,4,6,normal,mixed,mixed,,,4,10,,3,9,9,5,,0.008594348,FAIL
2522,,51:16.6,53:00.2,0 days 00:01:43.595952,3,96,96,,2,5,,,,,,,,,,,10,7,10,8,,,,,,,2,2,6,5,9,10,2,7,8,10,,,,,,,,,,,4,6,normal,mixed,mixed,,,4,10,,3,9,8,5,,0.006917173,FAIL
2523,,53:00.2,54:44.3,0 days 00:01:44.057367,3,96,96,,2,5,,,,,,,,,,,10,8,10,7,,,,,,,2,2,6,5,10,10,2,7,8,10,,,,,,,,,,,4,6,normal,mixed,mixed,,,4,10,,3,9,8,5,,0.008820137,FAIL
2524,,54:44.3,56:28.0,0 days 00:01:43.738073,3,96,96,,2,5,,,,,,,,,,,10,7,10,8,,,,,,,2,2,6,5,10,9,2,7,8,10,,,,,,,,,,,4,6,normal,mixed,mixed,,,4,10,,3,9,8,5,,0.008679257,FAIL
2525,,56:28.0,58:11.6,0 days 00:01:43.586822,3,96,96,,2,5,,,,,,,,,,,10,7,10,8,,,,,,,2,2,6,4,10,10,2,7,8,10,,,,,,,,,,,4,6,normal,mixed,mixed,,,4,10,,3,9,8,5,,0.002560872,FAIL
2526,,58:11.6,59:55.8,0 days 00:01:44.217637,3,96,96,,2,5,,,,,,,,,,,10,7,10,8,,,,,,,2,2,6,5,10,10,2,7,8,10,,,,,,,,,,,4,6,normal,mixed,mixed,,,4,10,,3,9,8,5,,0.00254687,FAIL
2527,,59:55.8,01:40.4,0 days 00:01:44.550372,3,96,96,,2,5,,,,,,,,,,,10,7,10,8,,,,,,,2,2,6,5,10,10,4,8,8,10,,,,,,,,,,,4,6,normal,mixed,mixed,,,4,10,,3,9,8,5,,0.006593728,FAIL
2528,,01:40.4,03:24.3,0 days 00:01:43.955893,3,96,96,,2,5,,,,,,,,,,,8,7,10,8,,,,,,,2,2,6,5,10,10,2,7,8,10,,,,,,,,,,,4,6,normal,mixed,mixed,,,4,10,,3,9,8,5,,0.002645305,FAIL
2529,,03:24.3,05:08.4,0 days 00:01:44.029634,3,96,96,,2,5,,,,,,,,,,,10,7,10,8,,,,,,,2,2,6,5,10,10,2,7,8,10,,,,,,,,,,,4,6,normal,mixed,mixed,,,4,10,,3,9,8,5,,0.00260657,FAIL
2530,,05:08.4,06:51.3,0 days 00:01:42.886230,3,96,96,,2,5,,,,,,,,,,,10,7,10,8,4,,,,,,3,2,6,5,9,10,2,7,8,,,,,,,,,,,,4,6,normal,mixed,mixed,,,5,9,,3,9,8,5,,0.006828621,FAIL
2531,,06:51.3,08:35.8,0 days 00:01:44.540232,3,96,96,,2,5,,,,,,,,,,,10,7,10,8,,,,,,,2,2,6,5,9,10,3,7,8,10,,,,,,,,,,,4,6,normal,mixed,mixed,,,4,10,,3,9,8,5,,0.00273515,FAIL
2532,,08:35.8,10:19.8,0 days 00:01:43.954047,3,96,96,,2,5,,,,,,,,,,,10,7,10,8,,,,,,,2,2,6,5,10,10,2,7,8,10,,,,,,,,,,,4,6,normal,mixed,mixed,,,4,10,,3,9,8,5,,0.008593586,FAIL
2533,,10:19.8,12:02.4,0 days 00:01:42.594726,3,96,96,,2,5,,,,,,,,,,,10,7,10,8,,,,,,,2,2,6,5,9,10,2,7,8,10,,,,,,,,,,,4,6,normal,mixed,mixed,,,4,10,,3,9,8,5,,0.008720873,FAIL
2534,,12:02.4,13:44.5,0 days 00:01:42.109877,3,96,96,,2,5,,,,,,,,,,,10,7,10,8,,,,,,,2,2,6,5,9,9,2,7,8,10,,,,,,,,,,,4,6,normal,mixed,mixed,,,4,10,,3,9,8,5,,0.006724569,FAIL
2535,,13:44.5,15:26.6,0 days 00:01:42.152354,3,96,96,,2,5,,,,,,,,,,,8,7,10,8,,,,,,,2,2,6,5,10,9,2,7,8,10,,,,,,,,,,,4,6,normal,mixed,mixed,,,4,10,,3,9,8,5,,0.002608504,FAIL
2536,,15:26.6,17:08.8,0 days 00:01:42.164572,3,96,96,,2,5,,,,,,,,,,,10,8,10,8,,,,,,,2,2,6,5,10,10,2,7,8,10,,,,,,,,,,,4,6,normal,mixed,mixed,,,4,10,,3,9,8,5,,0.008744511,FAIL
2537,,17:08.8,18:50.6,0 days 00:01:41.801147,3,96,96,,2,5,,,,,,,,,,,10,7,10,8,,,,,,,3,2,6,4,10,10,2,7,8,10,,,,,,,,,,,4,6,normal,mixed,mixed,,,4,10,,3,9,8,5,,0.008752065,FAIL
2538,,18:50.6,20:31.3,0 days 00:01:40.732206,3,96,96,,2,5,,,,,,,,,,,8,7,10,8,,,,,,,2,2,6,5,10,10,2,7,8,10,,,,,,,,,,,4,6,normal,mixed,mixed,,,4,10,,3,9,8,5,,0.0087816,FAIL
2539,,20:31.3,22:12.8,0 days 00:01:41.416681,3,96,96,,2,5,,,,,,,,,,,10,7,10,8,,,,,,,2,2,6,4,10,10,2,7,8,10,,,,,,,,,,,4,6,normal,mixed,mixed,,,4,10,,3,9,8,5,,0.002545516,FAIL
2540,,22:12.8,23:54.0,0 days 00:01:41.231362,3,96,96,,2,5,,,,,,,,,,,8,7,10,8,,,,,,,3,2,6,5,10,10,2,7,8,10,,,,,,,,,,,3,6,normal,mixed,mixed,,,4,10,,3,9,8,6,,0.008888621,FAIL
2541,,23:54.0,25:36.4,0 days 00:01:42.394746,3,96,96,,2,5,,,,,,,,,,,10,7,10,8,,,,,,,2,2,6,5,10,10,2,7,8,10,,,,,,,,,,,4,6,normal,mixed,mixed,,,4,10,,3,9,9,5,,0.008700272,FAIL
2542,,25:36.4,27:20.0,0 days 00:01:43.611522,3,96,96,,2,5,,,,,,,,,,,10,7,10,8,,,,,,,2,2,6,5,10,10,2,7,8,10,,,,,,,,,,,4,6,normal,mixed,mixed,,,4,10,,3,9,8,5,,0.006826766,FAIL
2543,,27:20.0,29:04.0,0 days 00:01:43.952884,3,96,96,,2,5,,,,,,,,,,,10,7,10,8,,,,,,,2,2,6,5,10,10,2,7,8,10,,,,,,,,,,,4,6,normal,mixed,mixed,,,4,10,,3,9,10,5,,0.006792858,FAIL
2544,,29:04.0,30:47.9,0 days 00:01:43.903196,3,96,96,,2,5,,,,,,,,,,,10,7,10,8,,,,,,,2,2,6,5,10,10,3,7,8,10,,,,,,,,,,,4,6,normal,mixed,mixed,,,4,10,,3,9,8,5,,0.002650653,FAIL
2545,,30:47.9,32:31.1,0 days 00:01:43.220575,3,96,96,,2,5,,,,,,,,,,,10,7,10,7,,,,,,,2,2,6,5,10,9,2,7,8,10,,,,,,,,,,,4,6,normal,mixed,mixed,,,4,10,,3,9,8,5,,0.0068079,FAIL
2546,,32:31.1,34:14.8,0 days 00:01:43.713005,3,96,96,,2,5,,,,,,,,,,,10,7,10,8,,,,,,,2,2,6,5,10,10,2,8,8,10,,,,,,,,,,,4,6,normal,mixed,mixed,,,4,10,,3,9,8,5,,0.006764817,FAIL
2547,,34:14.8,35:58.5,0 days 00:01:43.742327,3,96,96,,2,5,,,,,,,,,,,10,7,10,8,,,,,,,2,2,6,5,9,10,2,7,8,10,,,,,,,,,,,4,6,normal,mixed,mixed,,,4,10,,3,9,8,5,,0.006985884,FAIL
2548,,35:58.6,37:42.3,0 days 00:01:43.714682,3,96,96,,2,5,,,,,,,,,,,10,7,10,7,,,,,,,2,2,6,5,10,10,2,7,9,10,,,,,,,,,,,4,6,normal,mixed,mixed,,,4,10,,3,9,8,5,,0.008868543,FAIL
2549,,37:42.3,39:26.2,0 days 00:01:43.933940,3,96,96,,2,5,,,,,,,,,,,10,7,10,8,,,,,,,2,2,6,5,10,10,2,7,8,10,,,,,,,,,,,4,6,normal,mixed,mixed,,,4,10,,3,9,8,5,,0.002547137,FAIL
2550,,39:26.2,41:10.6,0 days 00:01:44.394107,3,96,96,,2,5,,,,,,,,,,,10,7,10,8,,,,,,,2,2,6,5,10,10,3,7,8,10,,,,,,,,,,,4,6,normal,mixed,mixed,,,4,10,,3,9,8,5,,0.008694119,FAIL
2551,,41:10.6,42:54.6,0 days 00:01:43.972705,3,96,96,,2,5,,,,,,,,,,,10,7,10,8,,,,,,,2,2,6,5,10,10,2,7,8,10,,,,,,,,,,,4,6,normal,mixed,mixed,,,4,10,,3,9,10,5,,0.009103707,FAIL
2552,,42:54.6,44:38.1,0 days 00:01:43.515788,3,96,96,,2,5,,,,,,,,,,,10,7,10,8,,,,,,,2,2,6,5,10,10,2,7,8,10,,,,,,,,,,,4,6,normal,mixed,mixed,,,4,10,,3,9,8,5,,0.002622251,FAIL
2553,,44:38.1,46:22.0,0 days 00:01:43.947594,3,96,96,,2,5,,,,,,,,,,,10,7,10,8,4,,,,,,2,2,6,4,10,10,2,7,8,10,,,,,,,,,,,4,6,normal,mixed,mixed,,,5,10,,3,9,8,5,,0.008718692,FAIL
2554,,46:22.1,48:05.6,0 days 00:01:43.512008,3,96,96,,2,5,,,,,,,,,,,8,7,10,8,,,,,,,2,2,6,5,10,10,2,7,8,10,,,,,,,,,,,4,6,normal,mixed,mixed,,,4,10,,3,9,8,5,,0.006801222,FAIL
2555,,48:05.6,49:48.8,0 days 00:01:43.280746,3,96,96,,2,5,,,,,,,,,,,10,7,10,8,,,,,,,2,2,6,5,9,8,2,7,8,10,,,,,,,,,,,4,6,normal,mixed,mixed,,,4,10,,3,9,8,5,,0.006731405,FAIL
2556,,49:48.8,51:32.4,0 days 00:01:43.552913,3,96,96,,2,5,,,,,,,,,,,8,7,10,8,,,,,,,2,2,6,5,10,10,2,7,8,10,,,,,,,,,,,4,6,normal,mixed,mixed,,,4,10,,3,9,8,5,,0.008804811,FAIL
2557,,51:32.4,53:16.5,0 days 00:01:44.064370,3,96,96,,2,5,,,,,,,,,,,10,7,10,8,,,,,,,2,2,6,5,10,10,2,7,8,10,,,,,,,,,,,4,6,normal,mixed,mixed,,,4,10,,3,9,8,5,,0.002605727,FAIL
2558,,53:16.5,54:59.7,0 days 00:01:43.221087,3,96,96,,2,5,,,,,,,,,,,10,7,10,8,,,,,,,2,2,6,5,10,10,2,7,8,10,,,,,,,,,,,4,6,normal,mixed,mixed,,,4,10,,3,9,8,5,,0.009066121,FAIL
2559,,54:59.7,56:42.7,0 days 00:01:43.039166,3,96,96,,2,5,,,,,,,,,,,10,7,10,8,,,,,,,2,2,6,4,10,9,2,7,8,10,,,,,,,,,,,4,6,normal,mixed,mixed,,,4,10,,3,9,8,5,,0.006834281,FAIL
2560,,56:42.7,58:26.7,0 days 00:01:43.924788,3,96,96,,2,5,,,,,,,,,,,10,7,10,8,,,,,,,2,2,6,5,10,10,3,7,8,10,,,,,,,,,,,4,6,normal,mixed,mixed,,,4,10,,3,9,10,5,,0.002689371,FAIL
2561,,58:26.7,00:10.3,0 days 00:01:43.657075,3,96,96,,2,5,,,,,,,,,,,10,7,10,8,,,,,,,2,2,6,5,10,10,2,7,8,10,,,,,,,,,,,4,6,normal,mixed,mixed,,,4,10,,3,9,8,5,,0.006699775,FAIL
2562,,00:10.3,01:53.9,0 days 00:01:43.618732,3,96,96,,2,5,,,,,,,,,,,10,7,10,8,,,,,,,3,2,6,5,10,8,2,7,8,10,,,,,,,,,,,4,6,normal,mixed,mixed,,,4,10,,3,9,8,5,,0.006752399,FAIL
2563,,01:54.0,03:37.3,0 days 00:01:43.351336,3,96,96,,2,5,,,,,,,,,,,10,7,10,8,,,,,,,2,2,6,5,10,10,2,7,8,10,,,,,,,,,,,4,6,normal,mixed,mixed,,,4,10,,3,9,8,5,,0.008581436,FAIL
2564,,03:37.3,05:21.8,0 days 00:01:44.495063,3,96,96,,2,5,,,,,,,,,,,10,7,10,8,,,,,,,2,2,6,5,10,10,2,7,8,10,,,,,,,,,,,4,6,normal,mixed,mixed,,,4,10,,3,9,8,5,,0.006623452,FAIL
2565,,05:21.8,07:05.2,0 days 00:01:43.397750,3,96,96,,2,5,,,,,,,,,,,10,7,10,8,,,,,,,2,2,6,5,9,10,2,7,8,10,,,,,,,,,,,4,6,normal,mixed,mixed,,,4,10,,3,9,8,5,,0.002708009,FAIL
2566,,07:05.2,08:49.2,0 days 00:01:43.946375,3,96,96,,2,5,,,,,,,,,,,10,7,10,8,,,,,,,2,2,6,5,10,10,2,7,8,10,,,,,,,,,,,4,6,normal,mixed,mixed,,,4,10,,3,9,8,5,,0.008837044,FAIL
2567,,08:49.2,10:32.9,0 days 00:01:43.745195,3,96,96,,2,5,,,,,,,,,,,10,7,10,8,,,,,,,2,2,6,5,10,10,2,7,8,10,,,,,,,,,,,4,6,normal,mixed,mixed,,,4,10,,3,9,8,5,,0.006765397,FAIL
2568,,10:32.9,12:17.0,0 days 00:01:44.110086,3,96,96,,2,5,,,,,,,,,,,10,7,10,8,,,,,,,2,2,6,5,9,10,2,7,8,10,,,,,,,,,,,4,6,normal,mixed,mixed,,,4,10,,3,9,8,5,,0.008995996,FAIL
2569,,12:17.0,14:00.6,0 days 00:01:43.604005,3,96,96,,2,5,,,,,,,,,,,10,7,10,8,,,,,,,2,2,6,4,10,10,2,7,8,10,,,,,,,,,,,4,6,normal,mixed,mixed,,,4,10,,3,9,8,5,,0.006820697,FAIL
2570,,14:00.6,15:44.7,0 days 00:01:44.055624,3,96,96,,2,5,,,,,,,,,,,10,7,10,8,,,,,,,2,2,6,5,10,10,2,7,8,10,,,,,,,,,,,4,6,normal,mixed,mixed,,,4,10,,3,9,8,5,,0.008905041,FAIL
2571,,15:44.7,17:28.2,0 days 00:01:43.470877,3,96,96,,2,5,,,,,,,,,,,10,7,10,8,,,,,,,2,2,6,5,9,10,2,7,8,10,,,,,,,,,,,4,6,normal,mixed,mixed,,,4,10,,3,9,8,5,,0.008588847,FAIL
2572,,17:28.2,19:11.5,0 days 00:01:43.371736,3,96,96,,2,5,,,,,,,,,,,10,7,10,8,,,,,,,2,2,6,4,10,10,2,7,8,10,,,,,,,,,,,4,6,normal,mixed,mixed,,,4,10,,3,9,8,5,,0.008985632,FAIL
2573,,19:11.5,20:52.8,0 days 00:01:41.251132,3,96,96,,2,5,,,,,,,,,,,10,7,10,8,,,,,,,2,2,6,5,10,10,2,7,8,10,,,,,,,,,,,4,6,normal,mixed,mixed,,,4,10,,3,9,8,5,,0.006745593,FAIL
2574,,20:52.8,22:34.4,0 days 00:01:41.566997,3,96,96,,2,5,,,,,,,,,,,8,7,10,8,,,,,,,2,2,6,5,10,10,2,7,8,10,,,,,,,,,,,4,6,normal,mixed,mixed,,,4,10,,3,9,8,5,,0.00912968,FAIL
2575,,22:34.4,24:15.7,0 days 00:01:41.366835,3,96,96,,2,5,,,,,,,,,,,8,7,10,8,,,,,,,2,2,6,5,10,10,2,7,8,10,,,,,,,,,,,4,6,normal,mixed,mixed,,,4,10,,3,9,8,5,,0.006626594,FAIL
2576,,24:15.7,25:56.9,0 days 00:01:41.187535,3,96,96,,2,5,,,,,,,,,,,10,7,10,8,,,,,,,2,2,6,5,10,10,2,7,8,10,,,,,,,,,,,4,6,normal,mixed,mixed,,,4,10,,3,9,8,5,,0.008631939,FAIL
2577,,25:56.9,27:38.8,0 days 00:01:41.905132,3,96,96,,2,5,,,,,,,,,,,10,7,10,8,,,,,,,2,2,6,5,10,10,3,7,8,10,,,,,,,,,,,4,6,normal,mixed,mixed,,,4,10,,3,9,8,5,,0.008807374,FAIL
2578,,27:38.8,29:20.3,0 days 00:01:41.482014,3,96,96,,2,5,,,,,,,,,,,8,7,10,8,,,,,,,2,2,6,5,10,9,2,7,8,10,,,,,,,,,,,4,6,normal,mixed,mixed,,,4,10,,3,9,8,6,,0.006864057,FAIL
2579,,29:20.3,31:01.6,0 days 00:01:41.261749,3,96,96,,2,5,,,,,,,,,,,8,7,10,8,,,,,,,2,2,6,5,10,10,2,7,8,10,,,,,,,,,,,3,6,normal,mixed,mixed,,,4,10,,3,9,8,5,,0.002577695,FAIL
2580,,31:01.6,32:43.0,0 days 00:01:41.418031,3,96,96,,2,5,,,,,,,,,,,10,7,10,8,,,,,,,2,2,6,5,9,9,2,7,8,10,,,,,,,,,,,4,6,normal,mixed,mixed,,,4,10,,3,9,8,5,,0.006670946,FAIL
2581,,32:43.0,34:25.8,0 days 00:01:42.799105,3,96,96,,2,5,,,,,,,,,,,10,7,10,8,,,,,,,3,2,6,5,10,10,3,7,8,10,,,,,,,,,,,4,6,normal,mixed,mixed,,,4,10,,3,9,8,5,,0.009028917,FAIL
2582,,34:25.8,36:07.7,0 days 00:01:41.928210,3,96,96,,2,5,,,,,,,,,,,10,7,10,8,,,,,,,2,2,6,5,10,10,2,7,8,10,,,,,,,,,,,4,6,normal,mixed,mixed,,,4,10,,3,9,8,5,,0.009157596,FAIL
2583,,36:07.7,37:48.2,0 days 00:01:40.475196,3,96,96,,2,5,,,,,,,,,,,10,7,10,8,,,,,,,2,2,6,5,10,10,3,7,8,,,,,,,,,,,,4,6,normal,mixed,mixed,,,4,9,,3,9,8,5,,0.006707801,FAIL
2584,,37:48.2,39:29.7,0 days 00:01:41.531543,3,96,96,,2,5,,,,,,,,,,,10,7,10,8,,,,,,,2,2,6,5,9,10,2,7,8,10,,,,,,,,,,,4,6,normal,mixed,mixed,,,4,10,,3,9,8,5,,0.002594961,FAIL
2585,,39:29.7,41:11.2,0 days 00:01:41.444781,3,96,96,,2,5,,,,,,,,,,,10,7,10,8,,,,,,,2,2,6,5,10,10,2,7,8,10,,,,,,,,,,,4,6,normal,mixed,mixed,,,4,10,,3,9,8,5,,0.007073286,FAIL
2586,,41:11.2,42:53.8,0 days 00:01:42.640236,3,96,96,,2,5,,,,,,,,,,,10,7,10,8,,,,,,,2,2,6,5,10,10,3,7,8,10,,,,,,,,,,,4,6,normal,mixed,mixed,,,4,10,,3,9,8,5,,0.008989704,FAIL
2587,,42:53.8,44:36.8,0 days 00:01:42.968710,3,96,96,,2,5,,,,,,,,,,,10,7,10,8,,,,,,,2,2,6,5,10,10,2,7,8,10,,,,,,,,,,,4,6,normal,mixed,mixed,,,4,10,,3,9,8,5,,0.00671829,FAIL
2588,,44:36.8,46:20.4,0 days 00:01:43.593807,3,96,96,,2,5,,,,,,,,,,,10,7,10,8,,,,,,,2,2,6,5,10,10,2,7,8,10,,,,,,,,,,,4,6,normal,mixed,mixed,,,4,10,,3,9,8,5,,0.002559719,FAIL
2589,,46:20.4,48:04.0,0 days 00:01:43.615340,3,96,96,,2,5,,,,,,,,,,,10,7,10,8,,,,,,,2,2,6,5,10,10,2,7,8,10,,,,,,,,,,,4,6,normal,mixed,mixed,,,4,10,,3,9,8,5,,0.00896319,FAIL
2590,,48:04.0,49:47.8,0 days 00:01:43.742442,3,96,96,,2,5,,,,,,,,,,,10,7,10,8,,,,,,,2,2,6,5,10,10,2,7,8,10,,,,,,,,,,,4,6,normal,mixed,mixed,,,4,10,,3,9,8,5,,0.006630821,FAIL
2591,,49:47.8,51:31.5,0 days 00:01:43.765924,3,96,96,,2,5,,,,,,,,,,,10,7,10,8,,,,,,,2,2,6,5,9,10,2,7,8,10,,,,,,,,,,,4,6,normal,mixed,mixed,,,4,10,,3,9,8,5,,0.008937795,FAIL
2592,,51:31.5,53:15.4,0 days 00:01:43.895974,3,96,96,,2,5,,,,,,,,,,,10,7,10,8,,,,,,,2,2,6,5,10,10,2,7,8,10,,,,,,,,,,,4,6,normal,mixed,mixed,,,4,10,,3,9,8,5,,0.006828824,FAIL
2593,,53:15.4,54:59.1,0 days 00:01:43.629875,3,96,96,,2,5,,,,,,,,,,,10,8,10,8,,,,,,,2,2,6,5,10,10,2,7,8,10,,,,,,,,,,,4,6,normal,mixed,mixed,,,4,10,,3,9,8,5,,0.006847811,FAIL
2594,,54:59.1,56:42.5,0 days 00:01:43.432566,3,96,96,,2,5,,,,,,,,,,,10,7,10,8,,,,,,,2,2,6,5,10,9,2,7,8,10,,,,,,,,,,,4,6,normal,mixed,mixed,,,4,10,,3,9,8,5,,0.002637652,FAIL
2595,,56:42.5,58:26.2,0 days 00:01:43.729344,3,96,96,,2,5,,,,,,,,,,,10,7,10,8,,,,,,,2,2,6,5,10,10,3,7,8,10,,,,,,,,,,,4,6,normal,mixed,mixed,,,4,10,,3,9,8,5,,0.008249443,FAIL
2596,,58:26.2,00:10.0,0 days 00:01:43.753162,3,96,96,,2,5,,,,,,,,,,,10,7,10,8,,,,,,,2,2,6,5,10,10,2,7,8,10,,,,,,,,,,,4,6,normal,mixed,mixed,,,4,10,,3,9,8,5,,0.006705238,FAIL
2597,,00:10.0,01:53.4,0 days 00:01:43.452434,3,96,96,,2,5,,,,,,,,,,,10,7,10,8,,,,,,,2,2,6,5,10,10,2,8,8,10,,,,,,,,,,,4,6,normal,mixed,mixed,,,4,10,,3,9,8,5,,0.006823129,FAIL
2598,,01:53.5,03:37.2,0 days 00:01:43.740078,3,96,96,,2,5,,,,,,,,,,,10,7,10,8,,,,,,,2,2,6,5,9,10,3,7,8,10,,,,,,,,,,,4,6,normal,mixed,mixed,,,4,10,,3,9,8,5,,0.008783755,FAIL
2599,,03:37.2,05:20.6,0 days 00:01:43.367236,3,96,96,,2,5,,,,,,,,,,,10,7,10,8,,,,,,,2,2,6,5,10,10,2,7,8,10,,,,,,,,,,,4,6,normal,mixed,mixed,,,4,10,,3,9,8,5,,0.008953657,FAIL
2600,,05:20.6,07:04.0,0 days 00:01:43.392666,3,96,96,,2,5,,,,,,,,,,,10,7,10,8,,,,,,,2,2,6,5,9,10,2,7,8,10,,,,,,,,,,,4,6,normal,mixed,mixed,,,4,10,,3,9,8,5,,0.009013148,FAIL
2601,,07:04.0,08:47.9,0 days 00:01:43.900299,3,96,96,,2,5,,,,,,,,,,,10,7,10,8,,,,,,,2,2,6,5,10,10,3,7,8,10,,,,,,,,,,,4,6,normal,mixed,mixed,,,4,10,,3,9,8,5,,0.008856791,FAIL
2602,,08:47.9,10:31.3,0 days 00:01:43.473351,3,96,96,,2,5,,,,,,,,,,,10,7,10,8,,,,,,,2,2,6,5,10,10,2,7,8,10,,,,,,,,,,,4,6,normal,mixed,mixed,,,4,10,,3,9,8,5,,0.002619355,FAIL
2603,,10:31.3,12:15.0,0 days 00:01:43.673475,3,96,96,,2,5,,,,,,,,,,,10,7,10,8,,,,,,,2,2,6,5,10,10,2,7,8,10,,,,,,,,,,,4,6,normal,mixed,mixed,,,4,10,,3,9,8,5,,0.008530283,FAIL
2604,,12:15.0,13:59.1,0 days 00:01:44.101996,3,96,96,,2,5,,,,,,,,,,,10,7,10,8,,,,,,,3,2,6,5,9,10,3,7,8,10,,,,,,,,,,,4,6,normal,mixed,mixed,,,4,10,,3,9,9,5,,0.006827472,FAIL
2605,,13:59.1,15:43.0,0 days 00:01:43.846692,3,96,96,,2,5,,,,,,,,,,,10,7,10,8,,,,,,,2,2,6,5,9,10,2,7,8,10,,,,,,,,,,,4,6,normal,mixed,mixed,,,4,10,,3,9,8,5,,0.00917601,FAIL
2606,,15:43.0,17:26.5,0 days 00:01:43.475793,3,96,96,,2,5,,,,,,,,,,,10,7,10,8,,,,,,,2,2,6,5,10,10,3,7,8,10,,,,,,,,,,,4,6,normal,mixed,mixed,,,4,10,,3,9,8,5,,0.006926259,FAIL
2607,,17:26.5,19:09.3,0 days 00:01:42.884441,3,96,96,,2,5,,,,,,,,,,,10,7,10,8,,,,,,,2,2,6,5,10,10,2,7,8,10,,,,,,,,,,,4,6,normal,mixed,mixed,,,4,10,,3,8,8,5,,0.002633208,FAIL
2608,,19:09.3,20:51.7,0 days 00:01:42.349144,3,96,96,,2,5,,,,,,,,,,,10,7,10,8,,,,,,,2,2,6,5,9,10,2,7,8,10,,,,,,,,,,,4,6,normal,mixed,mixed,,,4,10,,3,9,8,5,,0.007010499,FAIL
2609,,20:51.7,22:34.1,0 days 00:01:42.435039,3,96,96,,2,5,,,,,,,,,,,8,7,10,8,,,,,,,2,2,6,5,10,10,3,7,8,10,,,,,,,,,,,4,6,normal,mixed,mixed,,,4,10,,3,9,8,5,,0.002626301,FAIL
2610,,22:34.1,24:16.7,0 days 00:01:42.605722,3,96,96,,2,5,,,,,,,,,,,10,7,10,8,,,,,,,2,2,6,5,10,10,2,7,9,10,,,,,,,,,,,4,6,normal,mixed,mixed,,,4,10,,3,9,8,5,,0.008324486,FAIL
2611,,24:16.7,25:58.7,0 days 00:01:41.942483,3,96,96,,2,5,,,,,,,,,,,10,7,10,8,,,,,,,2,2,6,5,9,9,3,7,8,10,,,,,,,,,,,4,6,normal,mixed,mixed,,,4,10,,3,9,8,5,,0.006682009,FAIL
2612,,25:58.7,27:40.8,0 days 00:01:42.098980,3,96,96,,2,5,,,,,,,,,,,10,7,10,8,,,,,,,2,2,6,5,10,10,2,7,8,10,,,,,,,,,,,4,6,normal,mixed,mixed,,,4,10,,3,9,8,5,,0.002596657,FAIL
2613,,27:40.8,29:23.0,0 days 00:01:42.248748,3,96,96,,2,5,,,,,,,,,,,10,7,10,8,,,,,,,2,2,6,5,10,10,2,7,8,10,,,,,,,,,,,4,6,normal,mixed,mixed,,,4,10,,3,9,8,5,,0.006855514,FAIL
2614,,29:23.1,31:05.5,0 days 00:01:42.449257,3,96,96,,2,5,,,,,,,,,,,10,7,10,8,,,,,,,2,2,6,5,10,10,2,7,8,10,,,,,,,,,,,4,6,normal,mixed,mixed,,,4,10,,3,9,8,5,,0.006639275,FAIL
2615,,31:05.5,32:48.2,0 days 00:01:42.703826,3,96,96,,2,5,,,,,,,,,,,10,7,10,8,,,,,,,2,2,6,5,10,10,2,7,8,10,,,,,,,,,,,4,6,normal,mixed,mixed,,,4,10,,3,9,8,5,,0.002601188,FAIL
2616,,32:48.2,34:30.4,0 days 00:01:42.172763,3,96,96,,2,5,,,,,,,,,,,10,7,10,8,,,,,,,2,2,6,5,10,10,2,7,8,10,,,,,,,,,,,4,6,normal,mixed,mixed,,,4,10,,3,9,8,5,,0.006573989,FAIL
2617,,34:30.4,36:12.3,0 days 00:01:41.945666,3,96,96,,2,5,,,,,,,,,,,10,7,10,8,,,,,,,3,2,6,5,10,10,2,7,8,10,,,,,,,,,,,4,6,normal,mixed,mixed,,,4,10,,3,9,8,5,,0.006663316,FAIL
2618,,36:12.3,37:54.8,0 days 00:01:42.435314,3,96,96,,2,5,,,,,,,,,,,10,7,10,8,,,,,,,2,2,6,5,10,10,3,7,9,10,,,,,,,,,,,4,6,normal,mixed,mixed,,,4,10,,3,9,8,5,,0.008521784,FAIL
2619,,37:54.8,39:37.2,0 days 00:01:42.369738,3,96,96,,2,5,,,,,,,,,,,10,7,10,8,,,,,,,2,2,6,5,10,10,2,7,8,10,,,,,,,,,,,4,6,normal,mixed,mixed,,,4,10,,3,9,8,5,,0.006710771,FAIL
2620,,39:37.2,41:20.6,0 days 00:01:43.439000,3,96,96,,2,5,,,,,,,,,,,10,7,10,8,,,,,,,2,2,6,5,10,10,3,7,8,10,,,,,,,,,,,4,6,normal,mixed,mixed,,,4,10,,3,9,8,5,,0.008565024,FAIL
2621,,41:20.6,43:04.4,0 days 00:01:43.842681,3,96,96,,2,5,,,,,,,,,,,10,7,10,8,,,,,,,2,2,6,5,10,9,3,7,8,10,,,,,,,,,,,4,6,normal,mixed,mixed,,,4,10,,3,9,8,5,,0.009006083,FAIL
2622,,43:04.4,44:48.1,0 days 00:01:43.607179,3,96,96,,2,5,,,,,,,,,,,10,7,10,8,,,,,,,2,2,6,5,10,10,2,7,8,10,,,,,,,,,,,4,6,normal,mixed,mixed,,,4,10,,3,9,8,5,,0.008844452,FAIL
2623,,44:48.1,46:30.8,0 days 00:01:42.751652,3,96,96,,2,5,,,,,,,,,,,10,7,10,8,,,,,,,2,2,6,5,10,10,2,7,8,10,,,,,,,,,,,4,6,normal,mixed,mixed,,,4,10,,3,9,8,5,,0.00676306,FAIL
2624,,46:30.8,48:12.3,0 days 00:01:41.536944,3,96,96,,2,5,,,,,,,,,,,10,7,10,8,,,,,,,2,2,6,5,10,10,3,7,8,,,,,,,,,,,,4,6,normal,mixed,mixed,,,4,9,,3,9,8,5,,0.008251426,FAIL
2625,,48:12.4,49:56.1,0 days 00:01:43.704670,3,96,96,,2,5,,,,,,,,,,,10,7,10,8,,,,,,,2,2,6,5,10,10,2,7,8,10,,,,,,,,,,,4,6,normal,mixed,mixed,,,4,10,,3,9,8,5,,0.007030086,FAIL
2626,,49:56.1,51:39.7,0 days 00:01:43.641111,3,96,96,,2,5,,,,,,,,,,,10,7,10,8,,,,,,,2,2,6,5,9,10,2,7,9,10,,,,,,,,,,,4,6,normal,mixed,mixed,,,4,10,,3,9,8,5,,0.006740219,FAIL
2627,,51:39.7,53:23.0,0 days 00:01:43.324620,3,96,96,,2,5,,,,,,,,,,,10,7,10,8,,,,,,,2,2,6,5,8,10,2,7,8,10,,,,,,,,,,,4,6,normal,mixed,mixed,,,4,10,,3,9,8,5,,0.006705007,FAIL
2628,,53:23.0,55:07.4,0 days 00:01:44.387868,3,96,96,,2,5,,,,,,,,,,,10,7,10,8,,,,,,,2,2,6,5,10,10,2,7,8,10,,,,,,,,,,,4,6,normal,mixed,mixed,,,4,10,,3,9,8,5,,0.00856485,FAIL
2629,,55:07.4,56:50.3,0 days 00:01:42.843631,3,96,96,,2,5,,,,,,,,,,,10,7,10,8,,,,,,,3,2,6,5,10,10,2,7,8,,,,,,,,,,,,4,6,normal,mixed,mixed,,,4,9,,3,9,8,5,,0.008852775,FAIL
2630,,56:50.3,58:33.9,0 days 00:01:43.635634,3,16,96,,2,5,,,,,,,,,,,10,7,10,8,,,,,,,2,2,6,5,10,10,2,8,8,10,,,,,,,,,,,4,6,normal,mixed,mixed,,,4,10,,3,9,8,5,,0.008946197,FAIL
2631,,58:33.9,00:14.6,0 days 00:01:40.690979,3,96,96,,2,5,,,,,,,,,,,10,7,10,8,,,,,,,2,2,6,5,10,10,2,7,8,,,,,,,,,,,,4,6,normal,mixed,mixed,,,4,9,,3,9,8,5,,0.00259377,FAIL
2632,,00:14.6,01:56.3,0 days 00:01:41.693490,3,96,96,,2,5,,,,,,,,,,,10,7,10,8,,,,,,,2,2,6,5,10,10,2,7,8,10,,,,,,,,,,,4,6,normal,mixed,mixed,,,4,10,,3,9,8,5,,0.002672725,FAIL
2633,,01:56.3,03:38.0,0 days 00:01:41.675886,3,96,96,,2,5,,,,,,,,,,,10,7,10,8,,,,,,,2,2,6,5,10,10,2,7,8,10,,,,,,,,,,,4,6,normal,mixed,mixed,,,4,10,,3,9,8,5,,0.008651043,FAIL
2634,,03:38.0,05:19.8,0 days 00:01:41.847080,3,96,96,,2,5,,,,,,,,,,,10,7,10,8,,,,,,,2,2,6,5,9,10,2,7,8,10,,,,,,,,,,,4,6,normal,mixed,mixed,,,4,10,,3,9,10,5,,0.008644639,FAIL
2635,,05:19.8,07:03.1,0 days 00:01:43.259252,3,96,96,,2,5,,,,,,,,,,,10,7,10,8,,,,,,,3,2,6,5,10,9,2,7,8,10,,,,,,,,,,,4,6,normal,mixed,mixed,,,4,10,,3,9,8,5,,0.006766638,FAIL
2636,,07:03.1,08:46.6,0 days 00:01:43.477737,3,96,96,,2,5,,,,,,,,,,,10,7,10,7,,,,,,,2,2,6,5,10,10,2,7,8,10,,,,,,,,,,,4,6,normal,mixed,mixed,,,4,10,,3,9,8,5,,0.007160773,FAIL
2637,,08:46.6,10:29.3,0 days 00:01:42.699953,3,96,96,,2,5,,,,,,,,,,,10,7,10,8,,,,,,,2,2,6,5,10,10,2,8,8,10,,,,,,,,,,,4,6,normal,mixed,mixed,,,4,10,,3,9,8,5,,0.008599226,FAIL
2638,,10:29.3,12:12.1,0 days 00:01:42.786677,3,96,96,,2,5,,,,,,,,,,,10,7,10,8,,,,,,,2,2,6,5,9,10,2,7,8,10,,,,,,,,,,,4,6,normal,mixed,mixed,,,4,10,,3,9,8,5,,0.006729399,FAIL
2639,,12:12.1,13:55.3,0 days 00:01:43.194093,3,96,96,,2,5,,,,,,,,,,,10,7,10,8,,,,,,,2,2,6,5,9,10,2,7,8,10,,,,,,,,,,,4,6,normal,mixed,mixed,,,4,10,,3,9,8,5,,0.006749551,FAIL
2640,,13:55.3,15:38.4,0 days 00:01:43.141797,3,96,96,,2,5,,,,,,,,,,,10,7,10,8,,,,,,,2,2,6,5,10,10,3,7,8,10,,,,,,,,,,,4,6,normal,mixed,mixed,,,4,10,,3,9,8,5,,0.006689804,FAIL
2641,,15:38.4,17:22.7,0 days 00:01:44.253918,3,96,96,,2,5,,,,,,,,,,,10,7,10,8,,,,,,,2,2,6,5,10,10,2,7,8,10,,,,,,,,,,,4,6,normal,mixed,mixed,,,4,10,,3,9,8,5,,0.008895937,FAIL
2642,,17:22.7,19:06.8,0 days 00:01:44.143499,3,16,96,,2,5,,,,,,,,,,,10,7,10,8,,,,,,,2,2,6,5,10,10,2,7,8,10,,,,,,,,,,,4,6,normal,mixed,mixed,,,4,10,,3,9,8,5,,0.006593565,FAIL
2643,,19:06.8,20:51.5,0 days 00:01:44.640413,3,96,96,,2,5,,,,,,,,,,,8,7,10,8,,,,,,,3,2,6,5,10,10,2,7,8,10,,,,,,,,,,,4,6,normal,mixed,mixed,,,4,10,,3,9,8,5,,0.008291843,FAIL
2644,,20:51.5,22:36.1,0 days 00:01:44.675963,3,96,96,,2,5,,,,,,,,,,,10,7,10,8,,,,,,,2,2,6,5,10,10,2,7,8,10,,,,,,,,,,,4,6,normal,mixed,mixed,,,4,10,,3,9,8,5,,0.008887421,FAIL
2645,,22:36.1,24:20.5,0 days 00:01:44.314575,3,96,96,,2,5,,,,,,,,,,,10,7,10,8,,,,,,,2,2,6,4,10,10,3,7,8,10,,,,,,,,,,,4,6,normal,mixed,mixed,,,4,10,,3,9,8,5,,0.006781168,FAIL
2646,,24:20.5,26:04.9,0 days 00:01:44.399879,3,96,96,,2,5,,,,,,,,,,,10,7,10,7,,,,,,,2,2,6,5,10,10,2,7,8,10,,,,,,,,,,,4,6,normal,mixed,mixed,,,4,10,,3,9,8,5,,0.008835541,FAIL
2647,,26:04.9,27:49.0,0 days 00:01:44.096298,3,96,96,,2,5,,,,,,,,,,,10,7,10,8,,,,,,,2,2,6,4,9,10,2,7,8,10,,,,,,,,,,,4,6,normal,mixed,mixed,,,4,10,,3,9,8,5,,0.002585877,FAIL
2648,,27:49.0,29:31.9,0 days 00:01:42.899078,3,96,96,,2,5,,,,,,,,,,,10,7,10,8,,,,,,,2,2,6,5,9,10,4,7,8,,,,,,,,,,,,4,6,normal,mixed,mixed,,,4,9,,3,9,8,5,,0.008465455,FAIL
2649,,29:31.9,31:13.9,0 days 00:01:42.058954,3,96,96,,2,5,,,,,,,,,,,10,7,10,8,,,,,,,2,2,6,5,10,10,2,7,8,10,,,,,,,,,,,4,6,normal,mixed,mixed,,,4,10,,3,9,8,5,,0.006768364,FAIL
2650,,31:13.9,32:55.5,0 days 00:01:41.611064,3,96,96,,2,5,,,,,,,,,,,10,7,10,8,,,,,,,2,2,6,5,8,10,2,7,8,10,,,,,,,,,,,4,6,normal,mixed,mixed,,,4,10,,3,9,8,5,,0.008924038,FAIL
2651,,32:55.5,34:37.6,0 days 00:01:42.105038,3,96,96,,2,5,,,,,,,,,,,10,7,10,8,,,,,,,2,2,6,5,10,10,2,7,8,10,,,,,,,,,,,4,6,normal,mixed,mixed,,,4,10,,3,9,8,5,,0.00853907,FAIL
2652,,34:37.6,36:19.9,0 days 00:01:42.272751,3,96,96,,2,5,,,,,,,,,,,10,7,10,8,,,,,,,2,2,6,5,10,10,3,7,8,10,,,,,,,,,,,4,6,normal,mixed,mixed,,,4,10,,3,9,8,5,,0.006867974,FAIL
2653,,36:19.9,38:03.5,0 days 00:01:43.551923,3,96,96,,2,5,,,,,,,,,,,10,7,10,8,,,,,,,2,2,6,5,10,10,3,7,8,10,,,,,,,,,,,3,6,normal,mixed,mixed,,,4,10,,3,9,8,5,,0.006748633,FAIL
2654,,38:03.5,39:46.9,0 days 00:01:43.440071,3,96,96,,2,5,,,,,,,,,,,10,7,10,8,,,,,,,2,2,6,5,9,10,3,7,8,10,,,,,,,,,,,4,6,normal,mixed,mixed,,,4,10,,3,9,8,5,,0.006701513,FAIL
2655,,39:46.9,41:30.7,0 days 00:01:43.729807,3,96,96,,2,5,,,,,,,,,,,10,7,10,8,4,,,,,,2,2,6,5,10,10,2,7,8,10,,,,,,,,,,,4,6,normal,mixed,mixed,,,5,10,,3,9,8,5,,0.006695315,FAIL
2656,,41:30.7,43:13.5,0 days 00:01:42.864500,3,96,96,,2,5,,,,,,,,,,,10,7,10,8,,,,,,,2,2,6,5,10,10,2,7,8,10,,,,,,,,,,,4,6,normal,mixed,mixed,,,4,10,,3,9,8,5,,0.008959966,FAIL
2657,,43:13.5,44:55.1,0 days 00:01:41.532626,3,96,96,,2,5,,,,,,,,,,,10,7,10,8,,,,,,,2,2,6,5,10,10,2,7,8,10,,,,,,,,,,,4,6,normal,mixed,mixed,,,4,10,,3,9,8,5,,0.006781333,FAIL
2658,,44:55.1,46:36.2,0 days 00:01:41.153466,3,96,96,,2,5,,,,,,,,,,,10,7,10,8,,,,,,,2,2,6,5,9,10,2,7,8,10,,,,,,,,,,,4,6,normal,mixed,mixed,,,4,10,,3,9,8,5,,0.006935825,FAIL
2659,,46:36.2,48:19.1,0 days 00:01:42.868584,3,96,96,,2,5,,,,,,,,,,,10,8,10,8,,,,,,,2,2,6,5,10,10,2,7,8,10,,,,,,,,,,,4,6,normal,mixed,mixed,,,4,10,,3,9,8,5,,0.006575507,FAIL
2660,,48:19.1,50:02.6,0 days 00:01:43.527705,3,96,96,,2,5,,,,,,,,,,,10,7,10,8,,,,,,,2,2,6,5,10,10,2,7,8,10,,,,,,,,,,,4,6,normal,mixed,mixed,,,4,10,,3,9,8,5,,0.002647915,FAIL
2661,,50:02.6,51:46.1,0 days 00:01:43.512064,3,96,96,,2,5,,,,,,,,,,,10,7,10,8,,,,,,,2,2,6,5,9,10,2,8,8,9,,,,,,,,,,,4,6,normal,mixed,mixed,,,4,10,,3,9,8,5,,0.006781361,FAIL
2662,,51:46.1,53:27.1,0 days 00:01:40.982520,3,96,96,,2,5,,,,,,,,,,,10,7,10,7,,,,,,,2,2,6,5,10,10,2,7,8,10,,,,,,,,,,,4,6,normal,mixed,mixed,,,4,10,,3,9,8,5,,0.009250038,FAIL
2663,,53:27.1,55:09.0,0 days 00:01:41.928783,3,96,96,,2,5,,,,,,,,,,,10,7,10,8,,,,,,,2,2,6,4,10,10,2,7,8,10,,,,,,,,,,,4,6,normal,mixed,mixed,,,4,10,,3,9,8,5,,0.008531173,FAIL
2664,,55:09.1,56:50.6,0 days 00:01:41.573562,3,96,96,,2,5,,,,,,,,,,,10,7,10,8,,,,,,,2,2,6,5,9,10,2,7,8,10,,,,,,,,,,,4,6,normal,mixed,mixed,,,4,10,,3,9,8,5,,0.008531989,FAIL
2665,,56:50.6,58:32.3,0 days 00:01:41.705675,3,96,96,,2,5,,,,,,,,,,,8,7,10,8,,,,,,,2,2,6,5,10,10,3,7,8,10,,,,,,,,,,,4,6,normal,mixed,mixed,,,4,10,,3,9,8,5,,0.006791329,FAIL
2666,,58:32.3,00:15.9,0 days 00:01:43.526336,3,96,96,,2,5,,,,,,,,,,,10,7,10,8,,,,,,,2,2,6,5,10,10,2,7,8,10,,,,,,,,,,,4,6,normal,mixed,mixed,,,4,10,,3,9,8,5,,0.006666195,FAIL
2667,,00:15.9,01:59.8,0 days 00:01:43.951502,3,96,96,,2,5,,,,,,,,,,,10,7,10,8,,,,,,,2,2,6,5,9,10,3,7,8,10,,,,,,,,,,,4,6,normal,mixed,mixed,,,4,10,,3,9,8,5,,0.008897871,FAIL
2668,,01:59.8,03:43.4,0 days 00:01:43.556761,3,96,96,,2,5,,,,,,,,,,,10,7,10,8,,,,,,,2,2,6,5,10,10,3,7,8,10,,,,,,,,,,,4,6,normal,mixed,mixed,,,4,10,,3,9,8,5,,0.006808344,FAIL
2669,,03:43.4,05:26.8,0 days 00:01:43.456637,3,96,96,,2,5,,,,,,,,,,,10,7,10,8,,,,,,,2,2,6,4,10,10,2,7,8,10,,,,,,,,,,,4,6,normal,mixed,mixed,,,4,10,,3,9,8,5,,0.00290078,FAIL
2670,,05:26.8,07:10.3,0 days 00:01:43.504207,3,96,96,,2,5,,,,,,,,,,,10,7,10,8,,,,,,,2,2,6,5,10,10,2,7,8,10,,,,,,,,,,,4,6,normal,mixed,mixed,,,4,10,,3,9,8,5,,0.006639084,FAIL
2671,,07:10.4,08:53.9,0 days 00:01:43.558795,3,96,96,,2,5,,,,,,,,,,,8,7,10,8,,,,,,,2,2,6,5,10,10,2,7,8,10,,,,,,,,,,,4,6,normal,mixed,mixed,,,4,10,,3,9,8,5,,0.008500811,FAIL
2672,,08:53.9,10:37.3,0 days 00:01:43.361489,3,96,96,,2,5,,,,,,,,,,,10,7,10,8,,,,,,,2,2,6,5,10,10,2,7,8,10,,,,,,,,,,,4,6,normal,mixed,mixed,,,4,10,,3,9,8,6,,0.006634304,FAIL
2673,,10:37.3,12:20.4,0 days 00:01:43.165787,3,96,96,,2,5,,,,,,,,,,,10,7,10,8,,,,,,,2,2,6,4,10,10,2,7,8,10,,,,,,,,,,,4,6,normal,mixed,mixed,,,4,10,,3,9,8,5,,0.006830927,FAIL
2674,,12:20.5,14:04.2,0 days 00:01:43.792062,3,96,96,,2,5,,,,,,,,,,,10,7,10,8,,,,,,,2,2,6,5,10,10,3,7,8,10,,,,,,,,,,,4,6,normal,mixed,mixed,,,4,10,,3,9,8,5,,0.002627656,FAIL
2675,,14:04.2,15:47.8,0 days 00:01:43.523930,3,96,96,,2,5,,,,,,,,,,,10,7,10,8,,,,,,,2,2,6,5,9,10,2,7,8,10,,,,,,,,,,,4,6,normal,mixed,mixed,,,4,10,,3,9,8,5,,0.008428974,FAIL
2676,,15:47.8,17:30.8,0 days 00:01:42.980895,3,96,96,,2,5,,,,,,,,,,,10,7,10,8,,,,,,,2,2,6,5,9,10,2,7,8,10,,,,,,,,,,,4,6,normal,mixed,mixed,,,4,10,,3,9,8,5,,0.006899866,FAIL
2677,,17:30.8,19:14.3,0 days 00:01:43.505345,3,96,96,,2,5,,,,,,,,,,,10,7,10,8,,,,,,,2,2,6,5,10,10,3,7,8,10,,,,,,,,,,,4,6,normal,mixed,mixed,,,4,10,,3,9,8,5,,0.009063018,FAIL
2678,,19:14.3,20:57.4,0 days 00:01:43.111317,3,96,96,,2,5,,,,,,,,,,,10,7,10,8,,,,,,,2,2,6,5,9,10,2,7,8,10,,,,,,,,,,,4,6,normal,mixed,mixed,,,4,10,,3,9,8,5,,0.008850175,FAIL
2679,,20:57.4,22:39.1,0 days 00:01:41.665578,3,96,96,,2,5,,,,,,,,,,,10,7,10,8,,,,,,,2,2,6,5,9,10,2,7,9,10,,,,,,,,,,,4,6,normal,mixed,mixed,,,4,10,,3,9,8,5,,0.009122689,FAIL
2680,,22:39.1,24:21.0,0 days 00:01:41.990764,3,96,96,,2,5,,,,,,,,,,,10,7,10,8,,,,,,,2,2,6,5,10,10,2,7,8,10,,,,,,,,,,,4,6,normal,mixed,mixed,,,4,10,,3,9,8,5,,0.008647862,FAIL
2681,,24:21.0,26:02.7,0 days 00:01:41.698003,3,96,96,,2,5,,,,,,,,,,,10,7,10,8,,,,,,,2,2,6,5,10,10,2,7,8,10,,,,,,,,,,,4,6,normal,mixed,mixed,,,4,10,,3,9,8,5,,0.006800149,FAIL
2682,,26:02.7,27:44.1,0 days 00:01:41.327651,3,96,96,,2,5,,,,,,,,,,,10,7,10,8,,,,,,,3,2,6,5,10,9,2,7,8,10,,,,,,,,,,,4,6,normal,mixed,mixed,,,4,10,,3,9,8,5,,0.006904913,FAIL
2683,,27:44.1,29:25.5,0 days 00:01:41.447649,3,16,96,,2,5,,,,,,,,,,,10,7,10,8,,,,,,,2,2,6,5,10,10,2,7,8,10,,,,,,,,,,,4,6,normal,mixed,mixed,,,4,10,,3,9,8,5,,0.006649663,FAIL
2684,,29:25.5,31:07.6,0 days 00:01:42.047811,3,96,96,,2,5,,,,,,,,,,,10,8,10,8,,,,,,,2,2,6,5,10,10,3,7,8,10,,,,,,,,,,,4,6,normal,mixed,mixed,,,4,10,,3,9,8,5,,0.006700708,FAIL
2685,,31:07.6,32:48.7,0 days 00:01:41.152734,3,96,96,,2,5,,,,,,,,,,,10,7,10,8,,,,,,,2,2,6,5,10,10,2,7,8,10,,,,,,,,,,,4,6,normal,mixed,mixed,,,4,10,,3,9,8,5,,0.006691403,FAIL
2686,,32:48.7,34:29.2,0 days 00:01:40.489490,3,96,96,,2,5,,,,,,,,,,,10,7,10,8,,,,,,,2,2,6,5,10,10,2,7,8,,,,,,,,,,,,4,6,normal,mixed,mixed,,,4,9,,3,8,8,5,,0.00891575,FAIL
2687,,34:29.2,36:12.5,0 days 00:01:43.303931,3,96,96,,2,5,,,,,,,,,,,10,7,10,8,,,,,,,2,2,6,5,10,10,2,7,8,10,,,,,,,,,,,4,6,normal,mixed,mixed,,,4,10,,3,9,8,5,,0.006918084,FAIL
2688,,36:12.5,37:55.2,0 days 00:01:42.627451,3,96,96,,2,5,,,,,,,,,,,8,7,9,8,,,,,,,3,2,6,5,10,10,3,7,8,10,,,,,,,,,,,4,6,normal,mixed,mixed,,,4,10,,3,9,8,5,,0.008880033,FAIL
2689,,37:55.2,39:36.7,0 days 00:01:41.496160,3,96,96,,2,5,,,,,,,,,,,10,7,10,8,,,,,,,2,2,6,5,10,10,2,7,8,10,,,,,,,,,,,4,6,normal,mixed,mixed,,,4,10,,3,9,8,5,,0.006994156,FAIL
2690,,39:36.7,41:18.5,0 days 00:01:41.808454,3,96,96,,2,5,,,,,,,,,,,10,7,10,8,,,,,,,2,2,6,5,9,10,2,7,8,10,,,,,,,,,,,4,6,normal,mixed,mixed,,,4,10,,3,9,8,5,,0.006544345,FAIL
2691,,41:18.5,43:00.0,0 days 00:01:41.488320,3,96,96,,2,5,,,,,,,,,,,10,7,10,8,,,,,,,2,2,6,5,10,10,3,7,9,10,,,,,,,,,,,4,6,normal,mixed,mixed,,,4,10,,3,9,8,5,,0.002591971,FAIL
2692,,43:00.0,44:41.3,0 days 00:01:41.285885,3,96,96,,2,5,,,,,,,,,,,10,7,10,8,,,,,,,2,2,6,5,10,9,2,7,9,10,,,,,,,,,,,4,6,normal,mixed,mixed,,,4,10,,3,9,8,5,,0.006682024,FAIL
2693,,44:41.3,46:23.8,0 days 00:01:42.550423,3,96,96,,2,5,,,,,,,,,,,10,7,10,8,,,,,,,2,2,6,5,10,10,2,7,8,10,,,,,,,,,,,4,6,normal,mixed,mixed,,,4,10,,3,9,8,6,,0.008833041,FAIL
2694,,46:23.8,48:07.8,0 days 00:01:44.018635,3,96,96,,2,5,,,,,,,,,,,10,7,10,8,,,,,,,3,2,6,5,9,10,3,8,8,10,,,,,,,,,,,4,6,normal,mixed,mixed,,,4,10,,3,9,8,5,,0.007118012,FAIL
2695,,48:07.8,49:51.7,0 days 00:01:43.867342,3,96,96,,2,5,,,,,,,,,,,10,7,10,8,,,,,,,2,2,6,5,10,10,3,7,8,10,,,,,,,,,,,4,6,normal,mixed,mixed,,,4,10,,3,9,8,5,,0.006991462,FAIL
2696,,49:51.7,51:35.0,0 days 00:01:43.296403,3,96,96,,2,5,,,,,,,,,,,10,7,10,8,,,,,,,2,2,6,5,10,10,3,7,8,9,,,,,,,,,,,3,6,normal,mixed,mixed,,,4,10,,3,9,8,5,,0.006711015,FAIL
2697,,51:35.0,53:17.8,0 days 00:01:42.825481,3,96,96,,2,5,,,,,,,,,,,10,7,10,8,,,,,,,2,2,6,5,10,10,2,7,8,10,,,,,,,,,,,4,6,normal,mixed,mixed,,,4,10,,3,9,8,5,,0.002612001,FAIL
2698,,53:17.8,54:59.5,0 days 00:01:41.635386,3,96,96,,2,5,,,,,,,,,,,10,7,10,8,,,,,,,2,2,6,5,10,10,2,7,8,10,,,,,,,,,,,4,6,normal,mixed,mixed,,,4,10,,3,9,8,5,,0.008742582,FAIL
2699,,54:59.5,56:43.1,0 days 00:01:43.664643,3,96,96,,2,5,,,,,,,,,,,10,7,10,8,,,,,,,2,2,6,5,10,10,2,7,9,10,,,,,,,,,,,4,6,normal,mixed,mixed,,,4,10,,3,9,8,5,,0.006783615,FAIL
2700,,56:43.1,58:26.0,0 days 00:01:42.807799,3,96,96,,2,5,,,,,,,,,,,10,7,10,8,,,,,,,2,2,6,5,10,9,2,7,8,10,,,,,,,,,,,4,6,normal,mixed,mixed,,,4,10,,3,9,8,5,,0.009098867,FAIL
2701,,58:26.0,00:09.6,0 days 00:01:43.664716,3,96,96,,2,5,,,,,,,,,,,10,7,10,8,,,,,,,2,2,6,5,10,10,2,7,8,10,,,,,,,,,,,4,6,normal,mixed,mixed,,,4,10,,3,9,8,5,,0.002615144,FAIL
2702,,00:09.6,01:53.2,0 days 00:01:43.556657,3,96,96,,2,5,,,,,,,,,,,10,7,9,8,,,,,,,2,2,6,5,10,10,2,7,8,10,,,,,,,,,,,4,6,normal,mixed,mixed,,,4,10,,3,9,8,5,,0.00686861,FAIL
2703,,01:53.2,03:37.2,0 days 00:01:44.040236,3,96,96,,2,5,,,,,,,,,,,10,8,10,8,,,,,,,2,2,6,5,10,9,2,7,8,10,,,,,,,,,,,4,6,normal,mixed,mixed,,,4,10,,3,9,8,5,,0.006754987,FAIL
2704,,03:37.2,05:21.8,0 days 00:01:44.545008,3,96,96,,2,5,,,,,,,,,,,10,7,10,8,4,,,,,,2,2,6,5,10,10,3,8,8,10,,,,,,,,,,,4,6,normal,mixed,mixed,,,5,10,,3,9,8,6,,0.002637308,FAIL
2705,,05:21.8,07:05.1,0 days 00:01:43.283173,3,96,96,,2,5,,,,,,,,,,,10,7,10,8,,,,,,,2,2,6,5,10,10,2,7,8,10,,,,,,,,,,,4,6,normal,mixed,mixed,,,4,10,,3,9,8,5,,0.006995792,FAIL
2706,,07:05.1,08:48.8,0 days 00:01:43.696457,3,96,96,,2,5,,,,,,,,,,,10,7,10,8,,,,,,,2,2,6,5,10,10,3,7,8,10,,,,,,,,,,,4,6,normal,mixed,mixed,,,4,10,,3,9,8,5,,0.006610112,FAIL
2707,,08:48.8,10:32.1,0 days 00:01:43.289608,3,96,96,,2,5,,,,,,,,,,,10,7,10,8,,,,,,,2,2,5,5,10,10,2,7,8,10,,,,,,,,,,,4,6,normal,mixed,mixed,,,4,10,,3,9,8,5,,0.009207024,FAIL
2708,,10:32.1,12:15.7,0 days 00:01:43.667818,3,96,96,,2,5,,,,,,,,,,,10,7,10,8,,,,,,,2,2,6,5,10,10,2,7,8,10,,,,,,,,,,,4,6,normal,mixed,mixed,,,4,10,,3,9,8,5,,0.006758516,FAIL
2709,,12:15.7,13:59.1,0 days 00:01:43.370915,3,96,96,,2,5,,,,,,,,,,,10,7,10,8,,,,,,,2,2,6,4,10,10,2,7,8,10,,,,,,,,,,,4,6,normal,mixed,mixed,,,4,10,,3,9,8,5,,0.008809658,FAIL
2710,,13:59.1,15:42.6,0 days 00:01:43.509816,3,96,96,,2,5,,,,,,,,,,,10,7,10,8,,,,,,,2,2,6,5,10,10,2,7,8,10,,,,,,,,,,,4,6,normal,mixed,mixed,,,4,10,,3,9,8,5,,0.009024346,FAIL
2711,,15:42.6,17:25.9,0 days 00:01:43.249414,3,96,96,,2,5,,,,,,,,,,,10,7,10,8,,,,,,,2,2,6,5,10,10,2,7,8,10,,,,,,,,,,,4,6,normal,mixed,mixed,,,4,10,,3,9,8,5,,0.00833833,FAIL
2712,,17:25.9,19:09.6,0 days 00:01:43.726561,3,96,96,,2,5,,,,,,,,,,,10,7,10,8,,,,,,,2,2,6,5,10,10,2,7,8,10,,,,,,,,,,,4,6,normal,mixed,mixed,,,4,10,,3,9,8,5,,0.002654662,FAIL
2713,,19:09.6,20:53.5,0 days 00:01:43.911729,3,96,96,,2,5,,,,,,,,,,,10,7,10,7,,,,,,,2,2,6,5,10,10,2,7,8,10,,,,,,,,,,,4,6,normal,mixed,mixed,,,4,10,,3,9,8,5,,0.008894386,FAIL
2714,,20:53.5,22:36.9,0 days 00:01:43.347675,3,96,96,,2,5,,,,,,,,,,,10,7,10,8,,,,,,,2,2,6,5,10,10,2,7,8,10,,,,,,,,,,,4,6,normal,mixed,mixed,,,4,10,,3,9,8,5,,0.006877494,FAIL
2715,,22:36.9,24:20.5,0 days 00:01:43.648163,3,96,96,,2,5,,,,,,,,,,,10,7,10,8,,,,,,,2,2,6,5,9,10,2,7,8,10,,,,,,,,,,,4,6,normal,mixed,mixed,,,4,10,,3,9,8,5,,0.002658462,FAIL
2716,,24:20.5,26:04.8,0 days 00:01:44.253460,3,96,96,,2,5,,,,,,,,,,,10,7,10,8,,,,,,,2,2,6,5,10,10,3,7,8,10,,,,,,,,,,,4,6,normal,mixed,mixed,,,4,10,,3,9,8,5,,0.00675675,FAIL
2717,,26:04.8,27:48.5,0 days 00:01:43.710449,3,96,96,,2,5,,,,,,,,,,,10,7,10,8,,,,,,,2,2,6,5,10,10,2,7,8,10,,,,,,,,,,,4,6,normal,mixed,mixed,,,4,10,,3,9,8,5,,0.008697112,FAIL
2718,,27:48.5,29:31.8,0 days 00:01:43.289822,3,96,96,,2,5,,,,,,,,,,,10,7,10,8,,,,,,,2,2,6,5,9,10,2,7,8,10,,,,,,,,,,,4,6,normal,mixed,mixed,,,4,10,,3,9,10,5,,0.008596358,FAIL
2719,,29:31.8,31:15.6,0 days 00:01:43.778719,3,96,96,,2,5,,,,,,,,,,,10,7,10,8,,,,,,,2,2,6,5,9,10,2,7,8,10,,,,,,,,,,,4,6,normal,mixed,mixed,,,4,10,,3,9,8,5,,0.009002109,FAIL
2720,,31:15.6,32:59.6,0 days 00:01:44.051357,3,96,96,,2,5,,,,,,,,,,,10,7,10,8,,,,,,,2,2,6,5,10,10,3,7,8,10,,,,,,,,,,,4,6,normal,mixed,mixed,,,4,10,,3,9,8,5,,0.008780055,FAIL
2721,,32:59.6,34:43.4,0 days 00:01:43.769801,3,96,96,,2,5,,,,,,,,,,,10,7,10,8,,,,,,,2,2,6,5,9,10,3,7,8,10,,,,,,,,,,,4,6,normal,mixed,mixed,,,4,10,,3,9,8,5,,0.008892346,FAIL
2722,,34:43.4,36:27.1,0 days 00:01:43.748660,3,96,96,,2,5,,,,,,,,,,,10,7,10,8,,,,,,,2,2,6,5,10,10,2,7,8,10,,,,,,,,,,,4,6,normal,mixed,mixed,,,4,10,,3,9,8,5,,0.002539628,FAIL
2723,,36:27.1,38:09.7,0 days 00:01:42.585374,3,96,96,,2,5,,,,,,,,,,,10,7,10,8,,,,,,,2,2,6,5,10,10,2,7,8,10,,,,,,,,,,,4,6,normal,mixed,mixed,,,4,10,,3,9,8,5,,0.008650348,FAIL
2724,,38:09.7,39:51.4,0 days 00:01:41.637099,3,96,96,,2,5,,,,,,,,,,,10,7,10,8,,,,,,,2,2,6,5,10,10,2,7,8,10,,,,,,,,,,,4,6,normal,mixed,mixed,,,4,10,,3,9,8,5,,0.006696176,FAIL
2725,,39:51.4,41:33.3,0 days 00:01:41.935813,3,96,96,,2,5,,,,,,,,,,,10,7,10,8,,,,,,,2,2,6,5,9,10,2,7,8,10,,,,,,,,,,,4,6,normal,mixed,mixed,,,4,10,,3,9,8,5,,0.009162982,FAIL
2726,,41:33.3,43:16.2,0 days 00:01:42.912979,3,96,96,,2,5,,,,,,,,,,,10,7,10,8,,,,,,,2,2,6,5,10,9,2,7,8,10,,,,,,,,,,,4,6,normal,mixed,mixed,,,4,10,,3,9,8,5,,0.006730011,FAIL
2727,,43:16.2,44:59.7,0 days 00:01:43.470807,3,96,96,,2,5,,,,,,,,,,,8,7,10,8,,,,,,,2,2,6,5,10,10,2,7,8,10,,,,,,,,,,,4,6,normal,mixed,mixed,,,4,10,,3,9,8,5,,0.006686477,FAIL
2728,,44:59.7,46:43.4,0 days 00:01:43.729846,3,96,96,,2,5,,,,,,,,,,,10,7,10,8,,,,,,,3,2,6,5,10,10,2,7,8,10,,,,,,,,,,,4,6,normal,mixed,mixed,,,4,10,,3,9,8,5,,0.006603692,FAIL
2729,,46:43.4,48:27.6,0 days 00:01:44.156862,3,96,96,,2,5,,,,,,,,,,,10,7,10,8,,,,,,,2,2,6,5,10,10,2,7,8,10,,,,,,,,,,,4,6,normal,mixed,mixed,,,4,10,,3,9,8,5,,0.009071563,FAIL
2730,,48:27.6,50:11.2,0 days 00:01:43.582384,3,96,96,,2,5,,,,,,,,,,,10,7,10,8,,,,,,,2,2,6,5,10,10,2,7,8,10,,,,,,,,,,,4,6,normal,mixed,mixed,,,4,10,,3,9,8,5,,0.008445774,FAIL
2731,,50:11.2,51:54.9,0 days 00:01:43.702822,3,16,96,,2,5,,,,,,,,,,,10,7,10,8,,,,,,,2,2,6,5,10,10,2,7,8,10,,,,,,,,,,,4,6,normal,mixed,mixed,,,4,10,,3,9,8,6,,0.002619678,FAIL
2732,,51:54.9,53:38.3,0 days 00:01:43.366824,3,96,96,,2,5,,,,,,,,,,,10,7,10,8,,,,,,,2,2,6,5,10,10,2,7,8,10,,,,,,,,,,,4,6,normal,mixed,mixed,,,4,10,,3,9,8,5,,0.008647268,FAIL
2733,,53:38.3,55:21.8,0 days 00:01:43.568951,3,96,96,,2,5,,,,,,,,,,,10,7,10,8,,,,,,,2,2,6,5,10,9,2,7,8,10,,,,,,,,,,,4,6,normal,mixed,mixed,,,4,10,,3,9,8,5,,0.009157387,FAIL
2734,,55:21.8,57:05.5,0 days 00:01:43.684144,3,96,96,,2,5,,,,,,,,,,,10,7,10,8,,,,,,,2,2,6,5,10,10,3,7,8,10,,,,,,,,,,,4,6,normal,mixed,mixed,,,4,10,,3,9,8,5,,0.002594393,FAIL
2735,,57:05.5,58:49.0,0 days 00:01:43.531765,3,96,96,,2,5,,,,,,,,,,,10,7,10,8,,,,,,,2,2,6,5,10,10,2,7,8,10,,,,,,,,,,,4,6,normal,mixed,mixed,,,4,10,,3,9,8,5,,0.002608616,FAIL
2736,,58:49.0,00:32.9,0 days 00:01:43.836619,3,96,96,,2,5,,,,,,,,,,,10,7,10,7,4,,,,,,2,2,6,5,10,10,2,7,8,10,,,,,,,,,,,4,6,normal,mixed,mixed,,,5,10,,3,9,8,5,,0.006635772,FAIL
2737,,00:32.9,02:16.3,0 days 00:01:43.425203,3,96,96,,2,5,,,,,,,,,,,10,7,10,8,,,,,,,2,2,6,4,10,10,2,7,8,10,,,,,,,,,,,4,6,normal,mixed,mixed,,,4,10,,3,9,8,5,,0.008932724,FAIL
2738,,02:16.3,03:59.7,0 days 00:01:43.419072,3,96,96,,2,5,,,,,,,,,,,10,7,10,8,,,,,,,2,2,6,5,9,10,2,7,8,10,,,,,,,,,,,4,6,normal,mixed,mixed,,,4,10,,3,9,8,5,,0.009033969,FAIL
2739,,03:59.7,05:43.4,0 days 00:01:43.683516,3,96,96,,2,5,,,,,,,,,,,10,7,10,8,,,,,,,2,2,6,5,10,10,2,7,8,10,,,,,,,,,,,4,6,normal,mixed,mixed,,,4,10,,3,9,8,5,,0.006933937,FAIL
2740,,05:43.4,07:27.1,0 days 00:01:43.703642,3,96,96,,2,5,,,,,,,,,,,10,7,10,8,,,,,,,2,2,6,5,10,10,2,7,8,10,,,,,,,,,,,4,6,normal,mixed,mixed,,,4,10,,3,9,8,5,,0.008187935,FAIL
2741,,07:27.1,09:10.9,0 days 00:01:43.734142,3,96,96,,2,5,,,,,,,,,,,10,7,10,8,,,,,,,2,2,6,5,10,10,2,7,8,10,,,,,,,,,,,4,6,normal,mixed,mixed,,,4,10,,3,9,10,5,,0.008861344,FAIL
2742,,09:10.9,10:54.4,0 days 00:01:43.557472,3,96,96,,2,5,,,,,,,,,,,10,7,10,8,,,,,,,2,2,6,5,10,10,2,8,8,10,,,,,,,,,,,4,6,normal,mixed,mixed,,,4,10,,3,9,8,5,,0.00873304,FAIL
2743,,10:54.4,12:38.5,0 days 00:01:44.041380,3,96,96,,2,5,,,,,,,,,,,10,7,10,8,,,,,,,2,2,6,5,9,10,2,7,8,10,,,,,,,,,,,4,6,normal,mixed,mixed,,,4,10,,3,9,8,5,,0.002613062,FAIL
2744,,12:38.5,14:22.4,0 days 00:01:43.941115,3,96,96,,2,5,,,,,,,,,,,10,7,10,8,,,,,,,2,2,6,5,10,10,2,7,8,10,,,,,,,,,,,4,6,normal,mixed,mixed,,,4,10,,3,9,8,5,,0.002620932,FAIL
2745,,14:22.4,16:06.2,0 days 00:01:43.813051,3,96,96,,2,5,,,,,,,,,,,10,7,10,8,,,,,,,3,2,6,4,10,10,2,7,8,10,,,,,,,,,,,4,6,normal,mixed,mixed,,,4,10,,3,9,8,5,,0.008837507,FAIL
2746,,16:06.2,17:49.7,0 days 00:01:43.502679,3,96,96,,2,5,,,,,,,,,,,10,7,10,8,,,,,,,2,2,6,5,10,10,2,7,8,10,,,,,,,,,,,4,6,normal,mixed,mixed,,,4,10,,3,9,8,5,,0.008763161,FAIL
2747,,17:49.7,19:33.5,0 days 00:01:43.736428,3,96,96,,2,5,,,,,,,,,,,10,7,10,8,,,,,,,2,2,6,5,10,10,2,7,8,10,,,,,,,,,,,4,6,normal,mixed,mixed,,,4,10,,3,9,8,5,,0.002568778,FAIL
2748,,19:33.5,21:16.9,0 days 00:01:43.417419,3,96,96,,2,5,,,,,,,,,,,10,7,10,8,,,,,,,2,2,6,5,9,10,3,7,8,10,,,,,,,,,,,4,6,normal,mixed,mixed,,,4,10,,3,9,8,5,,0.002563681,FAIL
2749,,21:16.9,23:00.7,0 days 00:01:43.771994,3,96,96,,2,5,,,,,,,,,,,10,7,10,8,,,,,,,2,2,6,5,10,10,2,7,8,10,,,,,,,,,,,4,6,normal,mixed,mixed,,,4,10,,3,9,8,5,,0.00838098,FAIL
2750,,23:00.7,24:43.8,0 days 00:01:43.157165,3,96,96,,2,5,,,,,,,,,,,8,8,10,8,,,,,,,2,2,6,5,10,9,2,7,8,10,,,,,,,,,,,4,6,normal,mixed,mixed,,,4,10,,3,9,8,5,,0.006587593,FAIL
2751,,24:43.8,26:27.4,0 days 00:01:43.586693,3,96,96,,2,5,,,,,,,,,,,10,7,10,8,,,,,,,2,2,6,5,10,10,2,7,8,10,,,,,,,,,,,4,6,normal,mixed,mixed,,,4,10,,3,9,8,5,,0.008976989,FAIL
2752,,26:27.4,28:10.3,0 days 00:01:42.823417,3,96,96,,2,5,,,,,,,,,,,10,7,10,8,,,,,,,2,2,6,5,10,10,2,7,8,,,,,,,,,,,,4,6,normal,mixed,mixed,,,4,9,,3,9,8,5,,0.002574791,FAIL
2753,,28:10.3,29:53.5,0 days 00:01:43.194524,3,96,96,,2,5,,,,,,,,,,,10,7,10,8,,,,,,,2,2,6,5,10,9,2,7,8,10,,,,,,,,,,,4,6,normal,mixed,mixed,,,4,10,,3,9,8,5,,0.006932094,FAIL
2754,,29:53.5,31:37.3,0 days 00:01:43.811801,3,96,96,,2,5,,,,,,,,,,,10,8,10,8,,,,,,,2,2,6,5,10,10,2,7,8,10,,,,,,,,,,,4,6,normal,mixed,mixed,,,4,10,,3,9,8,5,,0.006577849,FAIL
2755,,31:37.3,33:20.8,0 days 00:01:43.520722,3,96,96,,2,5,,,,,,,,,,,10,7,10,8,,,,,,,2,2,6,5,10,9,3,7,8,10,,,,,,,,,,,4,6,normal,mixed,mixed,,,4,10,,3,9,8,5,,0.008968771,FAIL
2756,,33:20.8,35:04.4,0 days 00:01:43.627808,3,96,96,,2,5,,,,,,,,,,,10,7,10,8,,,,,,,2,2,6,5,10,10,2,7,8,10,,,,,,,,,,,4,6,normal,mixed,mixed,,,4,10,,3,9,8,5,,0.006763473,FAIL
2757,,35:04.4,36:47.8,0 days 00:01:43.392545,3,96,96,,2,5,,,,,,,,,,,10,7,10,8,,,,,,,2,2,6,4,10,10,2,7,8,10,,,,,,,,,,,4,6,normal,mixed,mixed,,,4,10,,3,9,8,6,,0.00910308,FAIL
2758,,36:47.8,38:30.0,0 days 00:01:42.164038,3,96,96,,2,5,,,,,,,,,,,8,7,10,8,,,,,,,2,2,6,5,10,10,2,7,8,,,,,,,,,,,,4,6,normal,mixed,mixed,,,4,9,,3,9,8,5,,0.006844816,FAIL
2759,,38:30.0,40:13.5,0 days 00:01:43.488872,3,96,96,,2,5,,,,,,,,,,,10,7,10,8,,,,,,,2,2,6,5,10,10,2,7,8,10,,,,,,,,,,,4,6,normal,mixed,mixed,,,4,10,,3,9,8,5,,0.00851814,FAIL
2760,,40:13.5,41:56.9,0 days 00:01:43.408984,3,96,96,,2,5,,,,,,,,,,,10,7,10,8,,,,,,,2,2,6,5,8,9,2,7,8,10,,,,,,,,,,,4,6,normal,mixed,mixed,,,4,10,,3,9,8,5,,0.006741611,FAIL
2761,,41:56.9,43:39.3,0 days 00:01:42.399624,3,96,96,,2,5,,,,,,,,,,,10,7,10,8,,,,,,,2,2,6,5,10,10,2,7,8,,,,,,,,,,,,4,6,normal,mixed,mixed,,,4,9,,3,9,8,5,,0.006868709,FAIL
2762,,43:39.3,45:23.7,0 days 00:01:44.411155,3,96,96,,2,5,,,,,,,,,,,10,7,10,8,,,,,,,2,2,6,5,10,10,3,7,8,10,,,,,,,,,,,4,6,normal,mixed,mixed,,,4,10,,3,9,8,5,,0.008767025,FAIL
2763,,45:23.7,47:07.0,0 days 00:01:43.262293,3,96,96,,2,5,,,,,,,,,,,10,7,9,8,,,,,,,2,2,6,5,8,10,2,7,8,10,,,,,,,,,,,4,6,normal,mixed,mixed,,,4,10,,3,9,8,5,,0.006805596,FAIL
2764,,47:07.0,48:50.5,0 days 00:01:43.491303,3,96,96,,2,5,,,,,,,,,,,10,7,10,8,,,,,,,2,2,6,5,10,10,2,7,8,10,,,,,,,,,,,4,6,normal,mixed,mixed,,,4,10,,3,9,8,5,,0.006712484,FAIL
2765,,48:50.5,50:32.4,0 days 00:01:41.901283,3,96,96,,2,5,,,,,,,,,,,8,7,10,8,,,,,,,2,2,5,5,10,10,3,7,8,10,,,,,,,,,,,4,6,normal,mixed,mixed,,,4,10,,3,9,8,5,,0.008960125,FAIL
2766,,50:32.4,52:14.4,0 days 00:01:42.037681,3,96,96,,2,5,,,,,,,,,,,10,7,10,8,,,,,,,2,2,6,5,10,10,3,7,8,10,,,,,,,,,,,4,6,normal,mixed,mixed,,,4,10,,3,9,8,5,,0.008864938,FAIL
2767,,52:14.4,53:54.9,0 days 00:01:40.485364,3,96,96,,2,5,,,,,,,,,,,10,7,10,8,,,,,,,2,2,6,5,10,10,2,7,8,,,,,,,,,,,,4,6,normal,mixed,mixed,,,4,9,,3,9,8,5,,0.008381342,FAIL
2768,,53:54.9,55:36.5,0 days 00:01:41.624220,3,96,96,,2,5,,,,,,,,,,,10,7,10,8,,,,,,,2,2,6,5,10,10,2,7,8,10,,,,,,,,,,,4,6,normal,mixed,mixed,,,4,10,,3,9,8,5,,0.00259302,FAIL
2769,,55:36.5,57:18.4,0 days 00:01:41.901178,3,96,96,,2,5,,,,,,,,,,,10,7,10,8,,,,,,,2,2,6,5,8,10,2,7,8,10,,,,,,,,,,,4,6,normal,mixed,mixed,,,4,10,,3,9,8,5,,0.002619732,FAIL
2770,,57:18.4,59:00.3,0 days 00:01:41.877747,3,96,96,,2,5,,,,,,,,,,,10,7,10,8,,,,,,,2,2,6,5,10,10,2,7,9,10,,,,,,,,,,,4,6,normal,mixed,mixed,,,4,10,,3,9,8,5,,0.008799195,FAIL
2771,,59:00.3,00:42.0,0 days 00:01:41.686193,3,96,96,,2,5,,,,,,,,,,,10,7,10,8,,,,,,,2,2,6,4,9,10,2,7,8,10,,,,,,,,,,,4,6,normal,mixed,mixed,,,4,10,,3,9,8,5,,0.00670298,FAIL
2772,,00:42.0,02:23.5,0 days 00:01:41.503690,3,96,96,,2,5,,,,,,,,,,,10,7,10,8,,,,,,,2,2,6,5,10,10,2,7,8,10,,,,,,,,,,,4,6,normal,mixed,mixed,,,4,10,,3,9,8,5,,0.006618516,FAIL
2773,,02:23.5,04:05.5,0 days 00:01:41.979876,3,96,96,,2,5,,,,,,,,,,,10,7,10,8,,,,,,,2,2,6,5,10,10,3,7,8,10,,,,,,,,,,,4,6,normal,mixed,mixed,,,4,10,,3,9,8,5,,0.0089182,FAIL
2774,,04:05.5,05:47.5,0 days 00:01:42.001359,3,96,96,,2,5,,,,,,,,,,,10,7,10,8,,,,,,,2,2,6,5,10,10,2,7,8,10,,,,,,,,,,,4,6,normal,mixed,mixed,,,4,10,,3,9,10,5,,0.006748055,FAIL
2775,,05:47.5,07:29.4,0 days 00:01:41.896534,3,96,96,,2,5,,,,,,,,,,,10,8,10,8,,,,,,,2,2,6,4,9,10,3,7,8,10,,,,,,,,,,,4,6,normal,mixed,mixed,,,4,10,,3,9,8,5,,0.006621318,FAIL
2776,,07:29.4,09:11.3,0 days 00:01:41.903433,3,96,96,,2,5,,,,,,,,,,,10,7,10,8,,,,,,,2,2,6,5,10,10,2,8,8,9,,,,,,,,,,,4,6,normal,mixed,mixed,,,4,10,,3,9,8,5,,0.006861496,FAIL
2777,,09:11.3,10:53.1,0 days 00:01:41.807918,3,96,96,,2,5,,,,,,,,,,,10,7,10,7,,,,,,,2,2,6,5,10,10,2,7,8,10,,,,,,,,,,,4,6,normal,mixed,mixed,,,4,10,,3,9,8,5,,0.006770784,FAIL
2778,,10:53.1,12:35.0,0 days 00:01:41.874981,3,96,96,,2,5,,,,,,,,,,,10,7,10,7,,,,,,,2,2,6,5,10,10,2,7,8,10,,,,,,,,,,,4,6,normal,mixed,mixed,,,4,10,,3,9,8,5,,0.008807543,FAIL
2779,,12:35.0,14:17.2,0 days 00:01:42.250730,3,96,96,,2,5,,,,,,,,,,,10,7,10,8,,,,,,,2,2,6,5,10,10,2,7,8,10,,,,,,,,,,,4,6,normal,mixed,mixed,,,4,10,,3,9,8,5,,0.008494165,FAIL
2780,,14:17.3,16:00.5,0 days 00:01:43.239311,3,96,96,,2,5,,,,,,,,,,,10,7,10,8,,,,,,,2,2,6,5,10,10,2,7,8,10,,,,,,,,,,,4,6,normal,mixed,mixed,,,4,10,,3,9,8,5,,0.006633201,FAIL
2781,,16:00.5,17:43.4,0 days 00:01:42.889515,3,96,96,,2,5,,,,,,,,,,,10,7,10,8,,,,,,,3,2,6,5,10,10,2,7,8,10,,,,,,,,,,,4,6,normal,mixed,mixed,,,4,10,,3,9,8,5,,0.006896508,FAIL
2782,,17:43.4,19:26.6,0 days 00:01:43.203978,3,96,96,,2,5,,,,,,,,,,,10,7,10,8,,,,,,,2,2,6,5,10,10,3,7,8,10,,,,,,,,,,,4,6,normal,mixed,mixed,,,4,10,,3,9,8,5,,0.006508602,FAIL
2783,,19:26.6,21:09.8,0 days 00:01:43.213678,3,96,96,,2,5,,,,,,,,,,,10,7,10,8,,,,,,,2,2,6,5,10,10,2,7,9,10,,,,,,,,,,,4,6,normal,mixed,mixed,,,4,10,,3,9,8,5,,0.006935765,FAIL
2784,,21:09.8,22:52.5,0 days 00:01:42.672770,3,96,96,,2,5,,,,,,,,,,,10,7,10,8,,,,,,,2,2,6,5,10,10,2,7,8,10,,,,,,,,,,,4,6,normal,mixed,mixed,,,4,10,,3,9,8,5,,0.00679011,FAIL
2785,,22:52.5,24:34.9,0 days 00:01:42.463815,3,96,96,,2,5,,,,,,,,,,,10,7,10,8,,,,,,,2,2,6,5,9,9,2,7,8,10,,,,,,,,,,,4,6,normal,mixed,mixed,,,4,10,,3,9,8,5,,0.008623815,FAIL
2786,,24:35.0,26:17.6,0 days 00:01:42.652561,3,96,96,,2,5,,,,,,,,,,,10,7,10,8,,,,,,,2,2,6,5,10,10,2,7,8,10,,,,,,,,,,,4,6,normal,mixed,mixed,,,4,10,,3,9,8,5,,0.006702427,FAIL
2787,,26:17.6,28:00.6,0 days 00:01:42.942415,3,96,96,,2,5,,,,,,,,,,,10,7,10,8,,,,,,,2,2,6,5,10,10,2,7,8,10,,,,,,,,,,,4,6,normal,mixed,mixed,,,4,10,,3,9,8,5,,0.008820199,FAIL
2788,,28:00.6,29:43.4,0 days 00:01:42.805149,3,96,96,,2,5,,,,,,,,,,,10,7,10,8,,,,,,,2,2,6,4,10,10,4,7,8,10,,,,,,,,,,,4,6,normal,mixed,mixed,,,4,10,,3,9,8,5,,0.002530931,FAIL
2789,,29:43.4,31:26.3,0 days 00:01:42.943445,3,96,96,,2,5,,,,,,,,,,,8,7,10,7,4,,,,,,2,2,6,5,10,10,2,7,8,10,,,,,,,,,,,4,6,normal,mixed,mixed,,,5,10,,3,9,8,5,,0.00260472,FAIL
2790,,31:26.3,33:09.8,0 days 00:01:43.469683,3,96,96,,2,5,,,,,,,,,,,10,7,10,8,,,,,,,2,2,6,5,10,10,2,7,8,10,,,,,,,,,,,4,6,normal,mixed,mixed,,,4,10,,3,9,8,5,,0.002595451,FAIL
2791,,33:09.8,34:53.3,0 days 00:01:43.537543,3,96,96,,2,5,,,,,,,,,,,10,7,10,8,,,,,,,2,2,6,5,10,10,2,7,8,10,,,,,,,,,,,4,6,normal,mixed,mixed,,,4,10,,3,9,8,5,,0.006813582,FAIL
2792,,34:53.3,36:36.2,0 days 00:01:42.851404,3,96,96,,2,5,,,,,,,,,,,8,7,10,8,,,,,,,2,2,6,5,10,10,2,7,8,10,,,,,,,,,,,4,6,normal,mixed,mixed,,,4,10,,3,9,8,5,,0.009238036,FAIL
2793,,36:36.2,38:16.5,0 days 00:01:40.322616,3,96,96,,2,5,,,,,,,,,,,10,7,10,8,,,,,,,2,2,6,5,10,10,2,7,8,,,,,,,,,,,,4,6,normal,mixed,mixed,,,4,9,,3,9,8,5,,0.006765486,FAIL
2794,,38:16.5,39:58.3,0 days 00:01:41.763723,3,96,96,,2,5,,,,,,,,,,,10,7,10,8,,,,,,,2,2,6,5,10,10,2,7,8,10,,,,,,,,,,,4,6,normal,mixed,mixed,,,4,10,,3,9,8,5,,0.006593419,FAIL
2795,,39:58.3,41:40.2,0 days 00:01:41.958183,3,96,96,,2,5,,,,,,,,,,,10,7,10,8,,,,,,,2,2,6,4,10,10,3,7,8,10,,,,,,,,,,,4,6,normal,mixed,mixed,,,4,10,,3,9,8,5,,0.006783242,FAIL
2796,,41:40.2,43:22.5,0 days 00:01:42.299482,3,96,96,,2,5,,,,,,,,,,,10,7,10,8,,,,,,,2,2,6,5,10,10,2,7,8,10,,,,,,,,,,,4,6,normal,mixed,mixed,,,4,10,,3,9,8,5,,0.006687129,FAIL
2797,,43:22.5,45:04.6,0 days 00:01:42.063925,3,96,96,,2,5,,,,,,,,,,,10,7,10,8,,,,,,,2,2,6,5,9,10,2,7,8,10,,,,,,,,,,,4,6,normal,mixed,mixed,,,4,10,,3,9,8,5,,0.002925734,FAIL
2798,,45:04.6,46:46.7,0 days 00:01:42.134849,3,96,96,,2,5,,,,,,,,,,,10,7,10,8,,,,,,,2,2,6,5,10,10,2,7,8,10,,,,,,,,,,,4,6,normal,mixed,mixed,,,4,10,,3,9,8,5,,0.006836961,FAIL
2799,,46:46.8,48:28.1,0 days 00:01:41.382416,3,16,96,,2,5,,,,,,,,,,,8,7,10,8,,,,,,,2,2,6,4,10,9,3,7,8,10,,,,,,,,,,,4,6,normal,mixed,mixed,,,4,10,,3,9,8,5,,0.00679042,FAIL
2800,,48:28.1,50:10.2,0 days 00:01:42.016454,3,96,96,,2,5,,,,,,,,,,,10,7,10,8,,,,,,,2,2,6,5,10,10,2,7,8,10,,,,,,,,,,,4,6,normal,mixed,mixed,,,4,10,,3,9,8,5,,0.006743369,FAIL
2801,,50:10.2,51:51.7,0 days 00:01:41.510699,3,96,96,,2,5,,,,,,,,,,,10,7,10,8,,,,,,,2,2,6,5,10,10,2,7,8,10,,,,,,,,,,,4,6,normal,mixed,mixed,,,4,10,,3,9,8,5,,0.00682008,FAIL
2802,,51:51.7,53:32.8,0 days 00:01:41.112480,3,96,96,,2,5,,,,,,,,,,,8,7,10,8,,,,,,,2,2,6,5,10,10,2,7,8,10,,,,,,,,,,,4,6,normal,mixed,mixed,,,4,10,,3,9,8,5,,0.00688074,FAIL
2803,,53:32.8,55:14.8,0 days 00:01:41.958157,3,96,96,,2,5,,,,,,,,,,,10,7,10,8,,,,,,,2,2,6,5,10,10,2,7,8,10,,,,,,,,,,,4,6,normal,mixed,mixed,,,4,10,,3,9,8,5,,0.006699834,FAIL
2804,,55:14.8,56:57.5,0 days 00:01:42.739778,3,96,96,,2,5,,,,,,,,,,,10,7,10,8,,,,,,,2,2,6,5,10,10,3,7,8,10,,,,,,,,,,,4,6,normal,mixed,mixed,,,4,10,,3,9,8,5,,0.002539935,FAIL
2805,,56:57.5,58:38.7,0 days 00:01:41.237850,3,96,96,,2,5,,,,,,,,,,,10,7,10,8,,,,,,,2,2,6,4,10,10,2,7,8,10,,,,,,,,,,,4,6,normal,mixed,mixed,,,4,10,,3,9,8,5,,0.006784604,FAIL
2806,,58:38.7,00:21.1,0 days 00:01:42.370777,3,96,96,,2,5,,,,,,,,,,,10,7,10,8,,,,,,,2,2,6,5,9,10,2,7,8,10,,,,,,,,,,,4,6,normal,mixed,mixed,,,4,10,,3,9,8,5,,0.008866818,FAIL
2807,,00:21.1,02:02.8,0 days 00:01:41.630806,3,96,96,,2,5,,,,,,,,,,,10,7,10,8,,,,,,,2,2,6,5,9,10,2,7,8,10,,,,,,,,,,,4,6,normal,mixed,mixed,,,4,10,,3,9,8,5,,0.006745432,FAIL
2808,,02:02.8,03:44.6,0 days 00:01:41.837622,3,96,96,,2,5,,,,,,,,,,,10,7,10,8,,,,,,,2,2,6,5,10,10,2,7,8,10,,,,,,,,,,,4,6,normal,mixed,mixed,,,4,10,,3,9,8,5,,0.002655912,FAIL
2809,,03:44.6,05:26.7,0 days 00:01:42.107298,3,96,96,,2,5,,,,,,,,,,,10,7,10,8,4,,,,,,2,2,6,5,10,10,2,7,8,10,,,,,,,,,,,4,6,normal,mixed,mixed,,,5,10,,3,9,8,5,,0.006701845,FAIL
2810,,05:26.7,07:08.7,0 days 00:01:41.991935,3,96,96,,2,5,,,,,,,,,,,10,7,10,8,,,,,,,2,2,6,5,9,10,3,7,8,10,,,,,,,,,,,4,6,normal,mixed,mixed,,,4,10,,3,9,8,5,,0.00674981,FAIL
2811,,07:08.7,08:49.2,0 days 00:01:40.530131,3,96,96,,2,5,,,,,,,,,,,10,7,10,8,,,,,,,2,2,6,4,10,10,2,7,8,,,,,,,,,,,,4,6,normal,mixed,mixed,,,4,9,,3,9,8,5,,0.008745871,FAIL
2812,,08:49.2,10:31.3,0 days 00:01:42.111335,3,96,96,,2,5,,,,,,,,,,,10,7,10,8,,,,,,,3,2,6,5,10,10,2,7,8,10,,,,,,,,,,,4,6,normal,mixed,mixed,,,4,10,,3,9,8,5,,0.006727876,FAIL
2813,,10:31.4,12:13.4,0 days 00:01:42.003180,3,96,96,,2,5,,,,,,,,,,,10,7,10,8,,,,,,,2,2,6,5,10,9,3,7,8,10,,,,,,,,,,,4,6,normal,mixed,mixed,,,4,10,,3,9,8,5,,0.006796496,FAIL
2814,,12:13.4,13:55.5,0 days 00:01:42.131878,3,96,96,,2,5,,,,,,,,,,,10,7,10,8,,,,,,,2,2,6,5,10,10,2,7,8,10,,,,,,,,,,,4,6,normal,mixed,mixed,,,4,10,,3,9,8,5,,0.008819445,FAIL
2815,,13:55.5,15:37.2,0 days 00:01:41.688247,3,96,96,,2,5,,,,,,,,,,,10,7,10,8,,,,,,,2,2,6,5,9,10,2,7,8,10,,,,,,,,,,,4,6,normal,mixed,mixed,,,4,10,,3,9,8,5,,0.006678584,FAIL
2816,,15:37.2,17:19.4,0 days 00:01:42.191192,3,96,96,,2,5,,,,,,,,,,,10,7,10,8,,,,,,,2,2,6,5,10,10,4,7,8,10,,,,,,,,,,,4,6,normal,mixed,mixed,,,4,10,,3,9,8,5,,0.009069805,FAIL
2817,,17:19.4,19:00.9,0 days 00:01:41.469377,3,96,96,,2,5,,,,,,,,,,,10,7,10,8,,,,,,,2,2,6,5,10,10,2,7,8,10,,,,,,,,,,,4,6,normal,mixed,mixed,,,4,10,,3,9,8,5,,0.008714499,FAIL
2818,,19:00.9,20:41.8,0 days 00:01:40.987052,3,96,96,,2,5,,,,,,,,,,,10,7,10,8,,,,,,,2,2,6,5,10,10,2,7,8,,,,,,,,,,,,4,6,normal,mixed,mixed,,,4,9,,3,9,8,5,,0.006702934,FAIL
2819,,20:41.8,22:24.1,0 days 00:01:42.273077,3,96,96,,2,5,,,,,,,,,,,10,7,10,8,,,,,,,2,2,6,5,10,10,2,7,8,10,,,,,,,,,,,4,6,normal,mixed,mixed,,,4,10,,3,9,8,5,,0.008606775,FAIL
2820,,22:24.1,24:06.6,0 days 00:01:42.447772,3,96,96,,2,5,,,,,,,,,,,10,7,10,8,,,,,,,2,2,6,5,10,10,3,7,8,10,,,,,,,,,,,4,6,normal,mixed,mixed,,,4,10,,3,9,8,5,,0.00675673,FAIL
2821,,24:06.6,25:48.0,0 days 00:01:41.467662,3,96,96,,2,5,,,,,,,,,,,10,7,10,8,,,,,,,2,2,6,5,10,10,2,7,8,10,,,,,,,,,,,4,6,normal,mixed,mixed,,,4,10,,3,9,8,5,,0.006764486,FAIL
2822,,25:48.0,27:29.7,0 days 00:01:41.657828,3,96,96,,2,5,,,,,,,,,,,10,7,10,8,,,,,,,2,2,6,5,10,10,2,7,8,10,,,,,,,,,,,4,6,normal,mixed,mixed,,,4,10,,3,9,8,5,,0.00882331,FAIL
2823,,27:29.7,29:10.9,0 days 00:01:41.179749,3,96,96,,2,5,,,,,,,,,,,10,7,10,8,,,,,,,2,2,6,4,10,10,2,7,8,10,,,,,,,,,,,4,6,normal,mixed,mixed,,,4,10,,3,9,8,5,,0.006623558,FAIL
2824,,29:10.9,30:52.5,0 days 00:01:41.618457,3,96,96,,2,5,,,,,,,,,,,10,7,10,8,,,,,,,3,2,6,5,10,10,2,8,8,10,,,,,,,,,,,4,6,normal,mixed,mixed,,,4,10,,3,9,8,5,,0.009039341,FAIL
2825,,30:52.5,32:34.5,0 days 00:01:41.962828,3,96,96,,2,5,,,,,,,,,,,10,7,10,8,,,,,,,2,2,6,5,10,10,2,7,8,10,,,,,,,,,,,4,6,normal,mixed,mixed,,,4,10,,3,9,8,5,,0.006862338,FAIL
2826,,32:34.5,34:16.1,0 days 00:01:41.574881,3,96,96,,2,5,,,,,,,,,,,10,7,10,8,,,,,,,2,2,6,5,10,10,2,7,8,10,,,,,,,,,,,4,6,normal,mixed,mixed,,,4,10,,3,9,8,5,,0.00694114,FAIL
2827,,34:16.1,35:58.0,0 days 00:01:41.957642,3,96,96,,2,5,,,,,,,,,,,10,8,10,8,,,,,,,2,2,6,5,10,10,2,7,8,10,,,,,,,,,,,4,6,normal,mixed,mixed,,,4,10,,3,9,8,5,,0.006877239,FAIL
2828,,35:58.0,37:41.3,0 days 00:01:43.315948,3,96,96,,2,5,,,,,,,,,,,10,7,10,8,,,,,,,2,2,6,4,10,10,2,7,8,10,,,,,,,,,,,4,6,normal,mixed,mixed,,,4,10,,3,9,8,5,,0.002526108,FAIL
2829,,37:41.3,39:25.4,0 days 00:01:44.072062,3,96,96,,2,5,,,,,,,,,,,10,7,10,8,,,,,,,2,2,6,5,10,10,2,7,8,10,,,,,,,,,,,4,6,normal,mixed,mixed,,,4,10,,3,9,8,5,,0.002630028,FAIL
2830,,39:25.4,41:09.2,0 days 00:01:43.737371,3,96,96,,2,5,,,,,,,,,,,10,7,10,7,,,,,,,2,2,6,5,10,10,3,7,8,10,,,,,,,,,,,4,6,normal,mixed,mixed,,,4,10,,3,8,8,5,,0.006864742,FAIL
2831,,41:09.2,42:52.9,0 days 00:01:43.789354,3,96,96,,2,5,,,,,,,,,,,10,7,10,8,,,,,,,2,2,6,5,10,10,3,7,8,10,,,,,,,,,,,4,6,normal,mixed,mixed,,,4,10,,3,9,8,5,,0.006736472,FAIL
2832,,42:53.0,44:36.7,0 days 00:01:43.762757,3,96,96,,2,5,,,,,,,,,,,10,7,10,8,,,,,,,2,2,6,5,10,10,2,7,8,10,,,,,,,,,,,4,6,normal,mixed,mixed,,,4,10,,3,9,8,5,,0.009011327,FAIL
2833,,44:36.7,46:20.4,0 days 00:01:43.652452,3,96,96,,2,5,,,,,,,,,,,10,7,10,8,,,,,,,2,2,6,5,10,10,2,7,8,10,,,,,,,,,,,4,6,normal,mixed,mixed,,,4,10,,3,9,8,5,,0.002611014,FAIL
2834,,46:20.4,48:04.6,0 days 00:01:44.244587,3,96,96,,2,5,,,,,,,,,,,10,7,10,8,,,,,,,3,2,6,4,10,10,2,7,8,10,,,,,,,,,,,4,6,normal,mixed,mixed,,,4,10,,3,9,10,5,,0.006799311,FAIL
2835,,48:04.6,49:48.4,0 days 00:01:43.767592,3,96,96,,2,5,,,,,,,,,,,10,7,10,8,,,,,,,2,2,6,5,10,10,3,7,8,10,,,,,,,,,,,4,6,normal,mixed,mixed,,,4,10,,3,9,8,5,,0.00823585,FAIL
2836,,49:48.4,51:32.2,0 days 00:01:43.759356,3,96,96,,2,5,,,,,,,,,,,10,7,10,8,,,,,,,2,2,6,5,10,10,3,7,8,10,,,,,,,,,,,4,6,normal,mixed,mixed,,,4,10,,3,9,8,5,,0.008416349,FAIL
2837,,51:32.2,53:16.2,0 days 00:01:44.013838,3,96,96,,2,5,,,,,,,,,,,10,7,10,8,,,,,,,2,2,6,5,10,10,2,7,8,10,,,,,,,,,,,4,6,normal,mixed,mixed,,,4,10,,3,9,8,5,,0.006596947,FAIL
2838,,53:16.2,55:00.3,0 days 00:01:44.119614,3,96,96,,2,5,,,,,,,,,,,10,7,10,8,,,,,,,2,2,6,5,10,9,3,8,9,10,,,,,,,,,,,4,6,normal,mixed,mixed,,,4,10,,3,9,8,5,,0.008238188,FAIL
2839,,55:00.3,56:43.7,0 days 00:01:43.424138,3,96,96,,2,5,,,,,,,,,,,10,7,10,8,,,,,,,2,2,6,5,10,10,2,7,8,10,,,,,,,,,,,4,6,normal,mixed,mixed,,,4,10,,3,9,8,5,,0.00900519,FAIL
2840,,56:43.7,58:27.6,0 days 00:01:43.852791,3,96,96,,2,5,,,,,,,,,,,10,7,10,8,,,,,,,2,2,6,5,9,10,2,7,8,10,,,,,,,,,,,4,6,normal,mixed,mixed,,,4,10,,3,9,8,5,,0.006725464,FAIL
2841,,58:27.6,00:11.7,0 days 00:01:44.121020,3,96,96,,2,5,,,,,,,,,,,10,7,10,8,,,,,,,2,2,6,5,10,10,2,7,8,10,,,,,,,,,,,4,6,normal,mixed,mixed,,,4,10,,3,8,8,5,,0.008901556,FAIL
2842,,00:11.7,01:55.4,0 days 00:01:43.685609,3,96,96,,2,5,,,,,,,,,,,10,7,10,8,,,,,,,2,2,6,5,10,10,2,7,8,10,,,,,,,,,,,4,6,normal,mixed,mixed,,,4,10,,3,9,8,5,,0.00669889,FAIL
2843,,01:55.4,03:39.0,0 days 00:01:43.638140,3,16,96,,2,5,,,,,,,,,,,10,7,10,8,,,,,,,2,2,6,5,10,10,3,7,8,10,,,,,,,,,,,4,6,normal,mixed,mixed,,,4,10,,3,9,8,5,,0.00893436,FAIL
2844,,03:39.0,05:22.7,0 days 00:01:43.624638,3,96,96,,2,5,,,,,,,,,,,10,7,10,8,,,,,,,2,2,6,5,10,10,2,7,8,10,,,,,,,,,,,4,6,normal,mixed,mixed,,,4,10,,3,9,8,5,,0.009041794,FAIL
2845,,05:22.7,07:05.7,0 days 00:01:43.057282,3,96,96,,2,5,,,,,,,,,,,10,7,10,8,,,,,,,2,2,6,5,9,10,2,7,8,10,,,,,,,,,,,4,6,normal,mixed,mixed,,,4,10,,3,9,8,5,,0.008485822,FAIL
2846,,07:05.7,08:47.6,0 days 00:01:41.916562,3,96,96,,2,5,,,,,,,,,,,10,7,10,8,,,,,,,2,2,6,5,10,10,2,7,8,10,,,,,,,,,,,4,6,normal,mixed,mixed,,,4,10,,3,9,8,6,,0.00683561,FAIL
2847,,08:47.6,10:29.7,0 days 00:01:42.033043,3,96,96,,2,5,,,,,,,,,,,10,7,10,8,,,,,,,2,2,6,5,10,9,3,7,8,10,,,,,,,,,,,4,6,normal,mixed,mixed,,,4,10,,3,9,8,5,,0.002793917,FAIL
2848,,10:29.7,12:13.7,0 days 00:01:43.999220,3,96,96,,2,5,,,,,,,,,,,8,7,10,8,,,,,,,2,3,6,5,10,10,2,7,8,10,,,,,,,,,,,4,6,normal,mixed,mixed,,,4,10,,3,9,8,5,,0.006795642,FAIL
2849,,12:13.7,13:57.5,0 days 00:01:43.862918,3,96,96,,2,5,,,,,,,,,,,10,7,10,8,,,,,,,2,2,6,5,9,10,2,7,8,10,,,,,,,,,,,4,6,normal,mixed,mixed,,,4,10,,3,9,8,5,,0.008346545,FAIL
2850,,13:57.6,15:40.8,0 days 00:01:43.289653,3,96,96,,2,5,,,,,,,,,,,10,7,10,8,,,,,,,2,2,6,5,8,10,2,7,8,10,,,,,,,,,,,4,6,normal,mixed,mixed,,,4,10,,3,9,8,5,,0.008815084,FAIL
2851,,15:40.8,17:25.1,0 days 00:01:44.267946,3,96,96,,2,5,,,,,,,,,,,10,7,10,8,,,,,,,2,2,6,5,10,10,2,7,9,10,,,,,,,,,,,4,6,normal,mixed,mixed,,,4,10,,3,9,8,5,,0.006789317,FAIL
2852,,17:25.1,19:09.3,0 days 00:01:44.211974,3,96,96,,2,5,,,,,,,,,,,10,7,10,8,,,,,,,2,2,6,5,10,10,2,7,8,10,,,,,,,,,,,4,6,normal,mixed,mixed,,,4,10,,3,9,8,5,,0.008295364,FAIL
2853,,19:09.3,20:53.0,0 days 00:01:43.653445,3,96,96,,2,5,,,,,,,,,,,10,7,10,8,,,,,,,2,2,6,5,9,10,2,7,8,10,,,,,,,,,,,4,6,normal,mixed,mixed,,,4,10,,3,9,8,5,,0.002637749,FAIL
2854,,20:53.0,22:36.7,0 days 00:01:43.745600,3,96,96,,2,5,,,,,,,,,,,10,7,10,8,,,,,,,2,2,6,5,9,10,2,7,8,10,,,,,,,,,,,4,6,normal,mixed,mixed,,,4,10,,3,9,8,5,,0.006730333,FAIL
2855,,22:36.7,24:20.6,0 days 00:01:43.904401,3,96,96,,2,5,,,,,,,,,,,10,7,10,8,4,,,,,,2,2,6,5,10,10,2,7,8,10,,,,,,,,,,,4,6,normal,mixed,mixed,,,5,10,,3,9,8,5,,0.002584984,FAIL
2856,,24:20.6,26:04.5,0 days 00:01:43.837776,3,96,96,,2,5,,,,,,,,,,,10,7,10,8,,,,,,,3,2,6,5,10,10,2,7,8,10,,,,,,,,,,,4,6,normal,mixed,mixed,,,4,10,,3,9,8,5,,0.006784134,FAIL
2857,,26:04.5,27:48.3,0 days 00:01:43.763751,3,96,96,,2,5,,,,,,,,,,,10,7,10,8,,,,,,,2,2,6,5,10,10,2,7,8,10,,,,,,,,,,,4,6,normal,mixed,mixed,,,4,10,,3,9,8,5,,0.007024636,FAIL
2858,,27:48.3,29:31.8,0 days 00:01:43.590611,3,96,96,,2,5,,,,,,,,,,,10,7,10,8,,,,,,,2,2,6,5,10,9,2,7,8,10,,,,,,,,,,,4,6,normal,mixed,mixed,,,4,10,,3,9,8,5,,0.006845347,FAIL
2859,,29:31.8,31:15.9,0 days 00:01:44.078978,3,96,96,,2,5,,,,,,,,,,,10,7,10,7,,,,,,,2,2,6,5,10,10,2,8,8,10,,,,,,,,,,,4,6,normal,mixed,mixed,,,4,10,,3,9,8,5,,0.00659616,FAIL
2860,,31:15.9,32:58.9,0 days 00:01:42.977572,3,96,96,,2,5,,,,,,,,,,,10,7,10,8,,,,,,,2,2,6,5,10,10,4,7,8,,,,,,,,,,,,4,6,normal,mixed,mixed,,,4,9,,3,9,8,5,,0.00677349,FAIL
2861,,32:58.9,34:42.8,0 days 00:01:43.857107,3,96,96,,2,5,,,,,,,,,,,10,7,10,8,,,,,,,2,2,6,5,9,9,3,7,8,10,,,,,,,,,,,4,6,normal,mixed,mixed,,,4,10,,3,9,8,5,,0.008718753,FAIL
2862,,34:42.8,36:26.2,0 days 00:01:43.457085,3,96,96,,2,5,,,,,,,,,,,10,7,10,8,,,,,,,2,2,6,5,10,10,3,7,8,10,,,,,,,,,,,4,6,normal,mixed,mixed,,,4,10,,3,9,8,5,,0.006987913,FAIL
2863,,36:26.2,38:10.1,0 days 00:01:43.850141,3,96,96,,2,5,,,,,,,,,,,10,7,10,8,,,,,,,2,2,6,5,10,10,4,7,8,10,,,,,,,,,,,4,6,normal,mixed,mixed,,,4,10,,3,9,8,5,,0.005870005,FAIL
2864,,38:10.1,39:54.1,0 days 00:01:44.002821,3,96,96,,2,5,,,,,,,,,,,10,7,10,8,,,,,,,2,2,6,5,10,10,3,7,8,10,,,,,,,,,,,4,6,normal,mixed,mixed,,,4,10,,3,9,8,5,,0.006992366,FAIL
2865,,39:54.1,41:38.0,0 days 00:01:43.870199,3,96,96,,2,5,,,,,,,,,,,8,7,10,8,,,,,,,2,2,6,5,8,10,2,7,8,10,,,,,,,,,,,4,6,normal,mixed,mixed,,,4,10,,3,9,8,5,,0.008679973,FAIL
2866,,41:38.0,43:21.8,0 days 00:01:43.787761,3,96,96,,2,5,,,,,,,,,,,10,7,10,8,,,,,,,2,2,6,5,10,9,3,7,8,10,,,,,,,,,,,4,6,normal,mixed,mixed,,,4,10,,3,9,8,5,,0.008773053,FAIL
2867,,43:21.8,45:05.3,0 days 00:01:43.534171,3,96,96,,2,5,,,,,,,,,,,10,7,10,8,,,,,,,2,2,6,5,10,10,2,7,8,10,,,,,,,,,,,4,6,normal,mixed,mixed,,,4,10,,3,9,8,5,,0.008933729,FAIL
2868,,45:05.3,46:49.0,0 days 00:01:43.688268,3,96,96,,2,5,,,,,,,,,,,10,7,10,8,,,,,,,2,2,6,4,10,10,2,7,8,10,,,,,,,,,,,4,6,normal,mixed,mixed,,,4,10,,3,9,8,6,,0.00687,FAIL
2869,,46:49.0,48:32.4,0 days 00:01:43.383357,3,96,96,,2,5,,,,,,,,,,,10,7,10,8,,,,,,,2,2,6,5,9,10,4,7,8,10,,,,,,,,,,,4,6,normal,mixed,mixed,,,4,10,,3,9,8,5,,0.00822622,FAIL
2870,,48:32.4,50:14.6,0 days 00:01:42.251794,3,96,96,,2,5,,,,,,,,,,,10,7,10,8,,,,,,,2,2,6,5,9,10,4,7,8,10,,,,,,,,,,,4,6,normal,mixed,mixed,,,4,10,,3,9,8,5,,0.006825296,FAIL
2871,,50:14.6,51:57.4,0 days 00:01:42.726645,3,96,96,,2,5,,,,,,,,,,,10,7,10,8,,,,,,,2,2,6,5,10,10,3,7,8,10,,,,,,,,,,,4,6,normal,mixed,mixed,,,4,10,,3,9,8,5,,0.006670856,FAIL
2872,,51:57.4,53:40.2,0 days 00:01:42.854841,3,96,96,,2,5,,,,,,,,,,,10,7,10,8,,,,,,,2,2,6,5,10,10,2,7,8,10,,,,,,,,,,,4,6,normal,mixed,mixed,,,4,10,,3,9,8,5,,0.008963335,FAIL
2873,,53:40.2,55:23.3,0 days 00:01:43.056374,3,96,96,,2,5,,,,,,,,,,,10,7,10,8,,,,,,,2,2,6,5,9,10,2,7,8,10,,,,,,,,,,,4,6,normal,mixed,mixed,,,4,10,,3,9,8,5,,0.00259166,FAIL
2874,,55:23.3,57:04.5,0 days 00:01:41.257423,3,96,96,,2,5,,,,,,,,,,,10,7,10,8,,,,,,,2,2,6,4,10,9,2,7,8,10,,,,,,,,,,,4,6,normal,mixed,mixed,,,4,10,,3,9,8,5,,0.006932948,FAIL
2875,,57:04.5,58:45.9,0 days 00:01:41.384159,3,96,96,,2,5,,,,,,,,,,,10,7,10,8,,,,,,,2,2,6,5,10,10,2,7,8,10,,,,,,,,,,,4,6,normal,mixed,mixed,,,4,10,,3,9,8,5,,0.006773294,FAIL
2876,,58:45.9,00:27.3,0 days 00:01:41.382989,3,96,96,,2,5,,,,,,,,,,,10,7,10,8,,,,,,,2,2,6,5,10,10,2,7,8,10,,,,,,,,,,,4,6,normal,mixed,mixed,,,4,10,,3,9,8,5,,0.00674065,FAIL
2877,,00:27.3,02:08.9,0 days 00:01:41.570243,3,96,96,,2,5,,,,,,,,,,,10,7,10,8,,,,,,,2,2,6,5,10,10,2,7,8,10,,,,,,,,,,,4,6,normal,mixed,mixed,,,4,10,,3,9,8,6,,0.008750039,FAIL
2878,,02:08.9,03:50.1,0 days 00:01:41.171679,3,96,96,,2,5,,,,,,,,,,,10,7,10,8,,,,,,,2,2,6,5,10,10,2,7,8,10,,,,,,,,,,,4,6,normal,mixed,mixed,,,4,10,,3,9,8,5,,0.006809654,FAIL
2879,,03:50.1,05:31.1,0 days 00:01:41.029172,3,96,96,,2,5,,,,,,,,,,,10,7,10,8,,,,,,,2,2,6,5,9,10,3,7,8,10,,,,,,,,,,,4,6,normal,mixed,mixed,,,4,10,,3,9,8,5,,0.002601304,FAIL
2880,,05:31.1,07:12.4,0 days 00:01:41.270788,3,96,96,,2,5,,,,,,,,,,,10,7,10,8,,,,,,,2,2,6,5,10,10,2,7,8,10,,,,,,,,,,,4,6,normal,mixed,mixed,,,4,10,,3,9,8,5,,0.008817923,FAIL
2881,,07:12.4,08:53.7,0 days 00:01:41.295475,3,96,96,,2,5,,,,,,,,,,,8,7,10,8,,,,,,,2,2,6,5,10,9,2,7,8,10,,,,,,,,,,,4,6,normal,mixed,mixed,,,4,10,,3,9,8,5,,0.002499181,FAIL
2882,,08:53.7,10:34.7,0 days 00:01:40.996907,3,96,96,,2,5,,,,,,,,,,,10,7,10,8,,,,,,,2,2,6,5,9,10,2,7,8,10,,,,,,,,,,,4,6,normal,mixed,mixed,,,4,10,,3,9,8,5,,0.006958408,FAIL
2883,,10:34.7,12:16.8,0 days 00:01:42.105236,3,96,96,,2,5,,,,,,,,,,,10,7,10,8,,,,,,,2,2,6,4,10,10,2,7,8,10,,,,,,,,,,,4,6,normal,mixed,mixed,,,4,10,,3,9,8,5,,0.006710138,FAIL
2884,,12:16.8,13:59.3,0 days 00:01:42.520126,3,96,96,,2,5,,,,,,,,,,,10,7,10,8,,,,,,,3,2,6,4,10,10,2,7,8,10,,,,,,,,,,,4,6,normal,mixed,mixed,,,4,10,,3,9,8,5,,0.00909462,FAIL
2885,,13:59.3,15:41.4,0 days 00:01:42.080866,3,96,96,,2,5,,,,,,,,,,,10,7,10,8,,,,,,,2,2,6,5,9,10,2,7,8,10,,,,,,,,,,,4,6,normal,mixed,mixed,,,4,10,,3,9,8,5,,0.002642722,FAIL
2886,,15:41.4,17:24.1,0 days 00:01:42.752618,3,96,96,,2,5,,,,,,,,,,,10,7,10,8,,,,,,,2,2,6,5,10,10,2,7,8,10,,,,,,,,,,,4,6,normal,mixed,mixed,,,4,10,,3,9,8,5,,0.006816453,FAIL
2887,,17:24.1,19:06.9,0 days 00:01:42.786357,3,96,96,,2,5,,,,,,,,,,,10,7,10,8,,,,,,,2,2,6,5,10,10,2,7,8,,,,,,,,,,,,4,6,normal,mixed,mixed,,,4,9,,3,9,8,5,,0.00664881,FAIL
2888,,19:06.9,20:50.7,0 days 00:01:43.769286,3,96,96,,2,5,,,,,,,,,,,10,7,10,8,,,,,,,2,2,6,5,10,10,2,7,8,10,,,,,,,,,,,4,6,normal,mixed,mixed,,,4,10,,3,9,8,5,,0.007002777,FAIL
2889,,20:50.7,22:34.2,0 days 00:01:43.535571,3,96,96,,2,5,,,,,,,,,,,10,7,10,8,,,,,,,2,2,6,5,10,10,2,7,8,10,,,,,,,,,,,4,6,normal,mixed,mixed,,,4,10,,3,9,8,5,,0.008822362,FAIL
2890,,22:34.2,24:18.5,0 days 00:01:44.214960,3,96,96,,2,5,,,,,,,,,,,10,7,10,8,,,,,,,2,2,6,5,10,10,2,7,8,10,,,,,,,,,,,4,6,normal,mixed,mixed,,,4,10,,3,9,8,5,,0.00259417,FAIL
2891,,24:18.5,26:02.2,0 days 00:01:43.724958,3,96,96,,2,5,,,,,,,,,,,10,7,10,8,,,,,,,2,2,6,5,10,10,2,7,8,10,,,,,,,,,,,4,6,normal,mixed,mixed,,,4,10,,3,9,8,5,,0.00261299,FAIL
2892,,26:02.2,27:45.6,0 days 00:01:43.393285,3,96,96,,2,5,,,,,,,,,,,10,7,10,8,,,,,,,2,2,6,5,9,10,2,7,8,10,,,,,,,,,,,4,6,normal,mixed,mixed,,,4,10,,3,9,8,5,,0.002569215,FAIL
2893,,27:45.6,29:29.4,0 days 00:01:43.828318,3,96,96,,2,5,,,,,,,,,,,10,7,10,8,,,,,,,2,2,6,5,9,10,2,7,8,10,,,,,,,,,,,4,6,normal,mixed,mixed,,,4,10,,3,9,8,5,,0.006826342,FAIL
2894,,29:29.4,31:13.5,0 days 00:01:44.119329,3,96,96,,2,5,,,,,,,,,,,10,7,10,8,,,,,,,2,2,6,5,10,10,2,7,8,10,,,,,,,,,,,4,6,normal,mixed,mixed,,,4,10,,3,9,8,5,,0.006710534,FAIL
2895,,31:13.5,32:56.3,0 days 00:01:42.744331,3,96,96,,2,5,,,,,,,,,,,10,7,10,8,,,,,,,2,2,6,5,10,10,3,7,8,,,,,,,,,,,,4,6,normal,mixed,mixed,,,4,9,,3,9,10,5,,0.006704323,FAIL
2896,,32:56.3,34:39.9,0 days 00:01:43.613829,3,96,96,,2,5,,,,,,,,,,,10,7,10,8,,,,,,,2,2,6,5,10,10,2,7,8,10,,,,,,,,,,,4,6,normal,mixed,mixed,,,4,10,,3,9,8,5,,0.008815091,FAIL
2897,,34:39.9,36:22.4,0 days 00:01:42.487838,3,96,96,,2,5,,,,,,,,,,,10,7,10,8,,,,,,,2,2,6,5,10,10,2,7,8,,,,,,,,,,,,4,6,normal,mixed,mixed,,,4,9,,3,9,8,5,,0.006773317,FAIL
2898,,36:22.4,38:03.8,0 days 00:01:41.443626,3,96,96,,2,5,,,,,,,,,,,10,7,10,7,,,,,,,2,2,6,5,10,9,2,7,8,10,,,,,,,,,,,4,6,normal,mixed,mixed,,,4,10,,3,9,8,5,,0.008583422,FAIL
2899,,38:03.9,39:46.7,0 days 00:01:42.852955,3,96,96,,2,5,,,,,,,,,,,10,7,10,8,,,,,,,2,2,6,5,10,10,2,7,8,10,,,,,,,,,,,4,6,normal,mixed,mixed,,,4,10,,3,9,8,5,,0.009124817,FAIL
2900,,39:46.7,41:29.9,0 days 00:01:43.205301,3,96,96,,2,5,,,,,,,,,,,10,7,10,8,,,,,,,2,2,6,5,10,10,2,7,8,10,,,,,,,,,,,4,6,normal,mixed,mixed,,,4,10,,3,9,8,5,,0.008290882,FAIL
2901,,41:29.9,43:13.9,0 days 00:01:43.957052,3,96,96,,2,5,,,,,,,,,,,10,7,10,8,,,,,,,2,2,6,5,10,10,2,7,9,10,,,,,,,,,,,4,6,normal,mixed,mixed,,,4,10,,3,9,8,5,,0.006837623,FAIL
2902,,43:13.9,44:57.0,0 days 00:01:43.140829,3,96,96,,2,5,,,,,,,,,,,10,7,10,8,,,,,,,2,2,6,5,10,10,2,7,8,10,,,,,,,,,,,4,6,normal,mixed,mixed,,,4,10,,3,9,8,5,,0.008762674,FAIL
2903,,44:57.0,46:39.7,0 days 00:01:42.668114,3,96,96,,2,5,,,,,,,,,,,10,7,10,8,,,,,,,2,2,6,5,8,8,3,7,8,10,,,,,,,,,,,4,6,normal,mixed,mixed,,,4,10,,3,9,8,5,,0.006911491,FAIL
2904,,46:39.7,48:23.0,0 days 00:01:43.289379,3,96,96,,2,5,,,,,,,,,,,10,7,10,8,,,,,,,2,2,6,5,10,10,3,7,8,10,,,,,,,,,,,4,6,normal,mixed,mixed,,,4,10,,3,9,8,5,,0.00680493,FAIL
2905,,48:23.0,50:05.0,0 days 00:01:42.010800,3,96,96,,2,5,,,,,,,,,,,10,7,10,8,,,,,,,2,2,6,5,10,10,3,7,8,10,,,,,,,,,,,4,6,normal,mixed,mixed,,,4,10,,3,9,8,5,,0.008833685,FAIL
2906,,50:05.0,51:46.3,0 days 00:01:41.317399,3,96,96,,2,5,,,,,,,,,,,10,7,10,8,,,,,,,2,2,6,5,9,10,2,7,8,10,,,,,,,,,,,4,6,normal,mixed,mixed,,,4,10,,3,9,8,5,,0.008291316,FAIL
2907,,51:46.3,53:28.2,0 days 00:01:41.886383,3,96,96,,2,5,,,,,,,,,,,10,7,10,8,,,,,,,2,2,6,5,10,10,2,7,8,10,,,,,,,,,,,4,6,normal,mixed,mixed,,,4,10,,3,9,8,5,,0.006992857,FAIL
2908,,53:28.2,55:11.7,0 days 00:01:43.462220,3,96,96,,2,5,,,,,,,,,,,10,7,10,8,,,,,,,2,2,6,5,10,10,2,7,8,10,,,,,,,,,,,4,6,normal,mixed,mixed,,,4,10,,3,9,8,5,,0.006754414,FAIL
2909,,55:11.7,56:55.5,0 days 00:01:43.810569,3,96,96,,2,5,,,,,,,,,,,10,7,10,8,,,,,,,2,2,6,5,10,10,2,7,8,10,,,,,,,,,,,4,6,normal,mixed,mixed,,,4,10,,3,9,8,5,,0.006710148,FAIL
2910,,56:55.5,58:39.3,0 days 00:01:43.825512,3,96,96,,2,5,,,,,,,,,,,10,7,10,8,,,,,,,2,2,6,5,10,10,2,7,8,10,,,,,,,,,,,4,6,normal,mixed,mixed,,,4,10,,3,9,8,5,,0.006696792,FAIL
2911,,58:39.3,00:23.7,0 days 00:01:44.347512,3,96,96,,2,5,,,,,,,,,,,10,7,10,8,,,,,,,2,2,6,5,10,10,2,7,8,10,,,,,,,,,,,4,6,normal,mixed,mixed,,,4,10,,3,9,8,5,,0.009007736,FAIL
2912,,00:23.7,02:08.1,0 days 00:01:44.453753,3,96,96,,2,5,,,,,,,,,,,8,7,10,8,,,,,,,2,2,6,5,10,10,2,7,8,10,,,,,,,,,,,4,6,normal,mixed,mixed,,,4,10,,3,9,8,5,,0.008935591,FAIL
2913,,02:08.1,03:53.6,0 days 00:01:45.433983,3,96,96,,2,5,,,,,,,,,,,10,7,10,8,,,,,,,3,2,6,5,10,10,3,7,8,10,,,,,,,,,,,4,6,normal,mixed,mixed,,,4,10,,3,9,8,5,,0.006968008,FAIL
2914,,03:53.6,05:37.8,0 days 00:01:44.224146,3,96,96,,2,5,,,,,,,,,,,10,8,10,8,,,,,,,2,2,6,5,10,10,2,7,8,10,,,,,,,,,,,4,6,normal,mixed,mixed,,,4,10,,3,9,8,5,,0.006849538,FAIL
2915,,05:37.8,07:22.6,0 days 00:01:44.793840,3,96,96,,2,5,,,,,,,,,,,10,7,10,8,,,,,,,2,2,6,5,9,10,2,7,8,10,,,,,,,,,,,3,6,normal,mixed,mixed,,,4,10,,3,9,8,5,,0.008581428,FAIL
2916,,07:22.6,09:06.7,0 days 00:01:44.116890,3,96,96,,2,5,,,,,,,,,,,10,7,10,8,,,,,,,2,2,6,4,10,10,2,7,8,9,,,,,,,,,,,4,6,normal,mixed,mixed,,,4,10,,3,9,10,5,,0.009080698,FAIL
2917,,09:06.7,10:49.6,0 days 00:01:42.929261,3,96,96,,2,5,,,,,,,,,,,10,7,10,8,,,,,,,2,2,6,5,10,10,2,7,8,10,,,,,,,,,,,4,6,normal,mixed,mixed,,,4,10,,3,9,8,5,,0.006662761,FAIL
2918,,10:49.7,12:33.5,0 days 00:01:43.806260,3,96,96,,2,5,,,,,,,,,,,10,7,10,8,,,,,,,2,2,6,5,9,10,2,7,8,10,,,,,,,,,,,4,6,normal,mixed,mixed,,,4,10,,3,9,8,5,,0.008568456,FAIL
2919,,12:33.5,14:17.5,0 days 00:01:44.045532,3,96,96,,2,5,,,,,,,,,,,10,7,10,8,,,,,,,2,2,6,5,10,10,3,7,8,9,,,,,,,,,,,4,6,normal,mixed,mixed,,,4,10,,3,9,8,5,,0.00876546,FAIL
2920,,14:17.5,16:01.2,0 days 00:01:43.707563,3,96,96,,2,5,,,,,,,,,,,10,7,10,8,,,,,,,2,2,6,5,10,10,2,7,8,10,,,,,,,,,,,4,6,normal,mixed,mixed,,,4,10,,3,9,8,5,,0.006770665,FAIL
2921,,16:01.2,17:44.6,0 days 00:01:43.342542,3,96,96,,2,5,,,,,,,,,,,10,7,10,8,,,,,,,2,2,6,5,10,10,3,7,8,10,,,,,,,,,,,4,6,normal,mixed,mixed,,,4,10,,3,9,8,5,,0.002556453,FAIL
2922,,17:44.6,19:28.3,0 days 00:01:43.727046,3,96,96,,2,5,,,,,,,,,,,8,7,10,8,,,,,,,2,2,6,5,10,10,3,7,8,10,,,,,,,,,,,4,6,normal,mixed,mixed,,,4,10,,3,9,8,5,,0.002572189,FAIL
2923,,19:28.3,21:12.4,0 days 00:01:44.138116,3,96,96,,2,5,,,,,,,,,,,10,7,9,8,,,,,,,2,2,6,4,10,9,2,7,8,10,,,,,,,,,,,4,6,normal,mixed,mixed,,,4,10,,3,9,8,5,,0.007090123,FAIL
2924,,21:12.4,22:57.2,0 days 00:01:44.728788,3,96,96,,2,5,,,,,,,,,,,10,7,10,8,,,,,,,2,2,6,5,10,10,2,7,8,10,,,,,,,,,,,4,6,normal,mixed,mixed,,,4,10,,3,9,8,5,,0.0085143,FAIL
2925,,22:57.2,24:40.9,0 days 00:01:43.741106,3,96,96,,2,5,,,,,,,,,,,10,7,10,8,,,,,,,2,2,6,5,10,10,3,7,8,10,,,,,,,,,,,4,6,normal,mixed,mixed,,,4,10,,3,9,8,5,,0.00824783,FAIL
2926,,24:40.9,26:25.4,0 days 00:01:44.522014,3,96,96,,2,5,,,,,,,,,,,10,7,10,8,,,,,,,2,2,6,5,10,10,2,7,8,10,,,,,,,,,,,4,6,normal,mixed,mixed,,,4,10,,3,9,8,5,,0.006878735,FAIL
2927,,26:25.4,28:10.5,0 days 00:01:45.029969,3,96,96,,2,5,,,,,,,,,,,8,7,10,8,,,,,,,2,2,6,5,10,10,2,7,8,10,,,,,,,,,,,4,6,normal,mixed,mixed,,,4,10,,3,9,8,5,,0.006751057,FAIL
2928,,28:10.5,29:54.5,0 days 00:01:44.060204,3,96,96,,2,5,,,,,,,,,,,10,7,10,8,,,,,,,2,2,6,4,10,10,2,7,8,10,,,,,,,,,,,4,6,normal,mixed,mixed,,,4,10,,3,9,8,5,,0.008513351,FAIL
2929,,29:54.5,31:37.5,0 days 00:01:42.925719,3,96,96,,2,5,,,,,,,,,,,8,7,10,8,,,,,,,2,2,6,5,9,10,2,7,8,,,,,,,,,,,,4,6,normal,mixed,mixed,,,4,9,,3,9,8,5,,0.002568225,FAIL
2930,,31:37.5,33:20.8,0 days 00:01:43.369264,3,96,96,,2,5,,,,,,,,,,,10,7,10,8,,,,,,,2,2,6,5,10,9,2,7,8,10,,,,,,,,,,,4,6,normal,mixed,mixed,,,4,10,,3,9,8,5,,0.00840242,FAIL
2931,,33:20.8,35:05.0,0 days 00:01:44.124980,3,96,96,,2,5,,,,,,,,,,,10,7,10,8,,,,,,,2,2,6,5,10,10,2,7,8,10,,,,,,,,,,,4,6,normal,mixed,mixed,,,4,10,,3,9,8,5,,0.008935208,FAIL
2932,,35:05.0,36:49.0,0 days 00:01:44.058470,3,96,96,,2,5,,,,,,,,,,,10,7,10,8,,,,,,,2,2,6,5,10,10,2,7,8,10,,,,,,,,,,,4,6,normal,mixed,mixed,,,4,10,,3,9,8,5,,0.002545911,FAIL
2933,,36:49.0,38:33.9,0 days 00:01:44.814766,3,96,96,,2,5,,,,,,,,,,,10,7,10,8,,,,,,,2,2,6,5,10,10,2,7,8,10,,,,,,,,,,,4,6,normal,mixed,mixed,,,4,10,,3,9,8,5,,0.006739089,FAIL
2934,,38:33.9,40:18.7,0 days 00:01:44.884714,3,96,96,,2,5,,,,,,,,,,,10,7,10,8,,,,,,,2,2,6,5,10,10,2,7,8,10,,,,,,,,,,,4,6,normal,mixed,mixed,,,4,10,,3,9,8,5,,0.002662737,FAIL
2935,,40:18.7,42:03.8,0 days 00:01:45.096123,3,96,96,,2,5,,,,,,,,,,,10,7,10,8,,,,,,,2,2,6,5,10,10,2,7,8,10,,,,,,,,,,,4,6,normal,mixed,mixed,,,4,10,,3,9,8,5,,0.007014527,FAIL
2936,,42:03.8,43:48.3,0 days 00:01:44.491014,3,96,96,,2,5,,,,,,,,,,,10,7,10,8,,,,,,,2,2,6,5,10,10,2,7,8,10,,,,,,,,,,,4,6,normal,mixed,mixed,,,4,10,,3,9,8,5,,0.008735252,FAIL
2937,,43:48.3,45:32.7,0 days 00:01:44.345006,3,96,96,,2,5,,,,,,,,,,,10,7,10,8,,,,,,,3,2,6,5,10,9,2,7,8,10,,,,,,,,,,,4,6,normal,mixed,mixed,,,4,10,,3,9,8,5,,0.008460363,FAIL
2938,,45:32.7,47:17.2,0 days 00:01:44.470563,3,96,96,,2,5,,,,,,,,,,,10,7,10,8,,,,,,,2,2,6,5,10,10,3,7,8,10,,,,,,,,,,,4,6,normal,mixed,mixed,,,4,10,,3,9,8,5,,0.002659154,FAIL
2939,,47:17.2,49:00.0,0 days 00:01:42.874341,3,96,96,,2,5,,,,,,,,,,,10,7,10,8,,,,,,,2,2,6,5,10,10,2,7,8,10,,,,,,,,,,,4,6,normal,mixed,mixed,,,4,10,,3,9,8,5,,0.006591506,FAIL
2940,,49:00.0,50:43.6,0 days 00:01:43.510925,3,96,96,,2,5,,,,,,,,,,,10,7,10,8,,,,,,,2,2,6,5,10,10,2,7,8,10,,,,,,,,,,,4,6,normal,mixed,mixed,,,4,10,,3,9,8,5,,0.008777988,FAIL
2941,,50:43.6,52:28.0,0 days 00:01:44.412028,3,96,96,,2,5,,,,,,,,,,,10,7,10,8,,,,,,,2,2,6,5,9,10,2,7,8,10,,,,,,,,,,,4,6,normal,mixed,mixed,,,4,10,,3,9,8,5,,0.007654496,FAIL
2942,,52:28.0,54:12.2,0 days 00:01:44.247005,3,96,96,,2,5,,,,,,,,,,,10,7,10,8,,,,,,,2,2,6,5,9,10,2,7,8,10,,,,,,,,,,,4,6,normal,mixed,mixed,,,4,10,,3,9,8,5,,0.002546056,FAIL
2943,,54:12.2,55:56.6,0 days 00:01:44.362309,3,96,96,,2,5,,,,,,,,,,,10,7,10,8,,,,,,,2,2,6,6,10,10,2,7,8,10,,,,,,,,,,,4,6,normal,mixed,mixed,,,4,10,,3,9,8,5,,0.008517376,FAIL
2944,,55:56.6,57:40.6,0 days 00:01:43.965360,3,96,96,,2,5,,,,,,,,,,,10,7,10,8,,,,,,,2,2,6,5,10,10,2,7,8,10,,,,,,,,,,,4,6,normal,mixed,mixed,,,4,10,,3,9,10,5,,0.008999526,FAIL
2945,,57:40.6,59:23.5,0 days 00:01:42.978004,3,96,96,,2,5,,,,,,,,,,,8,7,10,8,,,,,,,2,2,6,5,10,10,2,7,8,10,,,,,,,,,,,4,6,normal,mixed,mixed,,,4,10,,3,9,8,5,,0.008381081,FAIL
2946,,59:23.5,01:06.4,0 days 00:01:42.906030,3,96,96,,2,5,,,,,,,,,,,10,7,10,8,,,,,,,2,2,6,5,10,10,2,7,8,10,,,,,,,,,,,4,6,normal,mixed,mixed,,,4,10,,3,9,8,5,,0.00867761,FAIL
2947,,01:06.4,02:49.4,0 days 00:01:42.978006,3,96,96,,2,5,,,,,,,,,,,10,7,10,8,,,,,,,3,2,6,5,9,10,2,7,8,10,,,,,,,,,,,4,6,normal,mixed,mixed,,,4,10,,3,9,8,5,,0.008319002,FAIL
2948,,02:49.4,04:32.2,0 days 00:01:42.773214,3,96,96,,2,5,,,,,,,,,,,8,7,10,8,,,,,,,2,2,6,5,9,10,2,7,8,10,,,,,,,,,,,4,6,normal,mixed,mixed,,,4,10,,3,9,8,5,,0.008988702,FAIL
2949,,04:32.2,06:15.1,0 days 00:01:42.943937,3,96,96,,2,5,,,,,,,,,,,10,7,10,8,,,,,,,2,2,6,5,10,10,2,7,8,10,,,,,,,,,,,4,6,normal,mixed,mixed,,,4,10,,3,9,8,5,,0.008778757,FAIL
2950,,06:15.2,07:59.0,0 days 00:01:43.816750,3,96,96,,2,5,,,,,,,,,,,10,7,10,8,,,,,,,2,2,6,5,10,10,2,7,8,10,,,,,,,,,,,4,6,normal,mixed,mixed,,,4,10,,3,9,8,5,,0.002566467,FAIL
2951,,07:59.0,09:42.8,0 days 00:01:43.859506,3,96,96,,2,5,,,,,,,,,,,10,7,10,8,,,,,,,3,2,6,5,10,10,2,7,8,10,,,,,,,,,,,4,6,normal,mixed,mixed,,,4,10,,3,9,8,5,,0.006917492,FAIL
2952,,09:42.8,11:26.9,0 days 00:01:44.103800,3,96,96,,2,5,,,,,,,,,,,10,7,10,8,,,,,,,2,2,6,5,10,10,2,7,8,10,,,,,,,,,,,4,6,normal,mixed,mixed,,,4,10,,3,9,8,5,,0.002983263,FAIL
2953,,11:26.9,13:10.7,0 days 00:01:43.756829,3,96,96,,2,5,,,,,,,,,,,10,7,10,8,,,,,,,2,2,6,5,10,10,3,7,8,10,,,,,,,,,,,4,6,normal,mixed,mixed,,,4,10,,3,9,8,5,,0.002537617,FAIL
2954,,13:10.7,14:54.4,0 days 00:01:43.718511,3,96,96,,2,5,,,,,,,,,,,10,7,10,7,,,,,,,2,2,6,5,10,10,2,7,8,10,,,,,,,,,,,4,6,normal,mixed,mixed,,,4,10,,3,9,8,5,,0.006737818,FAIL
2955,,14:54.4,16:38.3,0 days 00:01:43.870079,3,96,96,,2,5,,,,,,,,,,,10,7,10,8,,,,,,,2,2,6,5,10,10,2,7,8,10,,,,,,,,,,,4,6,normal,mixed,mixed,,,4,10,,3,9,8,6,,0.008950533,FAIL
2956,,16:38.3,18:22.3,0 days 00:01:43.983572,3,96,96,,2,5,,,,,,,,,,,10,7,9,8,,,,,,,2,2,6,5,10,10,2,7,8,10,,,,,,,,,,,4,6,normal,mixed,mixed,,,4,10,,3,9,8,5,,0.008791542,FAIL
2957,,18:22.3,20:06.0,0 days 00:01:43.669390,3,96,96,,2,5,,,,,,,,,,,10,7,10,8,,,,,,,2,2,6,5,10,10,2,7,8,10,,,,,,,,,,,4,6,normal,mixed,mixed,,,4,10,,3,9,8,5,,0.002597007,FAIL
2958,,20:06.0,21:49.6,0 days 00:01:43.604791,3,96,96,,2,5,,,,,,,,,,,8,8,10,8,,,,,,,2,2,6,5,10,10,3,7,8,10,,,,,,,,,,,4,6,normal,mixed,mixed,,,4,10,,3,9,8,5,,0.00256645,FAIL
2959,,21:49.6,23:31.5,0 days 00:01:41.897070,3,96,96,,2,5,,,,,,,,,,,10,7,10,8,,,,,,,2,2,6,5,10,10,2,7,8,10,,,,,,,,,,,3,6,normal,mixed,mixed,,,4,10,,3,9,8,5,,0.008786885,FAIL
2960,,23:31.5,25:13.2,0 days 00:01:41.783148,3,96,96,,2,5,,,,,,,,,,,10,7,10,8,,,,,,,2,2,6,5,10,10,3,7,8,10,,,,,,,,,,,4,6,normal,mixed,mixed,,,4,10,,3,9,8,5,,0.008896624,FAIL
2961,,25:13.3,26:54.6,0 days 00:01:41.369500,3,96,96,,2,5,,,,,,,,,,,10,7,10,8,,,,,,,2,2,6,5,10,10,2,8,8,10,,,,,,,,,,,4,6,normal,mixed,mixed,,,4,10,,3,9,8,5,,0.006749402,FAIL
2962,,26:54.6,28:36.4,0 days 00:01:41.769953,3,96,96,,2,5,,,,,,,,,,,10,7,9,8,4,,,,,,2,2,6,4,10,10,2,7,9,10,,,,,,,,,,,4,6,normal,mixed,mixed,,,5,10,,3,9,8,5,,0.002597786,FAIL
2963,,28:36.4,30:18.0,0 days 00:01:41.618788,3,96,96,,2,5,,,,,,,,,,,10,7,10,8,,,,,,,2,2,6,5,9,10,2,7,8,10,,,,,,,,,,,4,6,normal,mixed,mixed,,,4,10,,3,9,8,5,,0.006612412,FAIL
2964,,30:18.0,32:01.9,0 days 00:01:43.919266,3,96,96,,2,5,,,,,,,,,,,10,7,10,8,,,,,,,2,2,6,5,10,10,2,7,8,10,,,,,,,,,,,4,6,normal,mixed,mixed,,,4,10,,3,9,8,5,,0.009115973,FAIL
2965,,32:01.9,33:45.4,0 days 00:01:43.476795,3,96,96,,2,5,,,,,,,,,,,10,7,10,8,,,,,,,2,2,6,5,10,10,2,7,8,10,,,,,,,,,,,4,6,normal,mixed,mixed,,,4,10,,3,9,8,5,,0.002585272,FAIL
2966,,33:45.4,35:29.1,0 days 00:01:43.701166,3,96,96,,2,5,,,,,,,,,,,10,7,10,8,,,,,,,2,2,6,5,10,10,2,7,8,10,,,,,,,,,,,4,6,normal,mixed,mixed,,,4,10,,3,9,8,5,,0.008899943,FAIL
2967,,35:29.1,37:13.0,0 days 00:01:43.858806,3,96,96,,2,5,,,,,,,,,,,10,7,10,8,,,,,,,2,2,6,5,10,9,2,7,8,10,,,,,,,,,,,4,6,normal,mixed,mixed,,,4,10,,3,8,8,5,,0.008736776,FAIL
2968,,37:13.0,38:56.0,0 days 00:01:43.042194,3,96,96,,2,5,,,,,,,,,,,10,7,10,8,,,,,,,2,2,6,5,10,10,2,7,8,10,,,,,,,,,,,4,6,normal,mixed,mixed,,,4,10,,3,9,8,5,,0.006635257,FAIL
2969,,38:56.0,40:39.5,0 days 00:01:43.481809,3,96,96,,2,5,,,,,,,,,,,8,7,10,8,,,,,,,2,2,6,4,10,10,3,7,8,10,,,,,,,,,,,4,6,normal,mixed,mixed,,,4,10,,3,9,8,5,,0.006728933,FAIL
2970,,40:39.5,42:23.4,0 days 00:01:43.867682,3,96,96,,2,5,,,,,,,,,,,10,7,10,8,,,,,,,2,2,6,5,10,10,2,7,8,10,,,,,,,,,,,4,6,normal,mixed,mixed,,,4,10,,3,9,8,5,,0.006992411,FAIL
2971,,42:23.4,44:07.2,0 days 00:01:43.770741,3,96,96,,2,5,,,,,,,,,,,10,7,10,8,,,,,,,2,2,6,5,10,10,2,7,8,10,,,,,,,,,,,4,6,normal,mixed,mixed,,,4,10,,3,9,8,5,,0.008687091,FAIL
2972,,44:07.2,45:50.8,0 days 00:01:43.644946,3,96,96,,2,5,,,,,,,,,,,10,7,10,8,,,,,,,2,3,6,5,10,10,2,7,8,10,,,,,,,,,,,4,6,normal,mixed,mixed,,,4,10,,3,9,8,5,,0.006884541,FAIL
2973,,45:50.8,47:34.9,0 days 00:01:44.073903,3,96,96,,2,5,,,,,,,,,,,10,7,10,8,,,,,,,2,2,6,5,10,10,2,7,8,10,,,,,,,,,,,4,6,normal,mixed,mixed,,,4,10,,3,9,8,5,,0.008249776,FAIL
2974,,47:34.9,49:18.7,0 days 00:01:43.779481,3,96,96,,2,5,,,,,,,,,,,10,7,10,8,,,,,,,2,2,6,5,10,10,2,7,8,10,,,,,,,,,,,4,6,normal,mixed,mixed,,,4,10,,3,9,8,5,,0.009000528,FAIL
2975,,49:18.7,51:02.4,0 days 00:01:43.701298,3,96,96,,2,5,,,,,,,,,,,10,7,10,8,,,,,,,2,2,6,5,10,10,2,7,8,10,,,,,,,,,,,4,6,normal,mixed,mixed,,,4,10,,3,9,8,5,,0.006871851,FAIL
2976,,51:02.4,52:43.9,0 days 00:01:41.532632,3,96,96,,2,5,,,,,,,,,,,10,7,10,8,,,,,,,2,2,6,5,10,9,2,7,8,10,,,,,,,,,,,4,6,normal,mixed,mixed,,,4,10,,3,9,8,5,,0.008819923,FAIL
2977,,52:43.9,54:23.9,0 days 00:01:39.932330,3,96,96,,2,5,,,,,,,,,,,10,7,10,8,,,,,,,2,2,6,5,10,,,,,,,,,,,,,,,,4,6,normal,mixed,mixed,,,4,5,,3,9,8,5,,0.008373204,FAIL
2978,,54:23.9,56:04.9,0 days 00:01:41.035850,3,96,96,,2,5,,,,,,,,,,,10,7,10,8,4,,,,,,2,2,6,5,10,10,2,7,8,10,,,,,,,,,,,4,6,normal,mixed,mixed,,,5,10,,3,9,8,5,,0.007219799,FAIL
2979,,56:04.9,57:45.7,0 days 00:01:40.832720,3,96,96,,2,5,,,,,,,,,,,10,7,10,8,,,,,,,2,2,6,5,10,10,3,7,8,10,,,,,,,,,,,4,6,normal,mixed,mixed,,,4,10,,3,9,8,5,,0.006764489,FAIL
2980,,57:45.7,59:26.9,0 days 00:01:41.199902,3,96,96,,2,5,,,,,,,,,,,10,7,10,8,,,,,,,2,2,6,5,10,10,3,7,8,10,,,,,,,,,,,4,6,normal,mixed,mixed,,,4,10,,3,9,8,5,,0.002568078,FAIL
2981,,59:26.9,01:07.3,0 days 00:01:40.394124,3,96,96,,2,5,,,,,,,,,,,8,7,10,8,,,,,,,3,2,6,4,9,10,2,7,8,10,,,,,,,,,,,4,6,normal,mixed,mixed,,,4,10,,3,9,8,5,,0.002646337,FAIL
2982,,01:07.3,02:48.2,0 days 00:01:40.826901,3,96,96,,2,5,,,,,,,,,,,10,7,10,8,,,,,,,2,2,6,5,10,10,3,7,8,10,,,,,,,,,,,4,6,normal,mixed,mixed,,,4,10,,3,9,8,6,,0.008687694,FAIL
2983,,02:48.2,04:29.3,0 days 00:01:41.089158,3,96,96,,2,5,,,,,,,,,,,10,7,9,8,,,,,,,2,2,6,5,10,10,3,7,8,10,,,,,,,,,,,4,6,normal,mixed,mixed,,,4,10,,3,9,8,5,,0.006696542,FAIL
2984,,04:29.3,06:10.2,0 days 00:01:40.912025,3,96,96,,2,5,,,,,,,,,,,10,7,10,8,,,,,,,2,2,6,5,9,10,3,7,8,10,,,,,,,,,,,4,6,normal,mixed,mixed,,,4,10,,3,9,8,5,,0.006731239,FAIL
2985,,06:10.2,07:51.2,0 days 00:01:41.038118,3,96,96,,2,5,,,,,,,,,,,10,7,10,8,,,,,,,2,2,6,5,10,10,2,7,8,10,,,,,,,,,,,4,6,normal,mixed,mixed,,,4,10,,3,9,8,5,,0.0025903,FAIL
2986,,07:51.2,09:32.8,0 days 00:01:41.593007,3,96,96,,2,5,,,,,,,,,,,10,7,10,8,,,,,,,2,2,6,4,10,10,2,7,8,10,,,,,,,,,,,4,6,normal,mixed,mixed,,,4,10,,3,9,8,5,,0.00265718,FAIL
2987,,09:32.8,11:14.7,0 days 00:01:41.937085,3,96,96,,2,5,,,,,,,,,,,10,7,10,8,,,,,,,2,2,6,5,10,10,2,7,8,10,,,,,,,,,,,4,6,normal,mixed,mixed,,,4,10,,3,9,8,5,,0.008958271,FAIL
2988,,11:14.7,12:55.3,0 days 00:01:40.567150,3,96,96,,2,5,,,,,,,,,,,10,7,10,8,,,,,,,2,2,6,5,9,10,2,7,8,,,,,,,,,,,,4,6,normal,mixed,mixed,,,4,9,,3,9,8,5,,0.006871126,FAIL
2989,,12:55.3,14:36.8,0 days 00:01:41.468789,3,96,96,,2,5,,,,,,,,,,,10,7,10,8,,,,,,,2,2,6,5,9,10,3,7,8,9,,,,,,,,,,,4,6,normal,mixed,mixed,,,4,10,,3,9,8,5,,0.008967523,FAIL
2990,,14:36.8,16:18.1,0 days 00:01:41.300904,3,96,96,,2,5,,,,,,,,,,,8,7,10,8,,,,,,,2,2,6,5,10,10,2,7,8,10,,,,,,,,,,,4,6,normal,mixed,mixed,,,4,10,,3,9,8,5,,0.009076569,FAIL
2991,,16:18.1,17:59.6,0 days 00:01:41.527809,3,96,96,,2,5,,,,,,,,,,,10,7,10,8,,,,,,,2,2,6,5,10,10,2,7,8,10,,,,,,,,,,,4,6,normal,mixed,mixed,,,4,10,,3,9,8,5,,0.008840424,FAIL
2992,,17:59.6,19:40.5,0 days 00:01:40.840679,3,96,96,,2,5,,,,,,,,,,,10,7,10,8,,,,,,,2,2,6,5,9,10,2,7,8,9,,,,,,,,,,,4,6,normal,mixed,mixed,,,4,10,,3,9,8,5,,0.006639464,FAIL
2993,,19:40.5,21:20.9,0 days 00:01:40.436387,3,96,96,,2,5,,,,,,,,,,,8,7,10,8,,,,,,,2,2,6,5,10,9,2,7,8,10,,,,,,,,,,,4,6,normal,mixed,mixed,,,4,10,,3,9,8,5,,0.008623773,FAIL
2994,,21:20.9,23:01.5,0 days 00:01:40.621575,3,96,96,,2,5,,,,,,,,,,,10,7,10,8,,,,,,,2,2,6,5,10,10,2,7,8,10,,,,,,,,,,,4,6,normal,mixed,mixed,,,4,10,,3,9,8,5,,0.006691729,FAIL
2995,,23:01.5,24:41.4,0 days 00:01:39.823723,3,96,96,,2,5,,,,,,,,,,,10,7,10,8,,,,,,,2,2,6,5,10,10,2,7,9,,,,,,,,,,,,4,6,normal,mixed,mixed,,,4,9,,3,9,8,5,,0.00679057,FAIL
2996,,24:41.4,26:22.6,0 days 00:01:41.265393,3,96,96,,2,5,,,,,,,,,,,10,7,10,8,,,,,,,2,2,6,5,10,10,3,7,8,10,,,,,,,,,,,4,6,normal,mixed,mixed,,,4,10,,3,9,8,6,,0.006816022,FAIL
2997,,26:22.6,28:03.7,0 days 00:01:41.066840,3,96,96,,2,5,,,,,,,,,,,10,7,10,8,,,,,,,2,2,6,5,10,10,2,7,8,10,,,,,,,,,,,4,6,normal,mixed,mixed,,,4,10,,3,9,8,5,,0.002596146,FAIL
2998,,28:03.7,29:44.5,0 days 00:01:40.766574,3,96,96,,2,5,,,,,,,,,,,10,7,10,8,,,,,,,2,2,6,5,8,9,2,7,8,10,,,,,,,,,,,4,6,normal,mixed,mixed,,,4,10,,3,9,8,5,,0.008949353,FAIL
2999,,29:44.5,31:23.9,0 days 00:01:39.467918,3,96,96,,2,5,,,,,,,,,,,10,7,10,8,,,,,,,2,2,6,5,9,10,2,7,8,,,,,,,,,,,,4,6,normal,mixed,mixed,,,4,9,,3,9,8,5,,0.006710691,FAIL
